"embedding","Dim","covariate","r2_grouped","p_grouped","n_grouped","n_groups","unit_grouped","r2_cell","p_cell","n_cells","per_cell_value","p_cell_adj"
"IterativeLSI","Dim1","CellType",0.899306077443701,0,834,91,"per pseudobulk, sample-adjusted",0.782597294473354,0,271299,TRUE,0
"IterativeLSI","Dim1","Cohort",0.505337215568498,6.79671278755018e-13,91,91,"per sample",0.0658579408531478,0,271299,FALSE,0
"IterativeLSI","Dim1","Control_status",0.0953855236565871,0.0289519301193658,91,91,"per sample",0.00920249292506048,0,271299,FALSE,0
"IterativeLSI","Dim1","Exposure_group",0.561147951980975,5.60617790129798e-09,91,91,"per sample",0.069612893781934,0,271299,FALSE,0
"IterativeLSI","Dim1","Age",0.00533029811561219,0.572803954109456,62,62,"per sample",0.00616700105740828,8.1260813531264e-212,155962,FALSE,2.70869378437547e-211
"IterativeLSI","Dim1","Sex_observed",0.0619763538805969,0.510350664011462,62,62,"per sample",0.000753663644247654,2.13706404812903e-27,155962,FALSE,3.56177341354839e-27
"IterativeLSI","Dim1","Sex_predicted",0.00130091149277527,0.815879541535239,91,91,"per sample",0.00159950964407082,1.89428312696737e-96,271299,FALSE,2.36785390870921e-96
"IterativeLSI","Dim1","Days_from_onset",5.08245557131797e-06,0.987602938191756,50,50,"per sample",0.000105736649279031,0.00020450152387468,130407,FALSE,0.00025562690484335
"IterativeLSI","Dim1","QC_nCells",0.00384535151392993,0.138378043026264,834,91,"per pseudobulk, sample-adjusted",0.00124423748137098,1.95472259740497e-75,271299,FALSE,2.17191399711664e-75
"IterativeLSI","Dim1","QC_meanTSS",0.54160420411589,1.251062306416e-112,834,91,"per pseudobulk, sample-adjusted",0.279911250998236,0,271299,TRUE,0
"IterativeLSI","Dim1","QC_meanLog10Frags",0.00132101538011843,0.326685933588393,834,91,"per pseudobulk, sample-adjusted",0.00687152990527052,0,271299,TRUE,0
"IterativeLSI","Dim1","QC_meanFRIP",0.00307082492713942,0.121627060024328,834,91,"per pseudobulk, sample-adjusted",0.0257706673098506,0,271299,TRUE,0
"IterativeLSI","Dim2","CellType",0.995649455790965,0,834,91,"per pseudobulk, sample-adjusted",0.987032019424275,0,271299,TRUE,0
"IterativeLSI","Dim2","Cohort",0.050916113340118,0.205927375045778,91,91,"per sample",0.00662887314196914,0,271299,FALSE,0
"IterativeLSI","Dim2","Control_status",0.00625999575681785,0.651390107537724,91,91,"per sample",0.00104301664443317,1.57369091654083e-63,271299,FALSE,2.62281819423472e-63
"IterativeLSI","Dim2","Exposure_group",0.20487438078762,0.12717869695333,91,91,"per sample",0.0142379051560887,0,271299,FALSE,0
"IterativeLSI","Dim2","Age",0.0168867015429733,0.44870402399744,62,62,"per sample",0.00267801540035242,5.94851042798702e-93,155962,FALSE,1.48712760699675e-92
"IterativeLSI","Dim2","Sex_observed",0.000607331521465883,0.870654208936376,62,62,"per sample",0.000383793155380386,1.01453988980155e-14,155962,FALSE,1.26817486225194e-14
"IterativeLSI","Dim2","Sex_predicted",0.00148519789104245,0.815879541535239,91,91,"per sample",6.98634260063902e-06,0.168596703329944,271299,FALSE,0.168596703329944
"IterativeLSI","Dim2","Days_from_onset",0.00398859326358665,0.987602938191756,50,50,"per sample",3.81758850114556e-08,0.943750237979804,130407,FALSE,0.943750237979804
"IterativeLSI","Dim2","QC_nCells",0.00360049610632081,0.138378043026264,834,91,"per pseudobulk, sample-adjusted",0.00485964326862317,2.26637569547677e-289,271299,FALSE,3.77729282579461e-289
"IterativeLSI","Dim2","QC_meanTSS",0.516302766101897,5.32336147681475e-134,834,91,"per pseudobulk, sample-adjusted",0.164834436486916,0,271299,TRUE,0
"IterativeLSI","Dim2","QC_meanLog10Frags",0.0375374175661686,3.29453657482188e-08,834,91,"per pseudobulk, sample-adjusted",0.00997859772779993,0,271299,TRUE,0
"IterativeLSI","Dim2","QC_meanFRIP",0.00471261180560501,0.0591175861382917,834,91,"per pseudobulk, sample-adjusted",0.000687670413466625,1.73249508515752e-42,271299,TRUE,2.47499297879645e-42
"IterativeLSI","Dim3","CellType",0.991722855300815,0,834,91,"per pseudobulk, sample-adjusted",0.969838531804101,0,271299,TRUE,0
"IterativeLSI","Dim3","Cohort",0.132842098358073,0.00659264272180846,91,91,"per sample",0.0181845950383075,0,271299,FALSE,0
"IterativeLSI","Dim3","Control_status",0.00896157004021297,0.651390107537724,91,91,"per sample",0.00283360735966405,1.94879439594923e-169,271299,FALSE,3.89758879189847e-169
"IterativeLSI","Dim3","Exposure_group",0.235282544642304,0.0602306217602594,91,91,"per sample",0.0204904631843497,0,271299,FALSE,0
"IterativeLSI","Dim3","Age",0.0111655380514136,0.459677267520766,62,62,"per sample",6.19572361200628e-05,0.00188004165449192,155962,FALSE,0.0023500520681149
"IterativeLSI","Dim3","Sex_observed",0.0370601748486711,0.66931757617553,62,62,"per sample",0.000332827766037617,5.7917847310548e-13,155962,FALSE,6.43531636783867e-13
"IterativeLSI","Dim3","Sex_predicted",0.00858518434679426,0.637275010579071,91,91,"per sample",0.000361488340535656,4.00145867674681e-23,271299,FALSE,4.44606519638534e-23
"IterativeLSI","Dim3","Days_from_onset",0.00141041366067742,0.987602938191756,50,50,"per sample",0.000402615497223735,4.27312952529107e-13,130407,FALSE,7.12188254215178e-13
"IterativeLSI","Dim3","QC_nCells",0.052667820851975,1.89989624696579e-10,834,91,"per pseudobulk, sample-adjusted",0.00444641615337235,6.79495537886135e-265,271299,FALSE,9.70707911265908e-265
"IterativeLSI","Dim3","QC_meanTSS",0.00121370300521918,0.314512808079261,834,91,"per pseudobulk, sample-adjusted",0.00191504774953057,4.13998135013095e-115,271299,TRUE,4.59997927792328e-115
"IterativeLSI","Dim3","QC_meanLog10Frags",0.00988874826857388,0.00573142992977097,834,91,"per pseudobulk, sample-adjusted",0.012942975900087,0,271299,TRUE,0
"IterativeLSI","Dim3","QC_meanFRIP",0.0179948099291267,0.000201100135342156,834,91,"per pseudobulk, sample-adjusted",0.0199470780269537,0,271299,TRUE,0
"IterativeLSI","Dim4","CellType",0.882072194791732,0,834,91,"per pseudobulk, sample-adjusted",0.785874510311933,0,271299,TRUE,0
"IterativeLSI","Dim4","Cohort",0.816015079328435,3.54288768047494e-31,91,91,"per sample",0.0524387417810098,0,271299,FALSE,0
"IterativeLSI","Dim4","Control_status",0.0316018364967405,0.306100276892791,91,91,"per sample",0.0150953508453994,0,271299,FALSE,0
"IterativeLSI","Dim4","Exposure_group",0.833834978644262,5.2547852286535e-24,91,91,"per sample",0.056868266409549,0,271299,FALSE,0
"IterativeLSI","Dim4","Age",0.0352121894735213,0.288311004871893,62,62,"per sample",2.7054178658779e-05,0.0399639779997225,155962,FALSE,0.0444044199996916
"IterativeLSI","Dim4","Sex_observed",0.00140847694777706,0.870654208936376,62,62,"per sample",0.00257551822349986,1.83308278370002e-89,155962,FALSE,6.11027594566672e-89
"IterativeLSI","Dim4","Sex_predicted",0.000384330909686851,0.853663489246193,91,91,"per sample",0.00554291009248484,0,271299,FALSE,0
"IterativeLSI","Dim4","Days_from_onset",0.00531335966310251,0.987602938191756,50,50,"per sample",0.000998179343557037,3.64560595519364e-30,130407,FALSE,7.29121191038728e-30
"IterativeLSI","Dim4","QC_nCells",0.000247969337644412,0.64945802553289,834,91,"per pseudobulk, sample-adjusted",7.81492454386785e-06,0.145370411246705,271299,FALSE,0.145370411246705
"IterativeLSI","Dim4","QC_meanTSS",0.0228159620505428,1.45141230142954e-05,834,91,"per pseudobulk, sample-adjusted",0.000438055793830823,1.11877208580233e-27,271299,TRUE,1.11877208580233e-27
"IterativeLSI","Dim4","QC_meanLog10Frags",0.0138224048286328,0.00110246652411846,834,91,"per pseudobulk, sample-adjusted",0.00508304428082136,1.31512541422491e-302,271299,TRUE,1.31512541422491e-302
"IterativeLSI","Dim4","QC_meanFRIP",0.0068441493715227,0.0239501387212929,834,91,"per pseudobulk, sample-adjusted",0.000590016483251439,1.06699497987047e-36,271299,TRUE,1.33374372483809e-36
"IterativeLSI","Dim5","CellType",0.114407375462206,2.61451164423735e-235,834,91,"per pseudobulk, sample-adjusted",0.162716246679739,0,271299,TRUE,0
"IterativeLSI","Dim5","Cohort",0.950262964839673,1.4796793249017e-55,91,91,"per sample",0.658075587874209,0,271299,FALSE,0
"IterativeLSI","Dim5","Control_status",0.0579760045574688,0.107496726263758,91,91,"per sample",0.0999206074687029,0,271299,FALSE,0
"IterativeLSI","Dim5","Exposure_group",0.960734218155711,1.69457685066315e-47,91,91,"per sample",0.663551836064903,0,271299,FALSE,0
"IterativeLSI","Dim5","Age",0.090462870583853,0.0584395962092063,62,62,"per sample",0.0354415321207533,0,155962,FALSE,0
"IterativeLSI","Dim5","Sex_observed",0.000445478387714567,0.870654208936376,62,62,"per sample",0.00259843551941096,3.04180362711332e-90,155962,FALSE,1.52090181355666e-89
"IterativeLSI","Dim5","Sex_predicted",0.0125818026430158,0.579587945505542,91,91,"per sample",0.0275263492044227,0,271299,FALSE,0
"IterativeLSI","Dim5","Days_from_onset",0.00212966981790923,0.987602938191756,50,50,"per sample",0.00649366348411105,9.04236747815276e-187,130407,FALSE,4.52118373907638e-186
"IterativeLSI","Dim5","QC_nCells",0.00233512748784147,0.0052652884513396,834,91,"per pseudobulk, sample-adjusted",0.109495990097945,0,271299,FALSE,0
"IterativeLSI","Dim5","QC_meanTSS",0.00658010941802161,0.00207912993714627,834,91,"per pseudobulk, sample-adjusted",0.317416008421332,0,271299,TRUE,0
"IterativeLSI","Dim5","QC_meanLog10Frags",0.0619209954178295,2.31645150293432e-10,834,91,"per pseudobulk, sample-adjusted",0.229210703200512,0,271299,TRUE,0
"IterativeLSI","Dim5","QC_meanFRIP",0.391085884435533,1.51836491773548e-34,834,91,"per pseudobulk, sample-adjusted",0.370379620671608,0,271299,TRUE,0
"IterativeLSI","Dim6","CellType",0.399367229331759,3.98213709334031e-270,834,91,"per pseudobulk, sample-adjusted",0.221692289698235,0,271299,TRUE,0
"IterativeLSI","Dim6","Cohort",0.429813858712216,2.43302344256443e-10,91,91,"per sample",0.170238092307642,0,271299,FALSE,0
"IterativeLSI","Dim6","Control_status",0.00676940588167364,0.651390107537724,91,91,"per sample",0.0241268275353357,0,271299,FALSE,0
"IterativeLSI","Dim6","Exposure_group",0.536982052529407,2.33818936348962e-08,91,91,"per sample",0.206637317620446,0,271299,FALSE,0
"IterativeLSI","Dim6","Age",0.251326753220035,0.000331771225698583,62,62,"per sample",0.0603631474359484,0,155962,FALSE,0
"IterativeLSI","Dim6","Sex_observed",0.000691268869987462,0.870654208936376,62,62,"per sample",0.00115077535059594,5.99276466582352e-41,155962,FALSE,1.1985529331647e-40
"IterativeLSI","Dim6","Sex_predicted",0.0407371862358766,0.440797641091524,91,91,"per sample",0.0223627412880686,0,271299,FALSE,0
"IterativeLSI","Dim6","Days_from_onset",0.00850496941762574,0.987602938191756,50,50,"per sample",0.0130259417154023,0,130407,FALSE,0
"IterativeLSI","Dim6","QC_nCells",0.000432462644788832,0.5062425109381,834,91,"per pseudobulk, sample-adjusted",0.0799150632313005,0,271299,FALSE,0
"IterativeLSI","Dim6","QC_meanTSS",0.0430539907053044,7.23590422989536e-06,834,91,"per pseudobulk, sample-adjusted",0.0410464481836575,0,271299,TRUE,0
"IterativeLSI","Dim6","QC_meanLog10Frags",0.497159951403097,4.18317327077919e-65,834,91,"per pseudobulk, sample-adjusted",0.418300173609092,0,271299,TRUE,0
"IterativeLSI","Dim6","QC_meanFRIP",0.437791294042892,1.49529740517437e-45,834,91,"per pseudobulk, sample-adjusted",0.320587897521272,0,271299,TRUE,0
"IterativeLSI","Dim7","CellType",0.906917014476797,0,834,91,"per pseudobulk, sample-adjusted",0.619830226803093,0,271299,TRUE,0
"IterativeLSI","Dim7","Cohort",0.18303460376892,0.000729116050413843,91,91,"per sample",0.00718852643730299,0,271299,FALSE,0
"IterativeLSI","Dim7","Control_status",0.00285566374295428,0.683229066033654,91,91,"per sample",1.27910291235967e-05,0.0624843739708608,271299,FALSE,0.0694270821898453
"IterativeLSI","Dim7","Exposure_group",0.318664622313067,0.00399161288323335,91,91,"per sample",0.0120226639740403,0,271299,FALSE,0
"IterativeLSI","Dim7","Age",0.174973671114466,0.00358206919144826,62,62,"per sample",0.000102164859041602,6.55761922987002e-05,155962,FALSE,9.36802747124289e-05
"IterativeLSI","Dim7","Sex_observed",0.001486161607353,0.870654208936376,62,62,"per sample",0.000678990173544419,7.63503641757743e-25,155962,FALSE,1.09071948822535e-24
"IterativeLSI","Dim7","Sex_predicted",0.0186923415412892,0.514010631059144,91,91,"per sample",0.00664806531522561,0,271299,FALSE,0
"IterativeLSI","Dim7","Days_from_onset",0.00540074342433489,0.987602938191756,50,50,"per sample",0.00155244703317163,5.64589513650225e-46,130407,FALSE,1.41147378412556e-45
"IterativeLSI","Dim7","QC_nCells",0.018175558172789,0.000463540227979026,834,91,"per pseudobulk, sample-adjusted",0.00731040478075987,0,271299,FALSE,0
"IterativeLSI","Dim7","QC_meanTSS",0.0265004362331505,3.74182262684236e-06,834,91,"per pseudobulk, sample-adjusted",0.0115334590723857,0,271299,TRUE,0
"IterativeLSI","Dim7","QC_meanLog10Frags",0.0640588735735598,5.58654345546535e-13,834,91,"per pseudobulk, sample-adjusted",0.0634845586867998,0,271299,TRUE,0
"IterativeLSI","Dim7","QC_meanFRIP",0.0526291785448785,4.83287733798648e-11,834,91,"per pseudobulk, sample-adjusted",0.0503566375523588,0,271299,TRUE,0
"IterativeLSI","Dim8","CellType",0.747190274913116,2.39047594265341e-293,834,91,"per pseudobulk, sample-adjusted",0.393477943515164,0,271299,TRUE,0
"IterativeLSI","Dim8","Cohort",0.172384971278821,0.00109118724664755,91,91,"per sample",0.0229647525463067,0,271299,FALSE,0
"IterativeLSI","Dim8","Control_status",0.0041491302872733,0.680142112970754,91,91,"per sample",5.57691451500766e-09,0.968972295407824,271299,FALSE,0.968972295407824
"IterativeLSI","Dim8","Exposure_group",0.301560838004464,0.0068972674088054,91,91,"per sample",0.0342261287961976,0,271299,FALSE,0
"IterativeLSI","Dim8","Age",0.0741227734591966,0.0807397632970177,62,62,"per sample",4.6248039796923e-06,0.395723127297034,155962,FALSE,0.395723127297034
"IterativeLSI","Dim8","Sex_observed",0.0131898800408238,0.870654208936376,62,62,"per sample",2.62272358144958e-06,0.522457575355075,155962,FALSE,0.522457575355075
"IterativeLSI","Dim8","Sex_predicted",0.0179396442023938,0.514010631059144,91,91,"per sample",0.00388582436818934,1.05878088600227e-231,271299,FALSE,1.51254412286038e-231
"IterativeLSI","Dim8","Days_from_onset",0.00276002709607053,0.987602938191756,50,50,"per sample",0.00245845134179979,8.8252675111528e-72,130407,FALSE,2.94175583705093e-71
"IterativeLSI","Dim8","QC_nCells",0.00117778058142859,0.421878359611134,834,91,"per pseudobulk, sample-adjusted",0.00299566356892174,5.04492933865702e-179,271299,FALSE,6.30616167332128e-179
"IterativeLSI","Dim8","QC_meanTSS",0.046530420999495,1.93159735874853e-09,834,91,"per pseudobulk, sample-adjusted",0.0256660712474687,0,271299,TRUE,0
"IterativeLSI","Dim8","QC_meanLog10Frags",0.0452539984502965,4.05110104771454e-09,834,91,"per pseudobulk, sample-adjusted",0.0263028731903115,0,271299,TRUE,0
"IterativeLSI","Dim8","QC_meanFRIP",0.0590688804218555,1.0865326916395e-11,834,91,"per pseudobulk, sample-adjusted",0.0275063978355337,0,271299,TRUE,0
"IterativeLSI","Dim9","CellType",0.571004032771644,1.78400472698436e-150,834,91,"per pseudobulk, sample-adjusted",0.265330916799592,0,271299,TRUE,0
"IterativeLSI","Dim9","Cohort",0.560183749696989,5.73511205829878e-15,91,91,"per sample",0.0425253862545201,0,271299,FALSE,0
"IterativeLSI","Dim9","Control_status",0.00129765028500935,0.734612473163329,91,91,"per sample",0.000439676694045796,8.9623341923218e-28,271299,FALSE,1.28033345604597e-27
"IterativeLSI","Dim9","Exposure_group",0.667688346690447,4.17809930240143e-13,91,91,"per sample",0.0555430942195939,0,271299,FALSE,0
"IterativeLSI","Dim9","Age",0.012372972576076,0.459677267520766,62,62,"per sample",0.00173627871642497,6.78612786677591e-61,155962,FALSE,1.35722557335518e-60
"IterativeLSI","Dim9","Sex_observed",0.000959526873588815,0.870654208936376,62,62,"per sample",0.00268266016895753,4.13342352271532e-93,155962,FALSE,4.13342352271532e-92
"IterativeLSI","Dim9","Sex_predicted",0.00388341777805467,0.796178044383669,91,91,"per sample",0.00399561611264213,3.35114231417049e-238,271299,FALSE,5.58523719028416e-238
"IterativeLSI","Dim9","Days_from_onset",0.0101884541192035,0.987602938191756,50,50,"per sample",0.000285763414633824,1.0284625316312e-09,130407,FALSE,1.46923218804457e-09
"IterativeLSI","Dim9","QC_nCells",0.00277556675823218,0.186373361722172,834,91,"per pseudobulk, sample-adjusted",0.015165527498405,0,271299,FALSE,0
"IterativeLSI","Dim9","QC_meanTSS",0.139593455468829,1.49377346713056e-28,834,91,"per pseudobulk, sample-adjusted",0.0716211749281407,0,271299,TRUE,0
"IterativeLSI","Dim9","QC_meanLog10Frags",0.000884041372199893,0.402722798736078,834,91,"per pseudobulk, sample-adjusted",0.00714440970923609,0,271299,TRUE,0
"IterativeLSI","Dim9","QC_meanFRIP",0.00149109564625594,0.264891599101974,834,91,"per pseudobulk, sample-adjusted",2.9342969126716e-05,0.00478022951037643,271299,TRUE,0.00531136612264047
"IterativeLSI","Dim10","CellType",0.334926030828731,1.83502440125175e-66,834,91,"per pseudobulk, sample-adjusted",0.118563698504954,0,271299,TRUE,0
"IterativeLSI","Dim10","Cohort",0.417804569505912,4.95326734102416e-10,91,91,"per sample",0.0228326827276837,0,271299,FALSE,0
"IterativeLSI","Dim10","Control_status",0.0241717787533032,0.352837495264876,91,91,"per sample",2.58251262669167e-05,0.00812207923211731,271299,FALSE,0.0101525990401466
"IterativeLSI","Dim10","Exposure_group",0.53723107557296,2.33818936348962e-08,91,91,"per sample",0.0272304591572158,0,271299,FALSE,0
"IterativeLSI","Dim10","Age",0.0270375319322298,0.335948170855538,62,62,"per sample",0.000142371338938077,2.44939962496089e-06,155962,FALSE,4.08233270826815e-06
"IterativeLSI","Dim10","Sex_observed",0.00588048922753431,0.870654208936376,62,62,"per sample",0.00198430625906939,2.44004689440644e-69,155962,FALSE,6.1001172360161e-69
"IterativeLSI","Dim10","Sex_predicted",0.0323200907608405,0.440797641091524,91,91,"per sample",0.00737063677586975,0,271299,FALSE,0
"IterativeLSI","Dim10","Days_from_onset",0.000236903193242398,0.987602938191756,50,50,"per sample",2.23545172838733e-06,0.589252406101513,130407,FALSE,0.654724895668348
"IterativeLSI","Dim10","QC_nCells",0.013419427834083,0.0052652884513396,834,91,"per pseudobulk, sample-adjusted",0.00880223585247972,0,271299,FALSE,0
"IterativeLSI","Dim10","QC_meanTSS",0.0495386516444711,1.93159735874853e-09,834,91,"per pseudobulk, sample-adjusted",0.0247960198848197,0,271299,TRUE,0
"IterativeLSI","Dim10","QC_meanLog10Frags",0.00379504230346929,0.111495928139366,834,91,"per pseudobulk, sample-adjusted",0.00786612983686744,0,271299,TRUE,0
"IterativeLSI","Dim10","QC_meanFRIP",0.0210399229317736,0.000721169147871295,834,91,"per pseudobulk, sample-adjusted",3.75532675002938e-06,0.312801704153658,271299,TRUE,0.312801704153658
"Harmony","Dim1","CellType",0.93780245150332,0,834,91,"per pseudobulk, sample-adjusted",0.833355071045764,0,271299,TRUE,0
"Harmony","Dim1","Cohort",0.161255393484892,0.00757729532848977,91,91,"per sample",0.00601713500692714,0,271299,FALSE,0
"Harmony","Dim1","Control_status",0.00158668072923638,0.809066584127628,91,91,"per sample",7.29749080557806e-05,8.60474988961316e-06,271299,FALSE,9.56083321068129e-06
"Harmony","Dim1","Exposure_group",0.246595376607283,0.0753354238516079,91,91,"per sample",0.0099793743597931,0,271299,FALSE,0
"Harmony","Dim1","Age",0.0104680108573439,0.570967873546704,62,62,"per sample",0.00303993232594777,2.85155353910391e-105,155962,FALSE,1.42577676955196e-104
"Harmony","Dim1","Sex_observed",0.13768092779363,0.0149385752641424,62,62,"per sample",2.63732194839368e-06,0.52130233330417,155962,FALSE,0.52130233330417
"Harmony","Dim1","Sex_predicted",0.000313270974213343,0.86774689229897,91,91,"per sample",0.000600892439953602,2.41626300634553e-37,271299,FALSE,3.02032875793191e-37
"Harmony","Dim1","Days_from_onset",0.00160834218084595,0.901390554643716,50,50,"per sample",2.14296584043824e-05,0.0945850907903868,130407,FALSE,0.105094545322652
"Harmony","Dim1","QC_nCells",0.00462183718204613,0.098964010450446,834,91,"per pseudobulk, sample-adjusted",0.00101498578641468,7.17515617313864e-62,271299,FALSE,8.96894521642329e-62
"Harmony","Dim1","QC_meanTSS",0.455264529185583,2.16416750702921e-75,834,91,"per pseudobulk, sample-adjusted",0.149515622563307,0,271299,TRUE,0
"Harmony","Dim1","QC_meanLog10Frags",0.0334201725038863,2.06145664514452e-07,834,91,"per pseudobulk, sample-adjusted",0.00123178832669796,1.06552113155997e-74,271299,TRUE,1.18391236839997e-74
"Harmony","Dim1","QC_meanFRIP",0.0186607424071614,0.000186402165711247,834,91,"per pseudobulk, sample-adjusted",6.85255567074445e-05,1.61951139656042e-05,271299,TRUE,1.61951139656042e-05
"Harmony","Dim2","CellType",0.996289824954484,0,834,91,"per pseudobulk, sample-adjusted",0.987495377310825,0,271299,TRUE,0
"Harmony","Dim2","Cohort",0.046645138601163,0.346746452302946,91,91,"per sample",0.00696992370320654,0,271299,FALSE,0
"Harmony","Dim2","Control_status",0.00677029218143755,0.730188288874924,91,91,"per sample",0.000964737667596519,6.75920968833602e-59,271299,FALSE,1.3518419376672e-58
"Harmony","Dim2","Exposure_group",0.200245259753394,0.178943875649255,91,91,"per sample",0.0145805679958932,0,271299,FALSE,0
"Harmony","Dim2","Age",0.00926378558602039,0.570967873546704,62,62,"per sample",0.00282544251999725,5.70479082946774e-98,155962,FALSE,1.90159694315591e-97
"Harmony","Dim2","Sex_observed",3.82108937865283e-06,0.987969497523275,62,62,"per sample",0.000412978312056089,1.00471557354721e-15,155962,FALSE,1.67452595591202e-15
"Harmony","Dim2","Sex_predicted",0.00388116577967721,0.853233109022887,91,91,"per sample",1.42950159700018e-06,0.533448031270087,271299,FALSE,0.533448031270087
"Harmony","Dim2","Days_from_onset",0.00420324783856562,0.901390554643716,50,50,"per sample",6.83143238917688e-07,0.765343648995242,130407,FALSE,0.765343648995242
"Harmony","Dim2","QC_nCells",0.00338119497872959,0.132886074646028,834,91,"per pseudobulk, sample-adjusted",0.00465806452376667,1.97963546520808e-277,271299,FALSE,3.95927093041616e-277
"Harmony","Dim2","QC_meanTSS",0.51647523493257,6.56660758996085e-130,834,91,"per pseudobulk, sample-adjusted",0.166323312329155,0,271299,TRUE,0
"Harmony","Dim2","QC_meanLog10Frags",0.0352866949846422,1.1223700777294e-07,834,91,"per pseudobulk, sample-adjusted",0.00930192943283146,0,271299,TRUE,0
"Harmony","Dim2","QC_meanFRIP",0.00429620981016591,0.0647246125885838,834,91,"per pseudobulk, sample-adjusted",0.00086177155015152,8.42621385764898e-53,271299,TRUE,9.3624598418322e-53
"Harmony","Dim3","CellType",0.991902702849771,0,834,91,"per pseudobulk, sample-adjusted",0.97026484203896,0,271299,TRUE,0
"Harmony","Dim3","Cohort",0.0507563086707681,0.34534744488736,91,91,"per sample",0.00577369309260026,0,271299,FALSE,0
"Harmony","Dim3","Control_status",0.0367039880766287,0.172198296777347,91,91,"per sample",0.000556295362970863,1.06777516653461e-34,271299,FALSE,1.52539309504944e-34
"Harmony","Dim3","Exposure_group",0.161952919600896,0.336469896624729,91,91,"per sample",0.00803402928464487,0,271299,FALSE,0
"Harmony","Dim3","Age",0.0111693108375193,0.570967873546704,62,62,"per sample",0.000123239771876182,1.16389127408412e-05,155962,FALSE,1.29321252676014e-05
"Harmony","Dim3","Sex_observed",0.0450531701279772,0.244185882522289,62,62,"per sample",4.41205782756772e-05,0.00871082730395241,155962,FALSE,0.0108885341299405
"Harmony","Dim3","Sex_predicted",0.00988875315594578,0.829363515380039,91,91,"per sample",0.000356544495335691,7.87958895743594e-23,271299,FALSE,8.75509884159549e-23
"Harmony","Dim3","Days_from_onset",0.00119986631797943,0.901390554643716,50,50,"per sample",0.000325331139063123,7.31997801697515e-11,130407,FALSE,1.04571114528216e-10
"Harmony","Dim3","QC_nCells",0.0527944361466184,8.97442198742818e-11,834,91,"per pseudobulk, sample-adjusted",0.00291921856226697,1.67994347590555e-174,271299,FALSE,2.79990579317592e-174
"Harmony","Dim3","QC_meanTSS",3.68609166975088e-05,0.86089855972766,834,91,"per pseudobulk, sample-adjusted",1.90692765961732e-05,0.0229342634942483,271299,TRUE,0.0229342634942483
"Harmony","Dim3","QC_meanLog10Frags",0.0053034142066501,0.0441531983839861,834,91,"per pseudobulk, sample-adjusted",0.00736961479408192,0,271299,TRUE,0
"Harmony","Dim3","QC_meanFRIP",0.00981691787439833,0.00592545068555627,834,91,"per pseudobulk, sample-adjusted",0.0111438026314097,0,271299,TRUE,0
"Harmony","Dim4","CellType",0.944687799793,0,834,91,"per pseudobulk, sample-adjusted",0.816849413682131,0,271299,TRUE,0
"Harmony","Dim4","Cohort",0.252004542152952,0.000127219138117504,91,91,"per sample",0.000333968419657988,1.61266126153645e-19,271299,FALSE,2.30380180219492e-19
"Harmony","Dim4","Control_status",0.0384194181780745,0.172198296777347,91,91,"per sample",1.37468393298218e-06,0.541402160311284,271299,FALSE,0.541402160311284
"Harmony","Dim4","Exposure_group",0.310144655270689,0.0322135953839591,91,91,"per sample",0.00460612015360886,8.98199974832586e-260,271299,FALSE,8.98199974832586e-260
"Harmony","Dim4","Age",0.0558437321266556,0.214789001796776,62,62,"per sample",2.12949236692823e-07,0.855394291773634,155962,FALSE,0.855394291773634
"Harmony","Dim4","Sex_observed",0.00340260012193543,0.838390832605825,62,62,"per sample",2.68940461869506e-05,0.0405567844226077,155962,FALSE,0.0450630938028975
"Harmony","Dim4","Sex_predicted",0.0224572012770714,0.781237939203405,91,91,"per sample",0.00216718753367112,5.08100052763102e-130,271299,FALSE,1.0162001055262e-129
"Harmony","Dim4","Days_from_onset",0.00968849102473518,0.901390554643716,50,50,"per sample",0.00105664718432294,7.80270965245209e-32,130407,FALSE,2.60090321748403e-31
"Harmony","Dim4","QC_nCells",0.00157442707608301,0.314920803207625,834,91,"per pseudobulk, sample-adjusted",0.000136388584717939,1.17870881838323e-09,271299,FALSE,1.30967646487026e-09
"Harmony","Dim4","QC_meanTSS",0.00749346103807612,0.0175864921568381,834,91,"per pseudobulk, sample-adjusted",0.0178165494193038,0,271299,TRUE,0
"Harmony","Dim4","QC_meanLog10Frags",0.000310179373233459,0.61120803254166,834,91,"per pseudobulk, sample-adjusted",0.000877551459831126,9.80165304215932e-54,271299,TRUE,9.80165304215932e-54
"Harmony","Dim4","QC_meanFRIP",0.0115619905094378,0.00309240639328194,834,91,"per pseudobulk, sample-adjusted",0.0227074210653511,0,271299,TRUE,0
"Harmony","Dim5","CellType",0.681628033052235,5.96560296694774e-312,834,91,"per pseudobulk, sample-adjusted",0.368110137858718,0,271299,TRUE,0
"Harmony","Dim5","Cohort",0.103507646036386,0.0756727072373196,91,91,"per sample",0.000847030220974759,1.45874233812878e-49,271299,FALSE,2.91748467625755e-49
"Harmony","Dim5","Control_status",0.000280764931932109,0.874737443920038,91,91,"per sample",0.000635895249749682,2.03072878669778e-39,271299,FALSE,3.38454797782963e-39
"Harmony","Dim5","Exposure_group",0.290524611225436,0.0322135953839591,91,91,"per sample",0.0155175911020356,0,271299,FALSE,0
"Harmony","Dim5","Age",0.0112276329496025,0.570967873546704,62,62,"per sample",0.000428837649595874,2.8626586245344e-16,155962,FALSE,5.7253172490688e-16
"Harmony","Dim5","Sex_observed",0.169589100200582,0.00882582292905786,62,62,"per sample",0.00140744943437947,1.07301598779527e-49,155962,FALSE,2.68253996948816e-49
"Harmony","Dim5","Sex_predicted",0.0261044831488315,0.781237939203405,91,91,"per sample",0.00321751970224976,3.77393169801848e-192,271299,FALSE,1.88696584900924e-191
"Harmony","Dim5","Days_from_onset",0.00313748196488224,0.901390554643716,50,50,"per sample",0.000307448950715823,2.41425982240643e-10,130407,FALSE,3.01782477800803e-10
"Harmony","Dim5","QC_nCells",0.00659108524822492,0.0496095439638654,834,91,"per pseudobulk, sample-adjusted",0.00713266611169797,0,271299,FALSE,0
"Harmony","Dim5","QC_meanTSS",0.106137799017732,1.2596688417719e-13,834,91,"per pseudobulk, sample-adjusted",0.00478988206687781,3.07695558150768e-285,271299,TRUE,3.41883953500853e-285
"Harmony","Dim5","QC_meanLog10Frags",0.0466664056862148,4.69396843508377e-06,834,91,"per pseudobulk, sample-adjusted",0.00769382181282209,0,271299,TRUE,0
"Harmony","Dim5","QC_meanFRIP",0.0131156657194431,0.0171494282742629,834,91,"per pseudobulk, sample-adjusted",0.0090951122713544,0,271299,TRUE,0
"Harmony","Dim6","CellType",0.537158324996546,4.10896091484198e-283,834,91,"per pseudobulk, sample-adjusted",0.231346612565697,0,271299,TRUE,0
"Harmony","Dim6","Cohort",0.069781515335171,0.241640504688434,91,91,"per sample",8.50634432503049e-05,3.8893307996619e-05,271299,FALSE,3.8893307996619e-05
"Harmony","Dim6","Control_status",0.00136410688175682,0.809066584127628,91,91,"per sample",0.00188291240774915,3.29153657087464e-113,271299,FALSE,1.09717885695821e-112
"Harmony","Dim6","Exposure_group",0.241231847214065,0.0753354238516079,91,91,"per sample",0.0432964282678868,0,271299,FALSE,0
"Harmony","Dim6","Age",0.0339731398703333,0.37885531120292,62,62,"per sample",0.00982105886862755,0,155962,FALSE,0
"Harmony","Dim6","Sex_observed",0.0562671355561345,0.211345865511013,62,62,"per sample",0.00474676251121737,2.13157771262577e-163,155962,FALSE,2.13157771262577e-162
"Harmony","Dim6","Sex_predicted",0.00175145648415584,0.853233109022887,91,91,"per sample",0.00672020347254872,0,271299,FALSE,0
"Harmony","Dim6","Days_from_onset",0.00363491417226261,0.901390554643716,50,50,"per sample",0.00398580049901068,2.82761361438366e-115,130407,FALSE,2.82761361438366e-114
"Harmony","Dim6","QC_nCells",0.000239912337129583,0.634869635112227,834,91,"per pseudobulk, sample-adjusted",0.0262226849320948,0,271299,FALSE,0
"Harmony","Dim6","QC_meanTSS",0.00307236287444512,0.238431806520552,834,91,"per pseudobulk, sample-adjusted",0.00530733694409933,6.7174696812078e-316,271299,TRUE,8.39683710150975e-316
"Harmony","Dim6","QC_meanLog10Frags",0.329899012484365,3.45417404737041e-37,834,91,"per pseudobulk, sample-adjusted",0.228828507220935,0,271299,TRUE,0
"Harmony","Dim6","QC_meanFRIP",0.186084259808516,1.17066689262973e-13,834,91,"per pseudobulk, sample-adjusted",0.106429412248793,0,271299,TRUE,0
"Harmony","Dim7","CellType",0.916058567642191,0,834,91,"per pseudobulk, sample-adjusted",0.608838398199458,0,271299,TRUE,0
"Harmony","Dim7","Cohort",0.0174227998055411,0.673556318960024,91,91,"per sample",0.000302531307929078,1.09430205518339e-17,271299,FALSE,1.36787756897924e-17
"Harmony","Dim7","Control_status",0.0082549825893309,0.730188288874924,91,91,"per sample",0.00027473963296103,5.92374274770581e-18,271299,FALSE,7.40467843463226e-18
"Harmony","Dim7","Exposure_group",0.18207035160962,0.245470015581413,91,91,"per sample",0.00537126328589199,1.04775173139663e-304,271299,FALSE,1.1641685904407e-304
"Harmony","Dim7","Age",0.0899233354077757,0.0894422424537157,62,62,"per sample",0.000398009942919093,3.28815959607744e-15,155962,FALSE,5.4802659934624e-15
"Harmony","Dim7","Sex_observed",0.00211922713692372,0.838390832605825,62,62,"per sample",0.00148036834301572,3.52103006582827e-52,155962,FALSE,1.17367668860942e-51
"Harmony","Dim7","Sex_predicted",0.000983567084358361,0.853233109022887,91,91,"per sample",0.0026497607368588,1.46127020748058e-158,271299,FALSE,4.87090069160192e-158
"Harmony","Dim7","Days_from_onset",0.00251913889605664,0.901390554643716,50,50,"per sample",0.000487123947448723,1.5725250119646e-15,130407,FALSE,3.93131252991151e-15
"Harmony","Dim7","QC_nCells",0.0150841905499106,0.00124455696278149,834,91,"per pseudobulk, sample-adjusted",0.00215472964059906,2.77139294450332e-129,271299,FALSE,3.95913277786189e-129
"Harmony","Dim7","QC_meanTSS",0.0434342231234795,2.37359011246418e-09,834,91,"per pseudobulk, sample-adjusted",0.0202591906165392,0,271299,TRUE,0
"Harmony","Dim7","QC_meanLog10Frags",0.0353584181772022,1.1223700777294e-07,834,91,"per pseudobulk, sample-adjusted",0.0433370476072038,0,271299,TRUE,0
"Harmony","Dim7","QC_meanFRIP",0.0297260258445102,1.87464507580331e-06,834,91,"per pseudobulk, sample-adjusted",0.0306307383368115,0,271299,TRUE,0
"Harmony","Dim8","CellType",0.758779074405966,7.89512998498252e-285,834,91,"per pseudobulk, sample-adjusted",0.391556909922578,0,271299,TRUE,0
"Harmony","Dim8","Cohort",0.0545981333643222,0.34534744488736,91,91,"per sample",0.000467979215716194,2.40766984408496e-27,271299,FALSE,4.01278307347493e-27
"Harmony","Dim8","Control_status",0.00362528471467125,0.809066584127628,91,91,"per sample",0.00153837208992037,7.82035824110118e-93,271299,FALSE,1.9550895602753e-92
"Harmony","Dim8","Exposure_group",0.209600089541319,0.160495778849415,91,91,"per sample",0.0111872271125762,0,271299,FALSE,0
"Harmony","Dim8","Age",0.161816271243731,0.0119085034818347,62,62,"per sample",0.0014363758855495,1.10968874275752e-50,155962,FALSE,2.77422185689381e-50
"Harmony","Dim8","Sex_observed",0.00164137769630261,0.838390832605825,62,62,"per sample",0.000518688589147771,2.35590574391118e-19,155962,FALSE,4.71181148782236e-19
"Harmony","Dim8","Sex_predicted",0.0121025982455336,0.829363515380039,91,91,"per sample",0.00134308748966815,2.77742817135152e-81,271299,FALSE,4.62904695225253e-81
"Harmony","Dim8","Days_from_onset",0.00186657570450598,0.901390554643716,50,50,"per sample",0.00170833389752922,2.04021366705909e-50,130407,FALSE,1.02010683352954e-49
"Harmony","Dim8","QC_nCells",0.000270689413490786,0.634869635112227,834,91,"per pseudobulk, sample-adjusted",5.44862362715945e-05,0.000120660981752288,271299,FALSE,0.000120660981752288
"Harmony","Dim8","QC_meanTSS",0.0206222028669235,5.15957075618928e-05,834,91,"per pseudobulk, sample-adjusted",0.00953785717653732,0,271299,TRUE,0
"Harmony","Dim8","QC_meanLog10Frags",0.020968261733006,3.78807852844435e-05,834,91,"per pseudobulk, sample-adjusted",0.0138109641848042,0,271299,TRUE,0
"Harmony","Dim8","QC_meanFRIP",0.0296087517476888,1.87464507580331e-06,834,91,"per pseudobulk, sample-adjusted",0.00930008819065772,0,271299,TRUE,0
"Harmony","Dim9","CellType",0.816895133759602,0,834,91,"per pseudobulk, sample-adjusted",0.322069969701913,0,271299,TRUE,0
"Harmony","Dim9","Cohort",0.027750315907229,0.535698003786721,91,91,"per sample",0.00149334648333878,1.46750361471856e-87,271299,FALSE,3.66875903679639e-87
"Harmony","Dim9","Control_status",0.107541020072556,0.00886921009755822,91,91,"per sample",0.00270003246032988,1.55288758591147e-161,271299,FALSE,7.76443792955738e-161
"Harmony","Dim9","Exposure_group",0.254348331276713,0.0744549098510654,91,91,"per sample",0.0141090091719875,0,271299,FALSE,0
"Harmony","Dim9","Age",0.00532057229421591,0.573155251054089,62,62,"per sample",0.000368202107447743,3.49301281419922e-14,155962,FALSE,4.99001830599889e-14
"Harmony","Dim9","Sex_observed",0.0116694617719205,0.672177024660327,62,62,"per sample",0.00157799912569797,1.66517411718071e-55,155962,FALSE,8.32587058590355e-55
"Harmony","Dim9","Sex_predicted",0.00300791390725812,0.853233109022887,91,91,"per sample",0.00218329922473387,5.66389124300773e-131,271299,FALSE,1.41597281075193e-130
"Harmony","Dim9","Days_from_onset",0.0230309719615879,0.901390554643716,50,50,"per sample",0.000388098330312109,1.12120185894971e-12,130407,FALSE,2.24240371789941e-12
"Harmony","Dim9","QC_nCells",0.00343690794210297,0.132886074646028,834,91,"per pseudobulk, sample-adjusted",0.0162764059087132,0,271299,FALSE,0
"Harmony","Dim9","QC_meanTSS",0.450803024678538,5.41225301443342e-57,834,91,"per pseudobulk, sample-adjusted",0.070337422880352,0,271299,TRUE,0
"Harmony","Dim9","QC_meanLog10Frags",0.0586970720593763,6.30114364292322e-12,834,91,"per pseudobulk, sample-adjusted",0.0406080021381627,0,271299,TRUE,0
"Harmony","Dim9","QC_meanFRIP",0.0118927130989019,0.00309240639328194,834,91,"per pseudobulk, sample-adjusted",0.00327739985266407,1.08064396667096e-195,271299,TRUE,1.54377709524423e-195
"Harmony","Dim10","CellType",0.681284195206629,1.82992298930836e-220,834,91,"per pseudobulk, sample-adjusted",0.155411333384172,0,271299,TRUE,0
"Harmony","Dim10","Cohort",0.043102679607991,0.346942488590082,91,91,"per sample",0.000101737564632963,4.40145010682747e-06,271299,FALSE,4.89050011869719e-06
"Harmony","Dim10","Control_status",0.104513182223914,0.00886921009755822,91,91,"per sample",0.00409740204807542,3.15519377134116e-244,271299,FALSE,3.15519377134116e-243
"Harmony","Dim10","Exposure_group",0.286723338480593,0.0322135953839591,91,91,"per sample",0.00940960250255496,0,271299,FALSE,0
"Harmony","Dim10","Age",0.00668169051518935,0.573155251054089,62,62,"per sample",0.000132829991282659,5.32280162610969e-06,155962,FALSE,6.65350203263712e-06
"Harmony","Dim10","Sex_observed",0.0174107720992189,0.613269663184078,62,62,"per sample",0.00032009762293993,1.59309000679957e-12,155962,FALSE,2.27584286685653e-12
"Harmony","Dim10","Sex_predicted",0.00748960807562633,0.829363515380039,91,91,"per sample",0.000895070693383383,8.995884928651e-55,271299,FALSE,1.28512641837871e-54
"Harmony","Dim10","Days_from_onset",9.9875699538542e-05,0.945084321094096,50,50,"per sample",0.000374701461848578,2.73235540259006e-12,130407,FALSE,4.55392567098343e-12
"Harmony","Dim10","QC_nCells",0.0760727296008167,1.27818923723429e-13,834,91,"per pseudobulk, sample-adjusted",0.00605581015045323,0,271299,FALSE,0
"Harmony","Dim10","QC_meanTSS",0.00518769995753102,0.0940282219093124,834,91,"per pseudobulk, sample-adjusted",0.00785882898641981,0,271299,TRUE,0
"Harmony","Dim10","QC_meanLog10Frags",0.00246338485711322,0.243426013725188,834,91,"per pseudobulk, sample-adjusted",0.0065539762987198,0,271299,TRUE,0
"Harmony","Dim10","QC_meanFRIP",0.00403511968776122,0.105655439219715,834,91,"per pseudobulk, sample-adjusted",0.0011813614860144,1.02538819576247e-71,271299,TRUE,1.28173524470308e-71
