"cell","comparison","covariate","type","n_grp1","n_grp2","mean_grp1","mean_grp2","sd_grp1","sd_grp2","SMD","null_median_abs_SMD","null_q95_abs_SMD","p_perm","p_wilcoxon","p_floor","p_perm_BH","imbalanced","SMD_vs_null","p_uninformative"
"Mono_CD14","C19_mild vs C19_ctrl","mean_TSS","continuous",8,6,10.42,11.48,0.7425,1.587,-0.8542,0.4088,1.115,0.142,0.1752,0.000666,0.9766,"not distinguishable from chance",2.089,FALSE
"Mono_CD14","C19_mild vs C19_ctrl","mean_FRIP","continuous",8,6,0.4329,0.4121,0.07188,0.1001,0.2385,0.357,1.141,0.6591,0.8465,0.000666,0.9766,"not distinguishable from chance",0.6681,FALSE
"Mono_CD14","C19_mild vs C19_ctrl","mean_log10_nFrags","continuous",8,6,3.968,3.814,0.1114,0.2028,0.9412,0.3752,1.168,0.1052,0.1066,0.000666,0.9766,"not distinguishable from chance",2.508,FALSE
"Mono_CD14","C19_mild vs C19_ctrl","n_cells","continuous",8,6,1192,4211,959.1,2578,-1.552,0.3711,1.265,0.0192,0.04539,0.000666,0.9766,"not distinguishable from chance",4.182,FALSE
"Mono_CD14","C19_mild vs C19_ctrl","Sex_predicted","categorical",8,6,NA,NA,NA,NA,NA,NA,NA,0.627,0.627,NA,NA,"not distinguishable from chance",NA,FALSE
"Mono_CD14","C19_mild vs C19_ctrl","Donor_ID","categorical",8,6,NA,NA,NA,NA,NA,NA,NA,1,1,NA,NA,"not distinguishable from chance",NA,FALSE
"Mono_CD14","C19_mod vs C19_ctrl","mean_TSS","continuous",4,6,10.76,11.48,0.7467,1.587,-0.5854,0.4969,1.28,0.4349,0.7491,0.009524,0.9766,"not distinguishable from chance",1.178,FALSE
"Mono_CD14","C19_mod vs C19_ctrl","mean_FRIP","continuous",4,6,0.3646,0.4121,0.03465,0.1001,-0.6343,0.4292,1.537,0.3443,0.594,0.009524,0.9766,"not distinguishable from chance",1.478,FALSE
"Mono_CD14","C19_mod vs C19_ctrl","mean_log10_nFrags","continuous",4,6,3.805,3.814,0.1931,0.2028,-0.04363,0.4356,1.559,0.9564,0.9151,0.009524,0.9886,"not distinguishable from chance",0.1002,FALSE
"Mono_CD14","C19_mod vs C19_ctrl","n_cells","continuous",4,6,1292,4211,724.2,2578,-1.542,0.4257,1.777,0.06419,0.1098,0.009524,0.9766,"not distinguishable from chance",3.621,FALSE
"Mono_CD14","C19_mod vs C19_ctrl","Sex_predicted","categorical",4,6,NA,NA,NA,NA,NA,NA,NA,1,1,NA,NA,"not distinguishable from chance",NA,FALSE
"Mono_CD14","C19_mod vs C19_ctrl","Donor_ID","categorical",4,6,NA,NA,NA,NA,NA,NA,NA,1,1,NA,NA,"not distinguishable from chance",NA,FALSE
"Mono_CD14","C19_sev vs C19_ctrl","mean_TSS","continuous",5,6,10.13,11.48,1.597,1.587,-0.846,0.4259,1.461,0.2004,0.08284,0.004329,0.9766,"not distinguishable from chance",1.987,FALSE
"Mono_CD14","C19_sev vs C19_ctrl","mean_FRIP","continuous",5,6,0.3431,0.4121,0.1083,0.1001,-0.6615,0.4078,1.416,0.2995,0.2353,0.004329,0.9766,"not distinguishable from chance",1.622,FALSE
"Mono_CD14","C19_sev vs C19_ctrl","mean_log10_nFrags","continuous",5,6,3.82,3.814,0.1459,0.2028,0.03191,0.4043,1.334,0.9552,0.6481,0.004329,0.9886,"not distinguishable from chance",0.07891,FALSE
"Mono_CD14","C19_sev vs C19_ctrl","n_cells","continuous",5,6,1168,4211,1005,2578,-1.555,0.4088,1.496,0.04119,0.05523,0.004329,0.9766,"not distinguishable from chance",3.804,FALSE
"Mono_CD14","C19_sev vs C19_ctrl","Sex_predicted","categorical",5,6,NA,NA,NA,NA,NA,NA,NA,1,1,NA,NA,"not distinguishable from chance",NA,FALSE
"Mono_CD14","C19_sev vs C19_ctrl","Donor_ID","categorical",5,6,NA,NA,NA,NA,NA,NA,NA,1,1,NA,NA,"not distinguishable from chance",NA,FALSE
"NK_CD16","C19_mild vs C19_ctrl","mean_TSS","continuous",6,7,10.57,12.11,0.7581,2.211,-0.9318,0.4043,1.186,0.1354,0.1747,0.001166,0.9766,"not distinguishable from chance",2.305,FALSE
"NK_CD16","C19_mild vs C19_ctrl","mean_FRIP","continuous",6,7,0.4541,0.4298,0.05289,0.1027,0.2968,0.3791,1.265,0.5967,0.8303,0.001166,0.9766,"not distinguishable from chance",0.7829,FALSE
"NK_CD16","C19_mild vs C19_ctrl","mean_log10_nFrags","continuous",6,7,3.979,3.811,0.07081,0.1852,1.194,0.3965,1.281,0.05839,0.05378,0.001166,0.9766,"not distinguishable from chance",3.01,FALSE
"NK_CD16","C19_mild vs C19_ctrl","n_cells","continuous",6,7,1492,3699,924.2,2714,-1.089,0.3799,1.292,0.07379,0.2246,0.001166,0.9766,"not distinguishable from chance",2.866,FALSE
"NK_CD16","C19_mild vs C19_ctrl","Sex_predicted","categorical",6,7,NA,NA,NA,NA,NA,NA,NA,0.5921,0.5921,NA,NA,"not distinguishable from chance",NA,FALSE
"NK_CD16","C19_mild vs C19_ctrl","Donor_ID","categorical",6,7,NA,NA,NA,NA,NA,NA,NA,1,1,NA,NA,"not distinguishable from chance",NA,FALSE
"NK_CD16","C19_mod vs C19_ctrl","mean_TSS","continuous",3,7,11.01,12.11,0.6641,2.211,-0.6742,0.5219,1.463,0.4251,0.8197,0.01667,0.9766,"not distinguishable from chance",1.292,FALSE
"NK_CD16","C19_mod vs C19_ctrl","mean_FRIP","continuous",3,7,0.3644,0.4298,0.04244,0.1027,-0.8325,0.4688,1.653,0.2857,0.4941,0.01667,0.9766,"not distinguishable from chance",1.776,FALSE
"NK_CD16","C19_mod vs C19_ctrl","mean_log10_nFrags","continuous",3,7,3.748,3.811,0.1912,0.1852,-0.3338,0.496,1.518,0.6571,1,0.01667,0.9766,"not distinguishable from chance",0.673,FALSE
"NK_CD16","C19_mod vs C19_ctrl","n_cells","continuous",3,7,1559,3699,598.3,2714,-1.089,0.4464,1.875,0.2014,0.4941,0.01667,0.9766,"not distinguishable from chance",2.439,FALSE
"NK_CD16","C19_mod vs C19_ctrl","Sex_predicted","categorical",3,7,NA,NA,NA,NA,NA,NA,NA,1,1,NA,NA,"not distinguishable from chance",NA,FALSE
"NK_CD16","C19_mod vs C19_ctrl","Donor_ID","categorical",3,7,NA,NA,NA,NA,NA,NA,NA,1,1,NA,NA,"not distinguishable from chance",NA,FALSE
"NK_CD16","C19_sev vs C19_ctrl","mean_TSS","continuous",3,7,10.68,12.11,1.979,2.211,-0.6829,0.4709,1.563,0.3659,0.2545,0.01667,0.9766,"not distinguishable from chance",1.45,FALSE
"NK_CD16","C19_sev vs C19_ctrl","mean_FRIP","continuous",3,7,0.363,0.4298,0.1291,0.1027,-0.5732,0.446,2.118,0.3873,0.3619,0.01667,0.9766,"not distinguishable from chance",1.285,FALSE
"NK_CD16","C19_sev vs C19_ctrl","mean_log10_nFrags","continuous",3,7,3.793,3.811,0.1781,0.1852,-0.1025,0.5278,1.496,0.9258,0.8197,0.01667,0.9886,"not distinguishable from chance",0.1942,FALSE
"NK_CD16","C19_sev vs C19_ctrl","n_cells","continuous",3,7,1638,3699,1072,2714,-0.9992,0.4762,1.909,0.2186,0.4941,0.01667,0.9766,"not distinguishable from chance",2.098,FALSE
"NK_CD16","C19_sev vs C19_ctrl","Sex_predicted","categorical",3,7,NA,NA,NA,NA,NA,NA,NA,1,1,NA,NA,"not distinguishable from chance",NA,FALSE
"NK_CD16","C19_sev vs C19_ctrl","Donor_ID","categorical",3,7,NA,NA,NA,NA,NA,NA,NA,1,1,NA,NA,"not distinguishable from chance",NA,FALSE
"T_mem_CD4","C19_mild vs C19_ctrl","mean_TSS","continuous",4,6,10.55,11.48,0.9216,1.587,-0.7187,0.4932,1.362,0.2943,0.3374,0.009524,0.9766,"not distinguishable from chance",1.457,FALSE
"T_mem_CD4","C19_mild vs C19_ctrl","mean_FRIP","continuous",4,6,0.4656,0.4121,0.06423,0.1001,0.6363,0.4637,1.52,0.3587,0.4555,0.009524,0.9766,"not distinguishable from chance",1.372,FALSE
"T_mem_CD4","C19_mild vs C19_ctrl","mean_log10_nFrags","continuous",4,6,3.983,3.814,0.04756,0.2028,1.146,0.4508,1.596,0.114,0.1098,0.009524,0.9766,"not distinguishable from chance",2.543,FALSE
"T_mem_CD4","C19_mild vs C19_ctrl","n_cells","continuous",4,6,1748,4211,1021,2578,-1.256,0.445,1.699,0.1096,0.241,0.009524,0.9766,"not distinguishable from chance",2.823,FALSE
"T_mem_CD4","C19_mild vs C19_ctrl","Sex_predicted","categorical",4,6,NA,NA,NA,NA,NA,NA,NA,1,1,NA,NA,"not distinguishable from chance",NA,FALSE
"T_mem_CD4","C19_mild vs C19_ctrl","Donor_ID","categorical",4,6,NA,NA,NA,NA,NA,NA,NA,1,1,NA,NA,"not distinguishable from chance",NA,FALSE
"T_mem_CD8","C19_mild vs C19_ctrl","mean_TSS","continuous",6,7,10.7,12.11,0.6387,2.211,-0.87,0.4211,1.175,0.1694,0.284,0.001166,0.9766,"not distinguishable from chance",2.066,FALSE
"T_mem_CD8","C19_mild vs C19_ctrl","mean_FRIP","continuous",6,7,0.4611,0.4298,0.04722,0.1027,0.3907,0.3833,1.242,0.4931,0.8303,0.001166,0.9766,"not distinguishable from chance",1.019,FALSE
"T_mem_CD8","C19_mild vs C19_ctrl","mean_log10_nFrags","continuous",6,7,4.001,3.811,0.08787,0.1852,1.309,0.3855,1.221,0.03879,0.05378,0.001166,0.9766,"not distinguishable from chance",3.396,FALSE
"T_mem_CD8","C19_mild vs C19_ctrl","n_cells","continuous",6,7,1483,3699,937.1,2714,-1.092,0.4002,1.279,0.07219,0.2246,0.001166,0.9766,"not distinguishable from chance",2.727,FALSE
"T_mem_CD8","C19_mild vs C19_ctrl","Sex_predicted","categorical",6,7,NA,NA,NA,NA,NA,NA,NA,1,1,NA,NA,"not distinguishable from chance",NA,FALSE
"T_mem_CD8","C19_mild vs C19_ctrl","Donor_ID","categorical",6,7,NA,NA,NA,NA,NA,NA,NA,1,1,NA,NA,"not distinguishable from chance",NA,FALSE
"T_mem_CD8","C19_mod vs C19_ctrl","mean_TSS","continuous",3,7,11.01,12.11,0.6641,2.211,-0.6742,0.5512,1.463,0.4363,0.8197,0.01667,0.9766,"not distinguishable from chance",1.223,FALSE
"T_mem_CD8","C19_mod vs C19_ctrl","mean_FRIP","continuous",3,7,0.3644,0.4298,0.04244,0.1027,-0.8325,0.4688,1.729,0.2805,0.4941,0.01667,0.9766,"not distinguishable from chance",1.776,FALSE
"T_mem_CD8","C19_mod vs C19_ctrl","mean_log10_nFrags","continuous",3,7,3.748,3.811,0.1912,0.1852,-0.3338,0.496,1.531,0.6625,1,0.01667,0.9766,"not distinguishable from chance",0.673,FALSE
"T_mem_CD8","C19_mod vs C19_ctrl","n_cells","continuous",3,7,1559,3699,598.3,2714,-1.089,0.4597,1.848,0.192,0.4941,0.01667,0.9766,"not distinguishable from chance",2.369,FALSE
"T_mem_CD8","C19_mod vs C19_ctrl","Sex_predicted","categorical",3,7,NA,NA,NA,NA,NA,NA,NA,1,1,NA,NA,"not distinguishable from chance",NA,FALSE
"T_mem_CD8","C19_mod vs C19_ctrl","Donor_ID","categorical",3,7,NA,NA,NA,NA,NA,NA,NA,1,1,NA,NA,"not distinguishable from chance",NA,FALSE
"T_mem_CD8","C19_sev vs C19_ctrl","mean_TSS","continuous",4,7,10.4,12.11,1.708,2.211,-0.8649,0.4548,1.415,0.2008,0.1082,0.006061,0.9766,"not distinguishable from chance",1.902,FALSE
"T_mem_CD8","C19_sev vs C19_ctrl","mean_FRIP","continuous",4,7,0.3688,0.4298,0.106,0.1027,-0.5849,0.4299,1.61,0.3749,0.2986,0.006061,0.9766,"not distinguishable from chance",1.36,FALSE
"T_mem_CD8","C19_sev vs C19_ctrl","mean_log10_nFrags","continuous",4,7,3.832,3.811,0.1654,0.1852,0.1181,0.4284,1.569,0.8496,0.5083,0.006061,0.9766,"not distinguishable from chance",0.2757,FALSE
"T_mem_CD8","C19_sev vs C19_ctrl","n_cells","continuous",4,7,1397,3699,998.6,2714,-1.126,0.4115,1.681,0.134,0.2986,0.006061,0.9766,"not distinguishable from chance",2.736,FALSE
"T_mem_CD8","C19_sev vs C19_ctrl","Sex_predicted","categorical",4,7,NA,NA,NA,NA,NA,NA,NA,1,1,NA,NA,"not distinguishable from chance",NA,FALSE
"T_mem_CD8","C19_sev vs C19_ctrl","Donor_ID","categorical",4,7,NA,NA,NA,NA,NA,NA,NA,1,1,NA,NA,"not distinguishable from chance",NA,FALSE
"T_naive","C19_mild vs C19_ctrl","mean_TSS","continuous",4,7,10.68,12.11,0.7901,2.211,-0.864,0.48,1.362,0.2342,0.2986,0.006061,0.9766,"not distinguishable from chance",1.8,FALSE
"T_naive","C19_mild vs C19_ctrl","mean_FRIP","continuous",4,7,0.4734,0.4298,0.05535,0.1027,0.5278,0.4316,1.463,0.4203,0.6366,0.006061,0.9766,"not distinguishable from chance",1.223,FALSE
"T_naive","C19_mild vs C19_ctrl","mean_log10_nFrags","continuous",4,7,4.006,3.811,0.06172,0.1852,1.409,0.4329,1.446,0.06339,0.0726,0.006061,0.9766,"not distinguishable from chance",3.256,FALSE
"T_naive","C19_mild vs C19_ctrl","n_cells","continuous",4,7,1782,3699,962.8,2714,-0.9415,0.4131,1.574,0.1956,0.3951,0.006061,0.9766,"not distinguishable from chance",2.279,FALSE
"T_naive","C19_mild vs C19_ctrl","Sex_predicted","categorical",4,7,NA,NA,NA,NA,NA,NA,NA,0.5758,0.5758,NA,NA,"not distinguishable from chance",NA,FALSE
"T_naive","C19_mild vs C19_ctrl","Donor_ID","categorical",4,7,NA,NA,NA,NA,NA,NA,NA,1,1,NA,NA,"not distinguishable from chance",NA,FALSE
"T_naive","C19_mod vs C19_ctrl","mean_TSS","continuous",3,7,11.01,12.11,0.6641,2.211,-0.6742,0.5512,1.463,0.4343,0.8197,0.01667,0.9766,"not distinguishable from chance",1.223,FALSE
"T_naive","C19_mod vs C19_ctrl","mean_FRIP","continuous",3,7,0.3644,0.4298,0.04244,0.1027,-0.8325,0.4752,1.653,0.2907,0.4941,0.01667,0.9766,"not distinguishable from chance",1.752,FALSE
"T_naive","C19_mod vs C19_ctrl","mean_log10_nFrags","continuous",3,7,3.748,3.811,0.1912,0.1852,-0.3338,0.496,1.518,0.6567,1,0.01667,0.9766,"not distinguishable from chance",0.673,FALSE
"T_naive","C19_mod vs C19_ctrl","n_cells","continuous",3,7,1559,3699,598.3,2714,-1.089,0.4597,1.848,0.1932,0.4941,0.01667,0.9766,"not distinguishable from chance",2.369,FALSE
"T_naive","C19_mod vs C19_ctrl","Sex_predicted","categorical",3,7,NA,NA,NA,NA,NA,NA,NA,1,1,NA,NA,"not distinguishable from chance",NA,FALSE
"T_naive","C19_mod vs C19_ctrl","Donor_ID","categorical",3,7,NA,NA,NA,NA,NA,NA,NA,1,1,NA,NA,"not distinguishable from chance",NA,FALSE
"T_naive","C19_sev vs C19_ctrl","mean_TSS","continuous",3,7,10.68,12.11,1.979,2.211,-0.6829,0.4792,1.688,0.3771,0.2545,0.01667,0.9766,"not distinguishable from chance",1.425,FALSE
"T_naive","C19_sev vs C19_ctrl","mean_FRIP","continuous",3,7,0.363,0.4298,0.1291,0.1027,-0.5732,0.446,2.118,0.3805,0.3619,0.01667,0.9766,"not distinguishable from chance",1.285,FALSE
"T_naive","C19_sev vs C19_ctrl","mean_log10_nFrags","continuous",3,7,3.793,3.811,0.1781,0.1852,-0.1025,0.5278,1.496,0.9294,0.8197,0.01667,0.9886,"not distinguishable from chance",0.1942,FALSE
"T_naive","C19_sev vs C19_ctrl","n_cells","continuous",3,7,1638,3699,1072,2714,-0.9992,0.4762,1.855,0.216,0.4941,0.01667,0.9766,"not distinguishable from chance",2.098,FALSE
"T_naive","C19_sev vs C19_ctrl","Sex_predicted","categorical",3,7,NA,NA,NA,NA,NA,NA,NA,1,1,NA,NA,"not distinguishable from chance",NA,FALSE
"T_naive","C19_sev vs C19_ctrl","Donor_ID","categorical",3,7,NA,NA,NA,NA,NA,NA,NA,1,1,NA,NA,"not distinguishable from chance",NA,FALSE
"B_mem","OP_high vs OP_low","mean_TSS","continuous",18,9,16.7,16.26,1.113,0.8468,0.444,0.2749,0.8467,0.2813,0.2076,4.267e-07,0.9766,"not distinguishable from chance",1.615,FALSE
"B_mem","OP_high vs OP_low","mean_FRIP","continuous",18,9,0.6075,0.6101,0.03494,0.03327,-0.0764,0.2812,0.8805,0.8474,0.9385,4.267e-07,0.9766,"not distinguishable from chance",0.2717,FALSE
"B_mem","OP_high vs OP_low","mean_log10_nFrags","continuous",18,9,4.135,4.136,0.09385,0.06648,-0.02384,0.2736,0.8367,0.9574,0.817,4.267e-07,0.9886,"not distinguishable from chance",0.08711,FALSE
"B_mem","OP_high vs OP_low","n_cells","continuous",18,9,3352,3777,1206,1320,-0.3356,0.2754,0.8518,0.4173,0.5203,4.267e-07,0.9766,"not distinguishable from chance",1.218,FALSE
"B_mem","OP_high vs OP_low","Sex_predicted","categorical",18,9,NA,NA,NA,NA,NA,NA,NA,0.6924,0.6924,NA,NA,"not distinguishable from chance",NA,FALSE
"B_mem","OP_high vs OP_med","mean_TSS","continuous",18,6,16.7,16.02,1.113,0.9756,0.6536,0.3302,0.9962,0.1806,0.1936,1.486e-05,0.9766,"not distinguishable from chance",1.979,FALSE
"B_mem","OP_high vs OP_med","mean_FRIP","continuous",18,6,0.6075,0.5898,0.03494,0.04542,0.4361,0.3296,0.9782,0.3695,0.3014,1.486e-05,0.9766,"not distinguishable from chance",1.323,FALSE
"B_mem","OP_high vs OP_med","mean_log10_nFrags","continuous",18,6,4.135,4.158,0.09385,0.09003,-0.2602,0.3289,1.032,0.5959,0.5265,1.486e-05,0.9766,"not distinguishable from chance",0.7911,FALSE
"B_mem","OP_high vs OP_med","n_cells","continuous",18,6,3352,3216,1206,971.4,0.125,0.3273,0.9968,0.8006,0.9734,1.486e-05,0.9766,"not distinguishable from chance",0.3818,FALSE
"B_mem","OP_high vs OP_med","Sex_predicted","categorical",18,6,NA,NA,NA,NA,NA,NA,NA,0.6404,0.6404,NA,NA,"not distinguishable from chance",NA,FALSE
"B_mem","HIV_ctrl vs HIV_acu","mean_TSS","continuous",4,4,17.13,17.45,0.6747,0.7756,-0.4417,0.5125,1.613,0.5843,0.665,0.02857,0.9766,"not distinguishable from chance",0.8619,FALSE
"B_mem","HIV_ctrl vs HIV_acu","mean_FRIP","continuous",4,4,0.6483,0.6502,0.016,0.02321,-0.09312,0.492,2.221,0.9406,1,0.02857,0.9886,"not distinguishable from chance",0.1893,FALSE
"B_mem","HIV_ctrl vs HIV_acu","mean_log10_nFrags","continuous",4,4,4.283,4.257,0.189,0.06985,0.1783,0.5549,1.563,0.8296,0.665,0.02857,0.9766,"not distinguishable from chance",0.3212,FALSE
"B_mem","HIV_ctrl vs HIV_acu","n_cells","continuous",4,4,2541,1897,1928,562.6,0.4531,0.5817,1.504,0.6533,0.8852,0.02857,0.9766,"not distinguishable from chance",0.7789,FALSE
"B_mem","HIV_ctrl vs HIV_acu","Donor_ID","categorical",4,4,NA,NA,NA,NA,NA,NA,NA,1,1,NA,NA,"not distinguishable from chance",NA,FALSE
"B_mem","Influenza_d3 vs Influenza_ctrl","mean_TSS","continuous",4,5,13.12,12.76,0.4929,0.9952,0.4695,0.4742,1.628,0.5157,0.7133,0.01587,0.9766,"not distinguishable from chance",0.9901,FALSE
"B_mem","Influenza_d3 vs Influenza_ctrl","mean_FRIP","continuous",4,5,0.4825,0.452,0.1122,0.1416,0.2394,0.4682,1.521,0.7335,0.9025,0.01587,0.9766,"not distinguishable from chance",0.5113,FALSE
"B_mem","Influenza_d3 vs Influenza_ctrl","mean_log10_nFrags","continuous",4,5,3.902,3.936,0.1223,0.189,-0.2139,0.4984,1.662,0.769,1,0.01587,0.9766,"not distinguishable from chance",0.4291,FALSE
"B_mem","Influenza_d3 vs Influenza_ctrl","n_cells","continuous",4,5,4973,4907,2332,2337,0.0283,0.468,1.6,0.9678,0.9025,0.01587,0.9886,"not distinguishable from chance",0.06046,FALSE
"B_mem","Influenza_d3 vs Influenza_ctrl","Sex_predicted","categorical",4,5,NA,NA,NA,NA,NA,NA,NA,1,1,NA,NA,"not distinguishable from chance",NA,FALSE
"B_mem","Influenza_d30 vs Influenza_ctrl","mean_TSS","continuous",4,5,12.41,12.76,0.5194,0.9952,-0.4343,0.4894,1.602,0.5841,0.9025,0.01587,0.9766,"not distinguishable from chance",0.8874,FALSE
"B_mem","Influenza_d30 vs Influenza_ctrl","mean_FRIP","continuous",4,5,0.4477,0.452,0.1145,0.1416,-0.03309,0.4506,1.57,0.9604,0.9025,0.01587,0.9886,"not distinguishable from chance",0.07344,FALSE
"B_mem","Influenza_d30 vs Influenza_ctrl","mean_log10_nFrags","continuous",4,5,3.924,3.936,0.1054,0.189,-0.07988,0.4911,1.637,0.9222,0.9025,0.01587,0.9886,"not distinguishable from chance",0.1626,FALSE
"B_mem","Influenza_d30 vs Influenza_ctrl","n_cells","continuous",4,5,5265,4907,2526,2337,0.1471,0.4536,1.565,0.8136,0.9025,0.01587,0.9766,"not distinguishable from chance",0.3244,FALSE
"B_mem","Influenza_d30 vs Influenza_ctrl","Sex_predicted","categorical",4,5,NA,NA,NA,NA,NA,NA,NA,1,1,NA,NA,"not distinguishable from chance",NA,FALSE
"B_mem","Influenza_d6 vs Influenza_ctrl","mean_TSS","continuous",3,5,12.23,12.76,0.4935,0.9952,-0.6628,0.5842,1.858,0.4501,0.551,0.03571,0.9766,"not distinguishable from chance",1.135,FALSE
"B_mem","Influenza_d6 vs Influenza_ctrl","mean_FRIP","continuous",3,5,0.466,0.452,0.07198,0.1416,0.1253,0.4828,2.307,0.8546,1,0.03571,0.9766,"not distinguishable from chance",0.2596,FALSE
"B_mem","Influenza_d6 vs Influenza_ctrl","mean_log10_nFrags","continuous",3,5,3.984,3.936,0.2008,0.189,0.2452,0.4681,2.33,0.7491,1,0.03571,0.9766,"not distinguishable from chance",0.5239,FALSE
"B_mem","Influenza_d6 vs Influenza_ctrl","n_cells","continuous",3,5,3157,4907,2287,2337,-0.7572,0.4601,1.999,0.3767,0.7656,0.03571,0.9766,"not distinguishable from chance",1.646,FALSE
"B_mem","Influenza_d6 vs Influenza_ctrl","Sex_predicted","categorical",3,5,NA,NA,NA,NA,NA,NA,NA,1,1,NA,NA,"not distinguishable from chance",NA,FALSE
"B_mem","OP_med vs OP_low","mean_TSS","continuous",6,9,16.02,16.26,0.9756,0.8468,-0.268,0.3763,1.133,0.6347,0.953,0.0003996,0.9766,"not distinguishable from chance",0.7123,FALSE
"B_mem","OP_med vs OP_low","mean_FRIP","continuous",6,9,0.5898,0.6101,0.04542,0.03327,-0.5093,0.3824,1.101,0.3657,0.3768,0.0003996,0.9766,"not distinguishable from chance",1.332,FALSE
"B_mem","OP_med vs OP_low","mean_log10_nFrags","continuous",6,9,4.158,4.136,0.09003,0.06648,0.2778,0.3553,1.158,0.5923,0.5169,0.0003996,0.9766,"not distinguishable from chance",0.7819,FALSE
"B_mem","OP_med vs OP_low","n_cells","continuous",6,9,3216,3777,971.4,1320,-0.4842,0.3705,1.116,0.3797,0.4437,0.0003996,0.9766,"not distinguishable from chance",1.307,FALSE
"B_mem","OP_med vs OP_low","Sex_predicted","categorical",6,9,NA,NA,NA,NA,NA,NA,NA,0.3147,0.3147,NA,NA,"not distinguishable from chance",NA,FALSE
"B_naive","OP_high vs OP_low","mean_TSS","continuous",18,9,16.7,16.26,1.113,0.8468,0.444,0.2766,0.8467,0.2847,0.2076,4.267e-07,0.9766,"not distinguishable from chance",1.605,FALSE
"B_naive","OP_high vs OP_low","mean_FRIP","continuous",18,9,0.6075,0.6101,0.03494,0.03327,-0.0764,0.2703,0.8607,0.8416,0.9385,4.267e-07,0.9766,"not distinguishable from chance",0.2827,FALSE
"B_naive","OP_high vs OP_low","mean_log10_nFrags","continuous",18,9,4.135,4.136,0.09385,0.06648,-0.02384,0.2774,0.8618,0.9546,0.817,4.267e-07,0.9886,"not distinguishable from chance",0.08594,FALSE
"B_naive","OP_high vs OP_low","n_cells","continuous",18,9,3352,3777,1206,1320,-0.3356,0.285,0.8308,0.4283,0.5203,4.267e-07,0.9766,"not distinguishable from chance",1.178,FALSE
"B_naive","OP_high vs OP_low","Sex_predicted","categorical",18,9,NA,NA,NA,NA,NA,NA,NA,0.6924,0.6924,NA,NA,"not distinguishable from chance",NA,FALSE
"B_naive","OP_high vs OP_med","mean_TSS","continuous",18,6,16.7,16.02,1.113,0.9756,0.6536,0.328,1.017,0.1944,0.1936,1.486e-05,0.9766,"not distinguishable from chance",1.992,FALSE
"B_naive","OP_high vs OP_med","mean_FRIP","continuous",18,6,0.6075,0.5898,0.03494,0.04542,0.4361,0.3324,1.002,0.3797,0.3014,1.486e-05,0.9766,"not distinguishable from chance",1.312,FALSE
"B_naive","OP_high vs OP_med","mean_log10_nFrags","continuous",18,6,4.135,4.158,0.09385,0.09003,-0.2602,0.3218,1.032,0.5877,0.5265,1.486e-05,0.9766,"not distinguishable from chance",0.8085,FALSE
"B_naive","OP_high vs OP_med","n_cells","continuous",18,6,3352,3216,1206,971.4,0.125,0.3244,0.9746,0.7998,0.9734,1.486e-05,0.9766,"not distinguishable from chance",0.3852,FALSE
"B_naive","OP_high vs OP_med","Sex_predicted","categorical",18,6,NA,NA,NA,NA,NA,NA,NA,0.6404,0.6404,NA,NA,"not distinguishable from chance",NA,FALSE
"B_naive","Influenza_d3 vs Influenza_ctrl","mean_TSS","continuous",4,4,13.12,12.45,0.4929,0.84,0.9763,0.5617,1.528,0.2611,0.3123,0.02857,0.9766,"not distinguishable from chance",1.738,FALSE
"B_naive","Influenza_d3 vs Influenza_ctrl","mean_FRIP","continuous",4,4,0.4825,0.4124,0.1122,0.1277,0.5833,0.5212,2.137,0.4273,0.4705,0.02857,0.9766,"not distinguishable from chance",1.119,FALSE
"B_naive","Influenza_d3 vs Influenza_ctrl","mean_log10_nFrags","continuous",4,4,3.902,3.876,0.1223,0.1542,0.1852,0.436,1.509,0.7514,0.665,0.02857,0.9766,"not distinguishable from chance",0.4248,FALSE
"B_naive","Influenza_d3 vs Influenza_ctrl","n_cells","continuous",4,4,4973,5789,2332,1449,-0.4201,0.5776,1.569,0.5947,0.8852,0.02857,0.9766,"not distinguishable from chance",0.7273,FALSE
"B_naive","Influenza_d3 vs Influenza_ctrl","Sex_predicted","categorical",4,4,NA,NA,NA,NA,NA,NA,NA,1,1,NA,NA,"not distinguishable from chance",NA,FALSE
"B_naive","Influenza_d30 vs Influenza_ctrl","mean_TSS","continuous",4,4,12.41,12.45,0.5194,0.84,-0.05882,0.4381,1.696,0.9688,0.8852,0.02857,0.9886,"not distinguishable from chance",0.1343,FALSE
"B_naive","Influenza_d30 vs Influenza_ctrl","mean_FRIP","continuous",4,4,0.4477,0.4124,0.1145,0.1277,0.2908,0.4752,2.43,0.7167,0.8852,0.02857,0.9766,"not distinguishable from chance",0.612,FALSE
"B_naive","Influenza_d30 vs Influenza_ctrl","mean_log10_nFrags","continuous",4,4,3.924,3.876,0.1054,0.1542,0.3603,0.4966,1.991,0.6375,0.8852,0.02857,0.9766,"not distinguishable from chance",0.7256,FALSE
"B_naive","Influenza_d30 vs Influenza_ctrl","n_cells","continuous",4,4,5265,5789,2526,1449,-0.2542,0.3924,2.403,0.7784,0.8852,0.02857,0.9766,"not distinguishable from chance",0.6479,FALSE
"B_naive","Influenza_d30 vs Influenza_ctrl","Sex_predicted","categorical",4,4,NA,NA,NA,NA,NA,NA,NA,1,1,NA,NA,"not distinguishable from chance",NA,FALSE
"B_naive","Influenza_d6 vs Influenza_ctrl","mean_TSS","continuous",3,4,12.7,12.45,0.3149,0.84,0.3937,0.6086,1.535,0.6551,0.8597,0.05714,0.9766,"not distinguishable from chance",0.6469,TRUE
"B_naive","Influenza_d6 vs Influenza_ctrl","mean_FRIP","continuous",3,4,0.4451,0.4124,0.0571,0.1277,0.3306,0.6171,2.401,0.6499,0.5959,0.05714,0.9766,"not distinguishable from chance",0.5357,TRUE
"B_naive","Influenza_d6 vs Influenza_ctrl","mean_log10_nFrags","continuous",3,4,3.897,3.876,0.1348,0.1542,0.1393,0.4613,3.214,0.8826,1,0.05714,0.9807,"not distinguishable from chance",0.302,TRUE
"B_naive","Influenza_d6 vs Influenza_ctrl","n_cells","continuous",3,4,3472,5789,2065,1449,-1.299,0.4729,1.928,0.1904,0.3768,0.05714,0.9766,"not distinguishable from chance",2.747,TRUE
"B_naive","Influenza_d6 vs Influenza_ctrl","Sex_predicted","categorical",3,4,NA,NA,NA,NA,NA,NA,NA,1,1,NA,NA,"not distinguishable from chance",NA,FALSE
"B_naive","OP_med vs OP_low","mean_TSS","continuous",6,9,16.02,16.26,0.9756,0.8468,-0.268,0.375,1.119,0.6249,0.953,0.0003996,0.9766,"not distinguishable from chance",0.7148,FALSE
"B_naive","OP_med vs OP_low","mean_FRIP","continuous",6,9,0.5898,0.6101,0.04542,0.03327,-0.5093,0.3746,1.091,0.3615,0.3768,0.0003996,0.9766,"not distinguishable from chance",1.36,FALSE
"B_naive","OP_med vs OP_low","mean_log10_nFrags","continuous",6,9,4.158,4.136,0.09003,0.06648,0.2778,0.3568,1.144,0.5977,0.5169,0.0003996,0.9766,"not distinguishable from chance",0.7786,FALSE
"B_naive","OP_med vs OP_low","n_cells","continuous",6,9,3216,3777,971.4,1320,-0.4842,0.3826,1.107,0.3933,0.4437,0.0003996,0.9766,"not distinguishable from chance",1.265,FALSE
"B_naive","OP_med vs OP_low","Sex_predicted","categorical",6,9,NA,NA,NA,NA,NA,NA,NA,0.3147,0.3147,NA,NA,"not distinguishable from chance",NA,FALSE
"Mono_CD14","OP_high vs OP_low","mean_TSS","continuous",19,9,16.57,16.26,1.215,0.8468,0.2977,0.2786,0.8397,0.4705,0.3252,2.896e-07,0.9766,"not distinguishable from chance",1.068,FALSE
"Mono_CD14","OP_high vs OP_low","mean_FRIP","continuous",19,9,0.6022,0.6101,0.041,0.03327,-0.211,0.2759,0.8481,0.6113,0.7679,2.896e-07,0.9766,"not distinguishable from chance",0.7647,FALSE
"Mono_CD14","OP_high vs OP_low","mean_log10_nFrags","continuous",19,9,4.131,4.136,0.0925,0.06648,-0.06798,0.2713,0.8656,0.8696,0.7306,2.896e-07,0.9766,"not distinguishable from chance",0.2505,FALSE
"Mono_CD14","OP_high vs OP_low","n_cells","continuous",19,9,3248,3777,1258,1320,-0.4104,0.2738,0.8178,0.3233,0.403,2.896e-07,0.9766,"not distinguishable from chance",1.499,FALSE
"Mono_CD14","OP_high vs OP_low","Sex_predicted","categorical",19,9,NA,NA,NA,NA,NA,NA,NA,1,1,NA,NA,"not distinguishable from chance",NA,FALSE
"Mono_CD14","OP_high vs OP_med","mean_TSS","continuous",19,6,16.57,16.02,1.215,0.9756,0.5051,0.3249,0.9984,0.2945,0.2655,1.129e-05,0.9766,"not distinguishable from chance",1.555,FALSE
"Mono_CD14","OP_high vs OP_med","mean_FRIP","continuous",19,6,0.6022,0.5898,0.041,0.04542,0.2866,0.3315,1.002,0.5561,0.3903,1.129e-05,0.9766,"not distinguishable from chance",0.8646,FALSE
"Mono_CD14","OP_high vs OP_med","mean_log10_nFrags","continuous",19,6,4.131,4.158,0.0925,0.09003,-0.3009,0.32,1.036,0.5231,0.5041,1.129e-05,0.9766,"not distinguishable from chance",0.9403,FALSE
"Mono_CD14","OP_high vs OP_med","n_cells","continuous",19,6,3248,3216,1258,971.4,0.02844,0.3258,0.9846,0.9534,0.924,1.129e-05,0.9886,"not distinguishable from chance",0.08729,FALSE
"Mono_CD14","OP_high vs OP_med","Sex_predicted","categorical",19,6,NA,NA,NA,NA,NA,NA,NA,0.3783,0.3783,NA,NA,"not distinguishable from chance",NA,FALSE
"Mono_CD14","HIV_ctrl vs HIV_chr","mean_TSS","continuous",4,3,17.13,17.54,0.6747,1.043,-0.4688,0.5753,2.398,0.5969,0.8597,0.05714,0.9766,"not distinguishable from chance",0.8148,TRUE
"Mono_CD14","HIV_ctrl vs HIV_chr","mean_FRIP","continuous",4,3,0.6483,0.6426,0.016,0.01653,0.3531,0.5044,2.092,0.7119,0.8597,0.05714,0.9766,"not distinguishable from chance",0.7001,TRUE
"Mono_CD14","HIV_ctrl vs HIV_chr","mean_log10_nFrags","continuous",4,3,4.283,4.248,0.189,0.1477,0.2025,0.4884,2.073,0.7646,0.8597,0.05714,0.9766,"not distinguishable from chance",0.4145,TRUE
"Mono_CD14","HIV_ctrl vs HIV_chr","n_cells","continuous",4,3,2541,1605,1928,896.2,0.6222,0.6161,1.709,0.4821,0.5959,0.05714,0.9766,"not distinguishable from chance",1.01,TRUE
"Mono_CD14","HIV_ctrl vs HIV_chr","Donor_ID","categorical",4,3,NA,NA,NA,NA,NA,NA,NA,1,1,NA,NA,"not distinguishable from chance",NA,FALSE
"Mono_CD14","HIV_ctrl vs HIV_acu","mean_TSS","continuous",4,4,17.13,17.45,0.6747,0.7756,-0.4417,0.5125,1.613,0.5713,0.665,0.02857,0.9766,"not distinguishable from chance",0.8619,FALSE
"Mono_CD14","HIV_ctrl vs HIV_acu","mean_FRIP","continuous",4,4,0.6483,0.6502,0.016,0.02321,-0.09312,0.492,2.221,0.9382,1,0.02857,0.9886,"not distinguishable from chance",0.1893,FALSE
"Mono_CD14","HIV_ctrl vs HIV_acu","mean_log10_nFrags","continuous",4,4,4.283,4.257,0.189,0.06985,0.1783,0.5549,1.563,0.8298,0.665,0.02857,0.9766,"not distinguishable from chance",0.3212,FALSE
"Mono_CD14","HIV_ctrl vs HIV_acu","n_cells","continuous",4,4,2541,1897,1928,562.6,0.4531,0.5817,1.504,0.6489,0.8852,0.02857,0.9766,"not distinguishable from chance",0.7789,FALSE
"Mono_CD14","HIV_ctrl vs HIV_acu","Donor_ID","categorical",4,4,NA,NA,NA,NA,NA,NA,NA,1,1,NA,NA,"not distinguishable from chance",NA,FALSE
"Mono_CD14","Influenza_d3 vs Influenza_ctrl","mean_TSS","continuous",5,5,13.09,12.76,0.4335,0.9952,0.4364,0.4364,1.476,0.5013,0.6761,0.007937,0.9766,"not distinguishable from chance",1,FALSE
"Mono_CD14","Influenza_d3 vs Influenza_ctrl","mean_FRIP","continuous",5,5,0.4781,0.452,0.09767,0.1416,0.2149,0.4041,1.348,0.7253,0.8345,0.007937,0.9766,"not distinguishable from chance",0.5318,FALSE
"Mono_CD14","Influenza_d3 vs Influenza_ctrl","mean_log10_nFrags","continuous",5,5,3.957,3.936,0.1615,0.189,0.1165,0.4185,1.374,0.8262,0.8345,0.007937,0.9766,"not distinguishable from chance",0.2784,FALSE
"Mono_CD14","Influenza_d3 vs Influenza_ctrl","n_cells","continuous",5,5,4197,4907,2663,2337,-0.2835,0.4311,1.744,0.6813,0.8345,0.007937,0.9766,"not distinguishable from chance",0.6576,FALSE
"Mono_CD14","Influenza_d3 vs Influenza_ctrl","Sex_predicted","categorical",5,5,NA,NA,NA,NA,NA,NA,NA,1,1,NA,NA,"not distinguishable from chance",NA,FALSE
"Mono_CD14","Influenza_d30 vs Influenza_ctrl","mean_TSS","continuous",5,5,12.76,12.76,0.8964,0.9952,0.002078,0.4089,1.709,1,0.8345,0.007937,1,"not distinguishable from chance",0.005082,FALSE
"Mono_CD14","Influenza_d30 vs Influenza_ctrl","mean_FRIP","continuous",5,5,0.4367,0.452,0.1022,0.1416,-0.1235,0.4469,1.514,0.8266,0.8345,0.007937,0.9766,"not distinguishable from chance",0.2762,FALSE
"Mono_CD14","Influenza_d30 vs Influenza_ctrl","mean_log10_nFrags","continuous",5,5,3.85,3.936,0.1887,0.189,-0.4557,0.4569,1.448,0.5063,0.5309,0.007937,0.9766,"not distinguishable from chance",0.9975,FALSE
"Mono_CD14","Influenza_d30 vs Influenza_ctrl","n_cells","continuous",5,5,5416,4907,2214,2337,0.2237,0.4303,1.546,0.7085,0.6761,0.007937,0.9766,"not distinguishable from chance",0.5199,FALSE
"Mono_CD14","Influenza_d30 vs Influenza_ctrl","Sex_predicted","categorical",5,5,NA,NA,NA,NA,NA,NA,NA,1,1,NA,NA,"not distinguishable from chance",NA,FALSE
"Mono_CD14","Influenza_d6 vs Influenza_ctrl","mean_TSS","continuous",5,5,11.84,12.76,1.426,0.9952,-0.7402,0.5112,1.285,0.2837,0.4034,0.007937,0.9766,"not distinguishable from chance",1.448,FALSE
"Mono_CD14","Influenza_d6 vs Influenza_ctrl","mean_FRIP","continuous",5,5,0.4138,0.452,0.1219,0.1416,-0.2892,0.4017,1.511,0.6567,0.8345,0.007937,0.9766,"not distinguishable from chance",0.7199,FALSE
"Mono_CD14","Influenza_d6 vs Influenza_ctrl","mean_log10_nFrags","continuous",5,5,3.919,3.936,0.1757,0.189,-0.09678,0.4147,1.46,0.8634,0.8345,0.007937,0.9766,"not distinguishable from chance",0.2333,FALSE
"Mono_CD14","Influenza_d6 vs Influenza_ctrl","n_cells","continuous",5,5,2801,4907,1725,2337,-1.026,0.4896,1.555,0.1784,0.4034,0.007937,0.9766,"not distinguishable from chance",2.095,FALSE
"Mono_CD14","Influenza_d6 vs Influenza_ctrl","Sex_predicted","categorical",5,5,NA,NA,NA,NA,NA,NA,NA,1,1,NA,NA,"not distinguishable from chance",NA,FALSE
"Mono_CD14","OP_med vs OP_low","mean_TSS","continuous",6,9,16.02,16.26,0.9756,0.8468,-0.268,0.3709,1.126,0.6323,0.953,0.0003996,0.9766,"not distinguishable from chance",0.7227,FALSE
"Mono_CD14","OP_med vs OP_low","mean_FRIP","continuous",6,9,0.5898,0.6101,0.04542,0.03327,-0.5093,0.3873,1.102,0.3721,0.3768,0.0003996,0.9766,"not distinguishable from chance",1.315,FALSE
"Mono_CD14","OP_med vs OP_low","mean_log10_nFrags","continuous",6,9,4.158,4.136,0.09003,0.06648,0.2778,0.3453,1.18,0.5947,0.5169,0.0003996,0.9766,"not distinguishable from chance",0.8047,FALSE
"Mono_CD14","OP_med vs OP_low","n_cells","continuous",6,9,3216,3777,971.4,1320,-0.4842,0.3717,1.124,0.3855,0.4437,0.0003996,0.9766,"not distinguishable from chance",1.303,FALSE
"Mono_CD14","OP_med vs OP_low","Sex_predicted","categorical",6,9,NA,NA,NA,NA,NA,NA,NA,0.3147,0.3147,NA,NA,"not distinguishable from chance",NA,FALSE
"Mono_CD16","OP_high vs OP_low","mean_TSS","continuous",18,9,16.7,16.26,1.113,0.8468,0.444,0.2731,0.8539,0.2745,0.2076,4.267e-07,0.9766,"not distinguishable from chance",1.626,FALSE
"Mono_CD16","OP_high vs OP_low","mean_FRIP","continuous",18,9,0.6075,0.6101,0.03494,0.03327,-0.0764,0.289,0.872,0.8572,0.9385,4.267e-07,0.9766,"not distinguishable from chance",0.2644,FALSE
"Mono_CD16","OP_high vs OP_low","mean_log10_nFrags","continuous",18,9,4.135,4.136,0.09385,0.06648,-0.02384,0.2791,0.8492,0.9528,0.817,4.267e-07,0.9886,"not distinguishable from chance",0.08542,FALSE
"Mono_CD16","OP_high vs OP_low","n_cells","continuous",18,9,3352,3777,1206,1320,-0.3356,0.2792,0.839,0.4183,0.5203,4.267e-07,0.9766,"not distinguishable from chance",1.202,FALSE
"Mono_CD16","OP_high vs OP_low","Sex_predicted","categorical",18,9,NA,NA,NA,NA,NA,NA,NA,0.6924,0.6924,NA,NA,"not distinguishable from chance",NA,FALSE
"Mono_CD16","OP_high vs OP_med","mean_TSS","continuous",18,6,16.7,16.02,1.113,0.9756,0.6536,0.3233,0.9962,0.1846,0.1936,1.486e-05,0.9766,"not distinguishable from chance",2.021,FALSE
"Mono_CD16","OP_high vs OP_med","mean_FRIP","continuous",18,6,0.6075,0.5898,0.03494,0.04542,0.4361,0.3253,0.9711,0.3637,0.3014,1.486e-05,0.9766,"not distinguishable from chance",1.34,FALSE
"Mono_CD16","OP_high vs OP_med","mean_log10_nFrags","continuous",18,6,4.135,4.158,0.09385,0.09003,-0.2602,0.3212,1.018,0.5837,0.5265,1.486e-05,0.9766,"not distinguishable from chance",0.81,FALSE
"Mono_CD16","OP_high vs OP_med","n_cells","continuous",18,6,3352,3216,1206,971.4,0.125,0.3242,0.9916,0.793,0.9734,1.486e-05,0.9766,"not distinguishable from chance",0.3854,FALSE
"Mono_CD16","OP_high vs OP_med","Sex_predicted","categorical",18,6,NA,NA,NA,NA,NA,NA,NA,0.6404,0.6404,NA,NA,"not distinguishable from chance",NA,FALSE
"Mono_CD16","Influenza_d3 vs Influenza_ctrl","mean_TSS","continuous",3,3,12.82,12.13,0.2496,0.6477,1.41,0.6038,1.421,0.1914,0.1904,0.1,0.9766,"not distinguishable from chance",2.336,TRUE
"Mono_CD16","Influenza_d3 vs Influenza_ctrl","mean_FRIP","continuous",3,3,0.411,0.3552,0.04286,0.0693,0.969,0.5263,2.022,0.3955,0.3827,0.1,0.9766,"not distinguishable from chance",1.841,TRUE
"Mono_CD16","Influenza_d3 vs Influenza_ctrl","mean_log10_nFrags","continuous",3,3,3.926,3.821,0.2167,0.1316,0.5881,0.5881,1.726,0.6035,0.6625,0.1,0.9766,"not distinguishable from chance",1,TRUE
"Mono_CD16","Influenza_d3 vs Influenza_ctrl","n_cells","continuous",3,3,4426,5972,3025,1716,-0.6287,0.6287,1.78,0.5057,0.6625,0.1,0.9766,"not distinguishable from chance",1,TRUE
"Mono_CD16","Influenza_d3 vs Influenza_ctrl","Sex_predicted","categorical",3,3,NA,NA,NA,NA,NA,NA,NA,1,1,NA,NA,"not distinguishable from chance",NA,FALSE
"Mono_CD16","Influenza_d30 vs Influenza_ctrl","mean_TSS","continuous",3,3,12.83,12.13,1.25,0.6477,0.7105,0.5844,1.741,0.3975,0.3827,0.1,0.9766,"not distinguishable from chance",1.216,TRUE
"Mono_CD16","Influenza_d30 vs Influenza_ctrl","mean_FRIP","continuous",3,3,0.3688,0.3552,0.05325,0.0693,0.2203,0.6247,3.678,0.8992,1,0.1,0.9886,"not distinguishable from chance",0.3526,TRUE
"Mono_CD16","Influenza_d30 vs Influenza_ctrl","mean_log10_nFrags","continuous",3,3,3.746,3.821,0.1755,0.1316,-0.4815,0.6509,2.199,0.5985,0.6625,0.1,0.9766,"not distinguishable from chance",0.7397,TRUE
"Mono_CD16","Influenza_d30 vs Influenza_ctrl","n_cells","continuous",3,3,6952,5972,951.1,1716,0.7065,0.4464,3.364,0.4027,0.3827,0.1,0.9766,"not distinguishable from chance",1.583,TRUE
"Mono_CD16","Influenza_d30 vs Influenza_ctrl","Sex_predicted","categorical",3,3,NA,NA,NA,NA,NA,NA,NA,1,1,NA,NA,"not distinguishable from chance",NA,FALSE
"Mono_CD16","Influenza_d6 vs Influenza_ctrl","mean_TSS","continuous",5,3,11.84,12.13,1.426,0.6477,-0.2529,0.5393,1.328,0.8778,1,0.03571,0.979,"not distinguishable from chance",0.469,FALSE
"Mono_CD16","Influenza_d6 vs Influenza_ctrl","mean_FRIP","continuous",5,3,0.4138,0.3552,0.1219,0.0693,0.5909,0.5206,2.026,0.4741,0.3711,0.03571,0.9766,"not distinguishable from chance",1.135,FALSE
"Mono_CD16","Influenza_d6 vs Influenza_ctrl","mean_log10_nFrags","continuous",5,3,3.919,3.821,0.1757,0.1316,0.6278,0.5127,1.858,0.4411,0.551,0.03571,0.9766,"not distinguishable from chance",1.225,FALSE
"Mono_CD16","Influenza_d6 vs Influenza_ctrl","n_cells","continuous",5,3,2801,5972,1725,1716,-1.843,0.57,2.047,0.1048,0.136,0.03571,0.9766,"not distinguishable from chance",3.233,FALSE
"Mono_CD16","Influenza_d6 vs Influenza_ctrl","Sex_predicted","categorical",5,3,NA,NA,NA,NA,NA,NA,NA,1,1,NA,NA,"not distinguishable from chance",NA,FALSE
"Mono_CD16","OP_med vs OP_low","mean_TSS","continuous",6,9,16.02,16.26,0.9756,0.8468,-0.268,0.375,1.151,0.6309,0.953,0.0003996,0.9766,"not distinguishable from chance",0.7148,FALSE
"Mono_CD16","OP_med vs OP_low","mean_FRIP","continuous",6,9,0.5898,0.6101,0.04542,0.03327,-0.5093,0.3835,1.121,0.3663,0.3768,0.0003996,0.9766,"not distinguishable from chance",1.328,FALSE
"Mono_CD16","OP_med vs OP_low","mean_log10_nFrags","continuous",6,9,4.158,4.136,0.09003,0.06648,0.2778,0.3696,1.146,0.6147,0.5169,0.0003996,0.9766,"not distinguishable from chance",0.7517,FALSE
"Mono_CD16","OP_med vs OP_low","n_cells","continuous",6,9,3216,3777,971.4,1320,-0.4842,0.3729,1.094,0.3939,0.4437,0.0003996,0.9766,"not distinguishable from chance",1.299,FALSE
"Mono_CD16","OP_med vs OP_low","Sex_predicted","categorical",6,9,NA,NA,NA,NA,NA,NA,NA,0.3147,0.3147,NA,NA,"not distinguishable from chance",NA,FALSE
"NK_CD16","OP_high vs OP_low","mean_TSS","continuous",19,9,16.57,16.26,1.215,0.8468,0.2977,0.2796,0.8404,0.4721,0.3252,2.896e-07,0.9766,"not distinguishable from chance",1.065,FALSE
"NK_CD16","OP_high vs OP_low","mean_FRIP","continuous",19,9,0.6022,0.6101,0.041,0.03327,-0.211,0.274,0.8365,0.6045,0.7679,2.896e-07,0.9766,"not distinguishable from chance",0.7699,FALSE
"NK_CD16","OP_high vs OP_low","mean_log10_nFrags","continuous",19,9,4.131,4.136,0.0925,0.06648,-0.06798,0.2673,0.8374,0.8618,0.7306,2.896e-07,0.9766,"not distinguishable from chance",0.2543,FALSE
"NK_CD16","OP_high vs OP_low","n_cells","continuous",19,9,3248,3777,1258,1320,-0.4104,0.2785,0.8473,0.3243,0.403,2.896e-07,0.9766,"not distinguishable from chance",1.474,FALSE
"NK_CD16","OP_high vs OP_low","Sex_predicted","categorical",19,9,NA,NA,NA,NA,NA,NA,NA,1,1,NA,NA,"not distinguishable from chance",NA,FALSE
"NK_CD16","OP_high vs OP_med","mean_TSS","continuous",19,6,16.57,16.02,1.215,0.9756,0.5051,0.3261,0.9934,0.3029,0.2655,1.129e-05,0.9766,"not distinguishable from chance",1.549,FALSE
"NK_CD16","OP_high vs OP_med","mean_FRIP","continuous",19,6,0.6022,0.5898,0.041,0.04542,0.2866,0.3149,1.004,0.5399,0.3903,1.129e-05,0.9766,"not distinguishable from chance",0.91,FALSE
"NK_CD16","OP_high vs OP_med","mean_log10_nFrags","continuous",19,6,4.131,4.158,0.0925,0.09003,-0.3009,0.3208,1.03,0.5265,0.5041,1.129e-05,0.9766,"not distinguishable from chance",0.938,FALSE
"NK_CD16","OP_high vs OP_med","n_cells","continuous",19,6,3248,3216,1258,971.4,0.02844,0.3066,0.9715,0.954,0.924,1.129e-05,0.9886,"not distinguishable from chance",0.09277,FALSE
"NK_CD16","OP_high vs OP_med","Sex_predicted","categorical",19,6,NA,NA,NA,NA,NA,NA,NA,0.3783,0.3783,NA,NA,"not distinguishable from chance",NA,FALSE
"NK_CD16","HIV_ctrl vs HIV_acu","mean_TSS","continuous",4,4,17.13,17.45,0.6747,0.7756,-0.4417,0.5125,1.613,0.5717,0.665,0.02857,0.9766,"not distinguishable from chance",0.8619,FALSE
"NK_CD16","HIV_ctrl vs HIV_acu","mean_FRIP","continuous",4,4,0.6483,0.6502,0.016,0.02321,-0.09312,0.492,2.221,0.944,1,0.02857,0.9886,"not distinguishable from chance",0.1893,FALSE
"NK_CD16","HIV_ctrl vs HIV_acu","mean_log10_nFrags","continuous",4,4,4.283,4.257,0.189,0.06985,0.1783,0.5549,1.563,0.8244,0.665,0.02857,0.9766,"not distinguishable from chance",0.3212,FALSE
"NK_CD16","HIV_ctrl vs HIV_acu","n_cells","continuous",4,4,2541,1897,1928,562.6,0.4531,0.5817,1.504,0.6625,0.8852,0.02857,0.9766,"not distinguishable from chance",0.7789,FALSE
"NK_CD16","HIV_ctrl vs HIV_acu","Donor_ID","categorical",4,4,NA,NA,NA,NA,NA,NA,NA,1,1,NA,NA,"not distinguishable from chance",NA,FALSE
"NK_CD16","Influenza_d3 vs Influenza_ctrl","mean_TSS","continuous",5,5,13.09,12.76,0.4335,0.9952,0.4364,0.4592,1.476,0.5185,0.6761,0.007937,0.9766,"not distinguishable from chance",0.9503,FALSE
"NK_CD16","Influenza_d3 vs Influenza_ctrl","mean_FRIP","continuous",5,5,0.4781,0.452,0.09767,0.1416,0.2149,0.4041,1.516,0.7291,0.8345,0.007937,0.9766,"not distinguishable from chance",0.5318,FALSE
"NK_CD16","Influenza_d3 vs Influenza_ctrl","mean_log10_nFrags","continuous",5,5,3.957,3.936,0.1615,0.189,0.1165,0.4185,1.384,0.8238,0.8345,0.007937,0.9766,"not distinguishable from chance",0.2784,FALSE
"NK_CD16","Influenza_d3 vs Influenza_ctrl","n_cells","continuous",5,5,4197,4907,2663,2337,-0.2835,0.4311,1.766,0.6951,0.8345,0.007937,0.9766,"not distinguishable from chance",0.6576,FALSE
"NK_CD16","Influenza_d3 vs Influenza_ctrl","Sex_predicted","categorical",5,5,NA,NA,NA,NA,NA,NA,NA,1,1,NA,NA,"not distinguishable from chance",NA,FALSE
"NK_CD16","Influenza_d30 vs Influenza_ctrl","mean_TSS","continuous",5,5,12.76,12.76,0.8964,0.9952,0.002078,0.4278,1.741,1,0.8345,0.007937,1,"not distinguishable from chance",0.004857,FALSE
"NK_CD16","Influenza_d30 vs Influenza_ctrl","mean_FRIP","continuous",5,5,0.4367,0.452,0.1022,0.1416,-0.1235,0.4469,1.383,0.8442,0.8345,0.007937,0.9766,"not distinguishable from chance",0.2762,FALSE
"NK_CD16","Influenza_d30 vs Influenza_ctrl","mean_log10_nFrags","continuous",5,5,3.85,3.936,0.1887,0.189,-0.4557,0.4581,1.58,0.5089,0.5309,0.007937,0.9766,"not distinguishable from chance",0.9949,FALSE
"NK_CD16","Influenza_d30 vs Influenza_ctrl","n_cells","continuous",5,5,5416,4907,2214,2337,0.2237,0.4407,1.546,0.7167,0.6761,0.007937,0.9766,"not distinguishable from chance",0.5076,FALSE
"NK_CD16","Influenza_d30 vs Influenza_ctrl","Sex_predicted","categorical",5,5,NA,NA,NA,NA,NA,NA,NA,1,1,NA,NA,"not distinguishable from chance",NA,FALSE
"NK_CD16","Influenza_d6 vs Influenza_ctrl","mean_TSS","continuous",5,5,11.84,12.76,1.426,0.9952,-0.7402,0.5112,1.285,0.2885,0.4034,0.007937,0.9766,"not distinguishable from chance",1.448,FALSE
"NK_CD16","Influenza_d6 vs Influenza_ctrl","mean_FRIP","continuous",5,5,0.4138,0.452,0.1219,0.1416,-0.2892,0.4539,1.511,0.6771,0.8345,0.007937,0.9766,"not distinguishable from chance",0.6372,FALSE
"NK_CD16","Influenza_d6 vs Influenza_ctrl","mean_log10_nFrags","continuous",5,5,3.919,3.936,0.1757,0.189,-0.09678,0.4135,1.46,0.866,0.8345,0.007937,0.9766,"not distinguishable from chance",0.234,FALSE
"NK_CD16","Influenza_d6 vs Influenza_ctrl","n_cells","continuous",5,5,2801,4907,1725,2337,-1.026,0.5004,1.533,0.1776,0.4034,0.007937,0.9766,"not distinguishable from chance",2.05,FALSE
"NK_CD16","Influenza_d6 vs Influenza_ctrl","Sex_predicted","categorical",5,5,NA,NA,NA,NA,NA,NA,NA,1,1,NA,NA,"not distinguishable from chance",NA,FALSE
"NK_CD16","OP_med vs OP_low","mean_TSS","continuous",6,9,16.02,16.26,0.9756,0.8468,-0.268,0.3645,1.135,0.6249,0.953,0.0003996,0.9766,"not distinguishable from chance",0.7354,FALSE
"NK_CD16","OP_med vs OP_low","mean_FRIP","continuous",6,9,0.5898,0.6101,0.04542,0.03327,-0.5093,0.3884,1.121,0.3669,0.3768,0.0003996,0.9766,"not distinguishable from chance",1.312,FALSE
"NK_CD16","OP_med vs OP_low","mean_log10_nFrags","continuous",6,9,4.158,4.136,0.09003,0.06648,0.2778,0.357,1.17,0.6085,0.5169,0.0003996,0.9766,"not distinguishable from chance",0.7783,FALSE
"NK_CD16","OP_med vs OP_low","n_cells","continuous",6,9,3216,3777,971.4,1320,-0.4842,0.3762,1.112,0.3887,0.4437,0.0003996,0.9766,"not distinguishable from chance",1.287,FALSE
"NK_CD16","OP_med vs OP_low","Sex_predicted","categorical",6,9,NA,NA,NA,NA,NA,NA,NA,0.3147,0.3147,NA,NA,"not distinguishable from chance",NA,FALSE
"T_mait","OP_high vs OP_low","mean_TSS","continuous",7,3,16.53,16.26,0.9224,1.279,0.238,0.4706,2.125,0.8316,0.8197,0.01667,0.9766,"not distinguishable from chance",0.5057,FALSE
"T_mait","OP_high vs OP_low","mean_FRIP","continuous",7,3,0.5974,0.6156,0.04201,0.02386,-0.5341,0.4556,1.893,0.4345,0.3619,0.01667,0.9766,"not distinguishable from chance",1.172,FALSE
"T_mait","OP_high vs OP_low","mean_log10_nFrags","continuous",7,3,4.089,4.127,0.06058,0.06475,-0.6129,0.4831,2.017,0.3999,0.6485,0.01667,0.9766,"not distinguishable from chance",1.269,FALSE
"T_mait","OP_high vs OP_low","n_cells","continuous",7,3,3991,4952,1148,1355,-0.7652,0.5137,1.895,0.3325,0.2545,0.01667,0.9766,"not distinguishable from chance",1.489,FALSE
"T_mait","OP_high vs OP_low","Sex_predicted","categorical",7,3,NA,NA,NA,NA,NA,NA,NA,1,1,NA,NA,"not distinguishable from chance",NA,FALSE
"T_mait","Influenza_d30 vs Influenza_ctrl","mean_TSS","continuous",4,3,12.75,12.63,1.035,1.298,0.1023,0.5978,2.075,0.8006,0.8597,0.05714,0.9766,"not distinguishable from chance",0.1711,TRUE
"T_mait","Influenza_d30 vs Influenza_ctrl","mean_FRIP","continuous",4,3,0.418,0.4419,0.1076,0.1612,-0.1741,0.5486,2.115,0.7009,0.8597,0.05714,0.9766,"not distinguishable from chance",0.3174,TRUE
"T_mait","Influenza_d30 vs Influenza_ctrl","mean_log10_nFrags","continuous",4,3,3.812,3.982,0.1943,0.1823,-0.9013,0.5939,2.151,0.3461,0.3768,0.05714,0.9766,"not distinguishable from chance",1.518,TRUE
"T_mait","Influenza_d30 vs Influenza_ctrl","n_cells","continuous",4,3,6049,3805,1967,2149,1.089,0.5917,2.298,0.2278,0.2159,0.05714,0.9766,"not distinguishable from chance",1.841,TRUE
"T_mait","Influenza_d30 vs Influenza_ctrl","Sex_predicted","categorical",4,3,NA,NA,NA,NA,NA,NA,NA,1,1,NA,NA,"not distinguishable from chance",NA,FALSE
"T_mem_CD4","OP_high vs OP_low","mean_TSS","continuous",19,9,16.57,16.26,1.215,0.8468,0.2977,0.2704,0.8294,0.4577,0.3252,2.896e-07,0.9766,"not distinguishable from chance",1.101,FALSE
"T_mem_CD4","OP_high vs OP_low","mean_FRIP","continuous",19,9,0.6022,0.6101,0.041,0.03327,-0.211,0.276,0.8212,0.6041,0.7679,2.896e-07,0.9766,"not distinguishable from chance",0.7646,FALSE
"T_mem_CD4","OP_high vs OP_low","mean_log10_nFrags","continuous",19,9,4.131,4.136,0.0925,0.06648,-0.06798,0.2762,0.8614,0.8724,0.7306,2.896e-07,0.9766,"not distinguishable from chance",0.2461,FALSE
"T_mem_CD4","OP_high vs OP_low","n_cells","continuous",19,9,3248,3777,1258,1320,-0.4104,0.2726,0.8137,0.3129,0.403,2.896e-07,0.9766,"not distinguishable from chance",1.505,FALSE
"T_mem_CD4","OP_high vs OP_low","Sex_predicted","categorical",19,9,NA,NA,NA,NA,NA,NA,NA,1,1,NA,NA,"not distinguishable from chance",NA,FALSE
"T_mem_CD4","OP_high vs OP_med","mean_TSS","continuous",19,6,16.57,16.02,1.215,0.9756,0.5051,0.3213,0.9861,0.3001,0.2655,1.129e-05,0.9766,"not distinguishable from chance",1.572,FALSE
"T_mem_CD4","OP_high vs OP_med","mean_FRIP","continuous",19,6,0.6022,0.5898,0.041,0.04542,0.2866,0.3224,0.9626,0.5497,0.3903,1.129e-05,0.9766,"not distinguishable from chance",0.889,FALSE
"T_mem_CD4","OP_high vs OP_med","mean_log10_nFrags","continuous",19,6,4.131,4.158,0.0925,0.09003,-0.3009,0.3216,1.035,0.5225,0.5041,1.129e-05,0.9766,"not distinguishable from chance",0.9355,FALSE
"T_mem_CD4","OP_high vs OP_med","n_cells","continuous",19,6,3248,3216,1258,971.4,0.02844,0.3142,0.9618,0.9458,0.924,1.129e-05,0.9886,"not distinguishable from chance",0.09053,FALSE
"T_mem_CD4","OP_high vs OP_med","Sex_predicted","categorical",19,6,NA,NA,NA,NA,NA,NA,NA,0.3783,0.3783,NA,NA,"not distinguishable from chance",NA,FALSE
"T_mem_CD4","HIV_ctrl vs HIV_chr","mean_TSS","continuous",4,3,17.13,17.54,0.6747,1.043,-0.4688,0.5753,2.398,0.5991,0.8597,0.05714,0.9766,"not distinguishable from chance",0.8148,TRUE
"T_mem_CD4","HIV_ctrl vs HIV_chr","mean_FRIP","continuous",4,3,0.6483,0.6426,0.016,0.01653,0.3531,0.5044,2.092,0.7081,0.8597,0.05714,0.9766,"not distinguishable from chance",0.7001,TRUE
"T_mem_CD4","HIV_ctrl vs HIV_chr","mean_log10_nFrags","continuous",4,3,4.283,4.248,0.189,0.1477,0.2025,0.4926,2.073,0.7776,0.8597,0.05714,0.9766,"not distinguishable from chance",0.4111,TRUE
"T_mem_CD4","HIV_ctrl vs HIV_chr","n_cells","continuous",4,3,2541,1605,1928,896.2,0.6222,0.6161,1.923,0.4751,0.5959,0.05714,0.9766,"not distinguishable from chance",1.01,TRUE
"T_mem_CD4","HIV_ctrl vs HIV_chr","Donor_ID","categorical",4,3,NA,NA,NA,NA,NA,NA,NA,1,1,NA,NA,"not distinguishable from chance",NA,FALSE
"T_mem_CD4","HIV_ctrl vs HIV_acu","mean_TSS","continuous",4,4,17.13,17.45,0.6747,0.7756,-0.4417,0.5125,1.613,0.5723,0.665,0.02857,0.9766,"not distinguishable from chance",0.8619,FALSE
"T_mem_CD4","HIV_ctrl vs HIV_acu","mean_FRIP","continuous",4,4,0.6483,0.6502,0.016,0.02321,-0.09312,0.492,2.221,0.9412,1,0.02857,0.9886,"not distinguishable from chance",0.1893,FALSE
"T_mem_CD4","HIV_ctrl vs HIV_acu","mean_log10_nFrags","continuous",4,4,4.283,4.257,0.189,0.06985,0.1783,0.5549,1.563,0.8304,0.665,0.02857,0.9766,"not distinguishable from chance",0.3212,FALSE
"T_mem_CD4","HIV_ctrl vs HIV_acu","n_cells","continuous",4,4,2541,1897,1928,562.6,0.4531,0.5817,1.504,0.6559,0.8852,0.02857,0.9766,"not distinguishable from chance",0.7789,FALSE
"T_mem_CD4","HIV_ctrl vs HIV_acu","Donor_ID","categorical",4,4,NA,NA,NA,NA,NA,NA,NA,1,1,NA,NA,"not distinguishable from chance",NA,FALSE
"T_mem_CD4","Influenza_d3 vs Influenza_ctrl","mean_TSS","continuous",5,5,13.09,12.76,0.4335,0.9952,0.4364,0.4592,1.509,0.5149,0.6761,0.007937,0.9766,"not distinguishable from chance",0.9503,FALSE
"T_mem_CD4","Influenza_d3 vs Influenza_ctrl","mean_FRIP","continuous",5,5,0.4781,0.452,0.09767,0.1416,0.2149,0.4072,1.516,0.7357,0.8345,0.007937,0.9766,"not distinguishable from chance",0.5278,FALSE
"T_mem_CD4","Influenza_d3 vs Influenza_ctrl","mean_log10_nFrags","continuous",5,5,3.957,3.936,0.1615,0.189,0.1165,0.4185,1.374,0.8318,0.8345,0.007937,0.9766,"not distinguishable from chance",0.2784,FALSE
"T_mem_CD4","Influenza_d3 vs Influenza_ctrl","n_cells","continuous",5,5,4197,4907,2663,2337,-0.2835,0.426,1.744,0.6775,0.8345,0.007937,0.9766,"not distinguishable from chance",0.6656,FALSE
"T_mem_CD4","Influenza_d3 vs Influenza_ctrl","Sex_predicted","categorical",5,5,NA,NA,NA,NA,NA,NA,NA,1,1,NA,NA,"not distinguishable from chance",NA,FALSE
"T_mem_CD4","Influenza_d30 vs Influenza_ctrl","mean_TSS","continuous",5,5,12.76,12.76,0.8964,0.9952,0.002078,0.4214,1.741,1,0.8345,0.007937,1,"not distinguishable from chance",0.004931,FALSE
"T_mem_CD4","Influenza_d30 vs Influenza_ctrl","mean_FRIP","continuous",5,5,0.4367,0.452,0.1022,0.1416,-0.1235,0.4106,1.514,0.8246,0.8345,0.007937,0.9766,"not distinguishable from chance",0.3006,FALSE
"T_mem_CD4","Influenza_d30 vs Influenza_ctrl","mean_log10_nFrags","continuous",5,5,3.85,3.936,0.1887,0.189,-0.4557,0.455,1.448,0.4889,0.5309,0.007937,0.9766,"not distinguishable from chance",1.002,FALSE
"T_mem_CD4","Influenza_d30 vs Influenza_ctrl","n_cells","continuous",5,5,5416,4907,2214,2337,0.2237,0.4407,1.546,0.7121,0.6761,0.007937,0.9766,"not distinguishable from chance",0.5076,FALSE
"T_mem_CD4","Influenza_d30 vs Influenza_ctrl","Sex_predicted","categorical",5,5,NA,NA,NA,NA,NA,NA,NA,1,1,NA,NA,"not distinguishable from chance",NA,FALSE
"T_mem_CD4","Influenza_d6 vs Influenza_ctrl","mean_TSS","continuous",5,5,11.84,12.76,1.426,0.9952,-0.7402,0.5112,1.581,0.2919,0.4034,0.007937,0.9766,"not distinguishable from chance",1.448,FALSE
"T_mem_CD4","Influenza_d6 vs Influenza_ctrl","mean_FRIP","continuous",5,5,0.4138,0.452,0.1219,0.1416,-0.2892,0.4103,1.511,0.6657,0.8345,0.007937,0.9766,"not distinguishable from chance",0.7048,FALSE
"T_mem_CD4","Influenza_d6 vs Influenza_ctrl","mean_log10_nFrags","continuous",5,5,3.919,3.936,0.1757,0.189,-0.09678,0.4147,1.46,0.8622,0.8345,0.007937,0.9766,"not distinguishable from chance",0.2333,FALSE
"T_mem_CD4","Influenza_d6 vs Influenza_ctrl","n_cells","continuous",5,5,2801,4907,1725,2337,-1.026,0.4896,1.533,0.1616,0.4034,0.007937,0.9766,"not distinguishable from chance",2.095,FALSE
"T_mem_CD4","Influenza_d6 vs Influenza_ctrl","Sex_predicted","categorical",5,5,NA,NA,NA,NA,NA,NA,NA,1,1,NA,NA,"not distinguishable from chance",NA,FALSE
"T_mem_CD4","OP_med vs OP_low","mean_TSS","continuous",6,9,16.02,16.26,0.9756,0.8468,-0.268,0.3725,1.107,0.6265,0.953,0.0003996,0.9766,"not distinguishable from chance",0.7195,FALSE
"T_mem_CD4","OP_med vs OP_low","mean_FRIP","continuous",6,9,0.5898,0.6101,0.04542,0.03327,-0.5093,0.3804,1.102,0.3679,0.3768,0.0003996,0.9766,"not distinguishable from chance",1.339,FALSE
"T_mem_CD4","OP_med vs OP_low","mean_log10_nFrags","continuous",6,9,4.158,4.136,0.09003,0.06648,0.2778,0.3618,1.181,0.6081,0.5169,0.0003996,0.9766,"not distinguishable from chance",0.7679,FALSE
"T_mem_CD4","OP_med vs OP_low","n_cells","continuous",6,9,3216,3777,971.4,1320,-0.4842,0.3756,1.105,0.3865,0.4437,0.0003996,0.9766,"not distinguishable from chance",1.289,FALSE
"T_mem_CD4","OP_med vs OP_low","Sex_predicted","categorical",6,9,NA,NA,NA,NA,NA,NA,NA,0.3147,0.3147,NA,NA,"not distinguishable from chance",NA,FALSE
"T_mem_CD8","OP_high vs OP_low","mean_TSS","continuous",19,9,16.57,16.26,1.215,0.8468,0.2977,0.272,0.8341,0.4643,0.3252,2.896e-07,0.9766,"not distinguishable from chance",1.095,FALSE
"T_mem_CD8","OP_high vs OP_low","mean_FRIP","continuous",19,9,0.6022,0.6101,0.041,0.03327,-0.211,0.2918,0.8466,0.6197,0.7679,2.896e-07,0.9766,"not distinguishable from chance",0.723,FALSE
"T_mem_CD8","OP_high vs OP_low","mean_log10_nFrags","continuous",19,9,4.131,4.136,0.0925,0.06648,-0.06798,0.2739,0.8398,0.865,0.7306,2.896e-07,0.9766,"not distinguishable from chance",0.2482,FALSE
"T_mem_CD8","OP_high vs OP_low","n_cells","continuous",19,9,3248,3777,1258,1320,-0.4104,0.2764,0.8372,0.3169,0.403,2.896e-07,0.9766,"not distinguishable from chance",1.485,FALSE
"T_mem_CD8","OP_high vs OP_low","Sex_predicted","categorical",19,9,NA,NA,NA,NA,NA,NA,NA,1,1,NA,NA,"not distinguishable from chance",NA,FALSE
"T_mem_CD8","OP_high vs OP_med","mean_TSS","continuous",19,6,16.57,16.02,1.215,0.9756,0.5051,0.3213,0.9986,0.2963,0.2655,1.129e-05,0.9766,"not distinguishable from chance",1.572,FALSE
"T_mem_CD8","OP_high vs OP_med","mean_FRIP","continuous",19,6,0.6022,0.5898,0.041,0.04542,0.2866,0.3318,0.9797,0.5589,0.3903,1.129e-05,0.9766,"not distinguishable from chance",0.8639,FALSE
"T_mem_CD8","OP_high vs OP_med","mean_log10_nFrags","continuous",19,6,4.131,4.158,0.0925,0.09003,-0.3009,0.328,1.026,0.5325,0.5041,1.129e-05,0.9766,"not distinguishable from chance",0.9174,FALSE
"T_mem_CD8","OP_high vs OP_med","n_cells","continuous",19,6,3248,3216,1258,971.4,0.02844,0.3245,1.005,0.9526,0.924,1.129e-05,0.9886,"not distinguishable from chance",0.08766,FALSE
"T_mem_CD8","OP_high vs OP_med","Sex_predicted","categorical",19,6,NA,NA,NA,NA,NA,NA,NA,0.3783,0.3783,NA,NA,"not distinguishable from chance",NA,FALSE
"T_mem_CD8","HIV_ctrl vs HIV_chr","mean_TSS","continuous",4,4,17.13,17.98,0.6747,1.216,-0.8602,0.4883,1.974,0.3187,0.4705,0.02857,0.9766,"not distinguishable from chance",1.762,FALSE
"T_mem_CD8","HIV_ctrl vs HIV_chr","mean_FRIP","continuous",4,4,0.6483,0.6301,0.016,0.02827,0.7908,0.5635,1.756,0.3527,0.4705,0.02857,0.9766,"not distinguishable from chance",1.403,FALSE
"T_mem_CD8","HIV_ctrl vs HIV_chr","mean_log10_nFrags","continuous",4,4,4.283,4.195,0.189,0.1609,0.4992,0.4992,2.065,0.5203,0.665,0.02857,0.9766,"not distinguishable from chance",1,FALSE
"T_mem_CD8","HIV_ctrl vs HIV_chr","n_cells","continuous",4,4,2541,1351,1928,891.2,0.7922,0.6191,1.806,0.2553,0.3123,0.02857,0.9766,"not distinguishable from chance",1.28,FALSE
"T_mem_CD8","HIV_ctrl vs HIV_chr","Donor_ID","categorical",4,4,NA,NA,NA,NA,NA,NA,NA,1,1,NA,NA,"not distinguishable from chance",NA,FALSE
"T_mem_CD8","HIV_ctrl vs HIV_acu","mean_TSS","continuous",4,4,17.13,17.45,0.6747,0.7756,-0.4417,0.5125,1.613,0.5789,0.665,0.02857,0.9766,"not distinguishable from chance",0.8619,FALSE
"T_mem_CD8","HIV_ctrl vs HIV_acu","mean_FRIP","continuous",4,4,0.6483,0.6502,0.016,0.02321,-0.09312,0.492,2.221,0.9424,1,0.02857,0.9886,"not distinguishable from chance",0.1893,FALSE
"T_mem_CD8","HIV_ctrl vs HIV_acu","mean_log10_nFrags","continuous",4,4,4.283,4.257,0.189,0.06985,0.1783,0.5549,1.563,0.8252,0.665,0.02857,0.9766,"not distinguishable from chance",0.3212,FALSE
"T_mem_CD8","HIV_ctrl vs HIV_acu","n_cells","continuous",4,4,2541,1897,1928,562.6,0.4531,0.6456,1.504,0.6645,0.8852,0.02857,0.9766,"not distinguishable from chance",0.7019,FALSE
"T_mem_CD8","HIV_ctrl vs HIV_acu","Donor_ID","categorical",4,4,NA,NA,NA,NA,NA,NA,NA,1,1,NA,NA,"not distinguishable from chance",NA,FALSE
"T_mem_CD8","Influenza_d3 vs Influenza_ctrl","mean_TSS","continuous",5,5,13.09,12.76,0.4335,0.9952,0.4364,0.4388,1.476,0.5111,0.6761,0.007937,0.9766,"not distinguishable from chance",0.9946,FALSE
"T_mem_CD8","Influenza_d3 vs Influenza_ctrl","mean_FRIP","continuous",5,5,0.4781,0.452,0.09767,0.1416,0.2149,0.4072,1.348,0.7297,0.8345,0.007937,0.9766,"not distinguishable from chance",0.5278,FALSE
"T_mem_CD8","Influenza_d3 vs Influenza_ctrl","mean_log10_nFrags","continuous",5,5,3.957,3.936,0.1615,0.189,0.1165,0.4252,1.374,0.8322,0.8345,0.007937,0.9766,"not distinguishable from chance",0.274,FALSE
"T_mem_CD8","Influenza_d3 vs Influenza_ctrl","n_cells","continuous",5,5,4197,4907,2663,2337,-0.2835,0.426,1.744,0.6825,0.8345,0.007937,0.9766,"not distinguishable from chance",0.6656,FALSE
"T_mem_CD8","Influenza_d3 vs Influenza_ctrl","Sex_predicted","categorical",5,5,NA,NA,NA,NA,NA,NA,NA,1,1,NA,NA,"not distinguishable from chance",NA,FALSE
"T_mem_CD8","Influenza_d30 vs Influenza_ctrl","mean_TSS","continuous",5,5,12.76,12.76,0.8964,0.9952,0.002078,0.4089,1.709,1,0.8345,0.007937,1,"not distinguishable from chance",0.005082,FALSE
"T_mem_CD8","Influenza_d30 vs Influenza_ctrl","mean_FRIP","continuous",5,5,0.4367,0.452,0.1022,0.1416,-0.1235,0.4163,1.514,0.8292,0.8345,0.007937,0.9766,"not distinguishable from chance",0.2965,FALSE
"T_mem_CD8","Influenza_d30 vs Influenza_ctrl","mean_log10_nFrags","continuous",5,5,3.85,3.936,0.1887,0.189,-0.4557,0.4555,1.372,0.5001,0.5309,0.007937,0.9766,"not distinguishable from chance",1.001,FALSE
"T_mem_CD8","Influenza_d30 vs Influenza_ctrl","n_cells","continuous",5,5,5416,4907,2214,2337,0.2237,0.4407,1.546,0.7205,0.6761,0.007937,0.9766,"not distinguishable from chance",0.5076,FALSE
"T_mem_CD8","Influenza_d30 vs Influenza_ctrl","Sex_predicted","categorical",5,5,NA,NA,NA,NA,NA,NA,NA,1,1,NA,NA,"not distinguishable from chance",NA,FALSE
"T_mem_CD8","Influenza_d6 vs Influenza_ctrl","mean_TSS","continuous",5,5,11.84,12.76,1.426,0.9952,-0.7402,0.5112,1.285,0.2961,0.4034,0.007937,0.9766,"not distinguishable from chance",1.448,FALSE
"T_mem_CD8","Influenza_d6 vs Influenza_ctrl","mean_FRIP","continuous",5,5,0.4138,0.452,0.1219,0.1416,-0.2892,0.4103,1.511,0.6705,0.8345,0.007937,0.9766,"not distinguishable from chance",0.7048,FALSE
"T_mem_CD8","Influenza_d6 vs Influenza_ctrl","mean_log10_nFrags","continuous",5,5,3.919,3.936,0.1757,0.189,-0.09678,0.4135,1.539,0.859,0.8345,0.007937,0.9766,"not distinguishable from chance",0.234,FALSE
"T_mem_CD8","Influenza_d6 vs Influenza_ctrl","n_cells","continuous",5,5,2801,4907,1725,2337,-1.026,0.5004,1.555,0.1712,0.4034,0.007937,0.9766,"not distinguishable from chance",2.05,FALSE
"T_mem_CD8","Influenza_d6 vs Influenza_ctrl","Sex_predicted","categorical",5,5,NA,NA,NA,NA,NA,NA,NA,1,1,NA,NA,"not distinguishable from chance",NA,FALSE
"T_mem_CD8","OP_med vs OP_low","mean_TSS","continuous",6,9,16.02,16.26,0.9756,0.8468,-0.268,0.3714,1.128,0.6237,0.953,0.0003996,0.9766,"not distinguishable from chance",0.7217,FALSE
"T_mem_CD8","OP_med vs OP_low","mean_FRIP","continuous",6,9,0.5898,0.6101,0.04542,0.03327,-0.5093,0.3938,1.081,0.3801,0.3768,0.0003996,0.9766,"not distinguishable from chance",1.293,FALSE
"T_mem_CD8","OP_med vs OP_low","mean_log10_nFrags","continuous",6,9,4.158,4.136,0.09003,0.06648,0.2778,0.3551,1.188,0.6005,0.5169,0.0003996,0.9766,"not distinguishable from chance",0.7824,FALSE
"T_mem_CD8","OP_med vs OP_low","n_cells","continuous",6,9,3216,3777,971.4,1320,-0.4842,0.373,1.106,0.3771,0.4437,0.0003996,0.9766,"not distinguishable from chance",1.298,FALSE
"T_mem_CD8","OP_med vs OP_low","Sex_predicted","categorical",6,9,NA,NA,NA,NA,NA,NA,NA,0.3147,0.3147,NA,NA,"not distinguishable from chance",NA,FALSE
"T_mix","OP_high vs OP_low","mean_TSS","continuous",17,9,16.6,16.26,1.067,0.8468,0.3559,0.287,0.8563,0.4087,0.2811,6.401e-07,0.9766,"not distinguishable from chance",1.24,FALSE
"T_mix","OP_high vs OP_low","mean_FRIP","continuous",17,9,0.6059,0.6101,0.03534,0.03327,-0.1223,0.2754,0.8447,0.7698,0.8293,6.401e-07,0.9766,"not distinguishable from chance",0.4442,FALSE
"T_mix","OP_high vs OP_low","mean_log10_nFrags","continuous",17,9,4.124,4.136,0.08551,0.06648,-0.1604,0.2853,0.8627,0.7033,0.6276,6.401e-07,0.9766,"not distinguishable from chance",0.5622,FALSE
"T_mix","OP_high vs OP_low","n_cells","continuous",17,9,3494,3777,1077,1320,-0.2343,0.2757,0.8632,0.5697,0.6663,6.401e-07,0.9766,"not distinguishable from chance",0.8499,FALSE
"T_mix","OP_high vs OP_low","Sex_predicted","categorical",17,9,NA,NA,NA,NA,NA,NA,NA,1,1,NA,NA,"not distinguishable from chance",NA,FALSE
"T_mix","OP_high vs OP_med","mean_TSS","continuous",17,4,16.6,15.77,1.067,1.078,0.7787,0.4029,1.205,0.197,0.1941,0.0003342,0.9766,"not distinguishable from chance",1.933,FALSE
"T_mix","OP_high vs OP_med","mean_FRIP","continuous",17,4,0.6059,0.5809,0.03534,0.05274,0.556,0.3987,1.195,0.3477,0.2629,0.0003342,0.9766,"not distinguishable from chance",1.395,FALSE
"T_mix","OP_high vs OP_med","mean_log10_nFrags","continuous",17,4,4.124,4.127,0.08551,0.09601,-0.02708,0.4037,1.248,0.9512,0.8228,0.0003342,0.9886,"not distinguishable from chance",0.06707,FALSE
"T_mix","OP_high vs OP_med","n_cells","continuous",17,4,3494,3799,1077,444.9,-0.3699,0.3776,1.157,0.5097,0.347,0.0003342,0.9766,"not distinguishable from chance",0.9796,FALSE
"T_mix","OP_high vs OP_med","Sex_predicted","categorical",17,4,NA,NA,NA,NA,NA,NA,NA,0.3108,0.3108,NA,NA,"not distinguishable from chance",NA,FALSE
"T_mix","HIV_ctrl vs HIV_acu","mean_TSS","continuous",4,3,17.13,17.57,0.6747,0.9028,-0.5542,0.5542,2.212,0.5049,0.5959,0.05714,0.9766,"not distinguishable from chance",1,TRUE
"T_mix","HIV_ctrl vs HIV_acu","mean_FRIP","continuous",4,3,0.6483,0.654,0.016,0.02685,-0.2563,0.4513,3.074,0.7996,0.8597,0.05714,0.9766,"not distinguishable from chance",0.5679,TRUE
"T_mix","HIV_ctrl vs HIV_acu","mean_log10_nFrags","continuous",4,3,4.283,4.23,0.189,0.05262,0.3816,0.5853,2.027,0.6625,0.3768,0.05714,0.9766,"not distinguishable from chance",0.652,TRUE
"T_mix","HIV_ctrl vs HIV_acu","n_cells","continuous",4,3,2541,2158,1928,260.6,0.2785,0.6419,1.65,0.7768,1,0.05714,0.9766,"not distinguishable from chance",0.4338,TRUE
"T_mix","HIV_ctrl vs HIV_acu","Donor_ID","categorical",4,3,NA,NA,NA,NA,NA,NA,NA,1,1,NA,NA,"not distinguishable from chance",NA,FALSE
"T_mix","OP_med vs OP_low","mean_TSS","continuous",4,9,15.77,16.26,1.078,0.8468,-0.5079,0.4248,1.302,0.4271,0.9385,0.002797,0.9766,"not distinguishable from chance",1.196,FALSE
"T_mix","OP_med vs OP_low","mean_FRIP","continuous",4,9,0.5809,0.6101,0.05274,0.03327,-0.6613,0.4471,1.287,0.3105,0.2472,0.002797,0.9766,"not distinguishable from chance",1.479,FALSE
"T_mix","OP_med vs OP_low","mean_log10_nFrags","continuous",4,9,4.127,4.136,0.09601,0.06648,-0.119,0.4216,1.358,0.8428,0.817,0.002797,0.9766,"not distinguishable from chance",0.2822,FALSE
"T_mix","OP_med vs OP_low","n_cells","continuous",4,9,3799,3777,444.9,1320,0.02293,0.4391,1.252,0.9736,0.9385,0.002797,0.9901,"not distinguishable from chance",0.05223,FALSE
"T_mix","OP_med vs OP_low","Sex_predicted","categorical",4,9,NA,NA,NA,NA,NA,NA,NA,0.2657,0.2657,NA,NA,"not distinguishable from chance",NA,FALSE
"T_naive","OP_high vs OP_low","mean_TSS","continuous",17,9,16.6,16.26,1.067,0.8468,0.3559,0.2855,0.8634,0.3987,0.2811,6.401e-07,0.9766,"not distinguishable from chance",1.246,FALSE
"T_naive","OP_high vs OP_low","mean_FRIP","continuous",17,9,0.6059,0.6101,0.03534,0.03327,-0.1223,0.2897,0.8691,0.776,0.8293,6.401e-07,0.9766,"not distinguishable from chance",0.4223,FALSE
"T_naive","OP_high vs OP_low","mean_log10_nFrags","continuous",17,9,4.124,4.136,0.08551,0.06648,-0.1604,0.2825,0.855,0.6951,0.6276,6.401e-07,0.9766,"not distinguishable from chance",0.5677,FALSE
"T_naive","OP_high vs OP_low","n_cells","continuous",17,9,3494,3777,1077,1320,-0.2343,0.2826,0.8454,0.5719,0.6663,6.401e-07,0.9766,"not distinguishable from chance",0.829,FALSE
"T_naive","OP_high vs OP_low","Sex_predicted","categorical",17,9,NA,NA,NA,NA,NA,NA,NA,1,1,NA,NA,"not distinguishable from chance",NA,FALSE
"T_naive","OP_high vs OP_med","mean_TSS","continuous",17,5,16.6,16.02,1.067,1.091,0.5404,0.3516,1.095,0.3059,0.3084,7.595e-05,0.9766,"not distinguishable from chance",1.537,FALSE
"T_naive","OP_high vs OP_med","mean_FRIP","continuous",17,5,0.6059,0.5908,0.03534,0.05071,0.3458,0.3588,1.072,0.5161,0.4807,7.595e-05,0.9766,"not distinguishable from chance",0.9636,FALSE
"T_naive","OP_high vs OP_med","mean_log10_nFrags","continuous",17,5,4.124,4.142,0.08551,0.08986,-0.2019,0.3469,1.141,0.6863,0.5834,7.595e-05,0.9766,"not distinguishable from chance",0.582,FALSE
"T_naive","OP_high vs OP_med","n_cells","continuous",17,5,3494,3476,1077,818.3,0.01889,0.3464,1.048,0.9676,0.8142,7.595e-05,0.9886,"not distinguishable from chance",0.05454,FALSE
"T_naive","OP_high vs OP_med","Sex_predicted","categorical",17,5,NA,NA,NA,NA,NA,NA,NA,0.6241,0.6241,NA,NA,"not distinguishable from chance",NA,FALSE
"T_naive","Influenza_d3 vs Influenza_ctrl","mean_TSS","continuous",5,5,13.09,12.76,0.4335,0.9952,0.4364,0.4592,1.476,0.5173,0.6761,0.007937,0.9766,"not distinguishable from chance",0.9503,FALSE
"T_naive","Influenza_d3 vs Influenza_ctrl","mean_FRIP","continuous",5,5,0.4781,0.452,0.09767,0.1416,0.2149,0.4015,1.348,0.7317,0.8345,0.007937,0.9766,"not distinguishable from chance",0.5353,FALSE
"T_naive","Influenza_d3 vs Influenza_ctrl","mean_log10_nFrags","continuous",5,5,3.957,3.936,0.1615,0.189,0.1165,0.4252,1.374,0.8294,0.8345,0.007937,0.9766,"not distinguishable from chance",0.274,FALSE
"T_naive","Influenza_d3 vs Influenza_ctrl","n_cells","continuous",5,5,4197,4907,2663,2337,-0.2835,0.426,1.744,0.6795,0.8345,0.007937,0.9766,"not distinguishable from chance",0.6656,FALSE
"T_naive","Influenza_d3 vs Influenza_ctrl","Sex_predicted","categorical",5,5,NA,NA,NA,NA,NA,NA,NA,1,1,NA,NA,"not distinguishable from chance",NA,FALSE
"T_naive","Influenza_d30 vs Influenza_ctrl","mean_TSS","continuous",5,5,12.76,12.76,0.8964,0.9952,0.002078,0.4089,1.741,1,0.8345,0.007937,1,"not distinguishable from chance",0.005082,FALSE
"T_naive","Influenza_d30 vs Influenza_ctrl","mean_FRIP","continuous",5,5,0.4367,0.452,0.1022,0.1416,-0.1235,0.4469,1.518,0.8398,0.8345,0.007937,0.9766,"not distinguishable from chance",0.2762,FALSE
"T_naive","Influenza_d30 vs Influenza_ctrl","mean_log10_nFrags","continuous",5,5,3.85,3.936,0.1887,0.189,-0.4557,0.455,1.448,0.4909,0.5309,0.007937,0.9766,"not distinguishable from chance",1.002,FALSE
"T_naive","Influenza_d30 vs Influenza_ctrl","n_cells","continuous",5,5,5416,4907,2214,2337,0.2237,0.4303,1.555,0.7219,0.6761,0.007937,0.9766,"not distinguishable from chance",0.5199,FALSE
"T_naive","Influenza_d30 vs Influenza_ctrl","Sex_predicted","categorical",5,5,NA,NA,NA,NA,NA,NA,NA,1,1,NA,NA,"not distinguishable from chance",NA,FALSE
"T_naive","Influenza_d6 vs Influenza_ctrl","mean_TSS","continuous",5,5,11.84,12.76,1.426,0.9952,-0.7402,0.4582,1.285,0.2889,0.4034,0.007937,0.9766,"not distinguishable from chance",1.615,FALSE
"T_naive","Influenza_d6 vs Influenza_ctrl","mean_FRIP","continuous",5,5,0.4138,0.452,0.1219,0.1416,-0.2892,0.4064,1.511,0.6625,0.8345,0.007937,0.9766,"not distinguishable from chance",0.7117,FALSE
"T_naive","Influenza_d6 vs Influenza_ctrl","mean_log10_nFrags","continuous",5,5,3.919,3.936,0.1757,0.189,-0.09678,0.4147,1.46,0.8704,0.8345,0.007937,0.9766,"not distinguishable from chance",0.2333,FALSE
"T_naive","Influenza_d6 vs Influenza_ctrl","n_cells","continuous",5,5,2801,4907,1725,2337,-1.026,0.4896,1.445,0.159,0.4034,0.007937,0.9766,"not distinguishable from chance",2.095,FALSE
"T_naive","Influenza_d6 vs Influenza_ctrl","Sex_predicted","categorical",5,5,NA,NA,NA,NA,NA,NA,NA,1,1,NA,NA,"not distinguishable from chance",NA,FALSE
"T_naive","OP_med vs OP_low","mean_TSS","continuous",5,9,16.02,16.26,1.091,0.8468,-0.246,0.397,1.204,0.6737,0.8939,0.000999,0.9766,"not distinguishable from chance",0.6196,FALSE
"T_naive","OP_med vs OP_low","mean_FRIP","continuous",5,9,0.5908,0.6101,0.05071,0.03327,-0.4503,0.4121,1.161,0.4575,0.505,0.000999,0.9766,"not distinguishable from chance",1.093,FALSE
"T_naive","OP_med vs OP_low","mean_log10_nFrags","continuous",5,9,4.142,4.136,0.08986,0.06648,0.06861,0.3767,1.254,0.8942,0.8939,0.000999,0.9886,"not distinguishable from chance",0.1821,FALSE
"T_naive","OP_med vs OP_low","n_cells","continuous",5,9,3476,3777,818.3,1320,-0.2735,0.41,1.179,0.6547,0.7897,0.000999,0.9766,"not distinguishable from chance",0.6669,FALSE
"T_naive","OP_med vs OP_low","Sex_predicted","categorical",5,9,NA,NA,NA,NA,NA,NA,NA,0.5804,0.5804,NA,NA,"not distinguishable from chance",NA,FALSE
