"embedding","Dim","dim_index","var_share_between_samples","var_share_cells","depth_cor","covariate","r2","adj_r2","p","r2_partial_adjCohort","adj_r2_partial_adjCohort","p_adjCohort","n","n_group","unit","p_adj","p_adjCohort_bh"
"IterativeLSI","Dim1",1,0.0210998242677613,0.0221310661919028,0.08289469165918,"Cohort",0.538669362469582,0.520695441526839,6.08343501364382e-13,NA,NA,NA,81,81,"donor",2.02781167121461e-12,NA
"IterativeLSI","Dim1",1,0.0210998242677613,0.0221310661919028,0.08289469165918,"Control_status",0.597928661945243,0.557721528139768,0.00153855608951829,0.445107965705728,0.389618762276301,0.28627091819289,92,81,"sample (LMM)",0.0153855608951829,0.477118196988151
"IterativeLSI","Dim1",1,0.0210998242677613,0.0221310661919028,0.08289469165918,"Exposure_group",0.323167954662707,NA,2.30498085967437e-11,0.62400730349687,-3.13591966153444,0.130012235401439,92,81,"sample (LMM)",7.68326953224789e-11,0.216687059002399
"IterativeLSI","Dim1",1,0.0210998242677613,0.0221310661919028,0.08289469165918,"Age",0.0769461222850059,0.0584850447307061,0.0464881205950987,0.0762182436016546,0.0569727903433558,0.0522969656260524,52,52,"donor",0.232440602975494,0.261484828130262
"IterativeLSI","Dim1",1,0.0210998242677613,0.0221310661919028,0.08289469165918,"Sex_observed",0.00377030316112684,-0.0161542907756504,0.665431316439763,0.0312827595245131,0.0111011503479406,0.219170344812541,52,52,"donor",0.975557497325039,0.547925862031354
"IterativeLSI","Dim1",1,0.0210998242677613,0.0221310661919028,0.08289469165918,"Sex_predicted",0.00120732608873603,-0.0114356191506471,0.758118972716634,0.000104232582968339,-0.013052290672519,0.929309343109194,81,81,"donor",0.87865352691374,0.929309343109194
"IterativeLSI","Dim1",1,0.0210998242677613,0.0221310661919028,0.08289469165918,"Sampling_day",0.145216362242689,0.0597379984669582,0.250892673875947,0.173578977224735,0.0909368749472079,0.300765178341424,50,39,"sample (LMM)",0.358418105537067,0.429664540487748
"IterativeLSI","Dim1",1,0.0210998242677613,0.0221310661919028,0.08289469165918,"Viral_load",0.336302300558358,0.241488343495266,0.107176009113567,0.336302300558358,0.241488343495266,0.107176009113567,12,4,"sample (LMM)",0.133970011391959,0.133970011391959
"IterativeLSI","Dim1",1,0.0210998242677613,0.0221310661919028,0.08289469165918,"Batch_C19",0.000735213515834261,-0.0492280258083739,0.90465934942565,0.000735213515834261,-0.0492280258083739,0.90465934942565,22,22,"donor",0.90465934942565,0.90465934942565
"IterativeLSI","Dim1",1,0.0210998242677613,0.0221310661919028,0.08289469165918,"Supplier",0.537799507611265,0.525948212934631,8.47980271386774e-14,NA,NA,NA,81,81,"donor",2.82660090462258e-13,NA
"IterativeLSI","Dim1",1,0.0210998242677613,0.0221310661919028,0.08289469165918,"QC_tss_cutoff",-0.449190298929376,-0.594109328822314,1.29064405076583e-12,0.0478792415374884,-0.0473328343087629,0.00187160543918299,92,81,"sample (LMM)",6.45322025382915e-12,0.00467901359795747
"IterativeLSI","Dim1",1,0.0210998242677613,0.0221310661919028,0.08289469165918,"QC_frag_cutoff",-0.0175627413902019,-0.119319015529222,0.832905385869414,-0.0875427166506866,-0.196296988315755,0.198737919725636,92,81,"sample (LMM)",0.832905385869414,0.220819910806262
"IterativeLSI","Dim1",1,0.0210998242677613,0.0221310661919028,0.08289469165918,"QC_nCells",-0.0987002543022388,-0.208570279732463,0.051426048880312,-0.0694966184302205,-0.176446280273243,0.0762645190027078,92,81,"sample (LMM)",0.12856512220078,0.152529038005416
"IterativeLSI","Dim1",1,0.0210998242677613,0.0221310661919028,0.08289469165918,"QC_meanTSS",0.0509177813746953,-0.0439904404878351,6.25651225286922e-16,0.36116554700967,0.297282101710637,0.00637886383300269,92,81,"sample (LMM)",3.12825612643461e-15,0.0212628794433423
"IterativeLSI","Dim1",1,0.0210998242677613,0.0221310661919028,0.08289469165918,"QC_meanLog10Frags",-2.32475101088589,-2.65722611197448,4.46644198660914e-05,0.0972698328040799,0.00699681608448799,0.388453224689276,92,81,"sample (LMM)",7.4440699776819e-05,0.40399245942053
"IterativeLSI","Dim1",1,0.0210998242677613,0.0221310661919028,0.08289469165918,"QC_meanFRIP",-0.816391590902069,-0.998030749992276,4.93389418019404e-12,0.0478731553527439,-0.0473395291119816,0.0239400375842604,92,81,"sample (LMM)",1.64463139339801e-11,0.0299250469803255
"IterativeLSI","Dim2",2,0.370818403100525,0.46038284033893,0.099892931320489,"Cohort",0.159816549688777,0.127082129546781,0.00368190349608077,NA,NA,NA,81,81,"donor",0.00460237937010097,NA
"IterativeLSI","Dim2",2,0.370818403100525,0.46038284033893,0.099892931320489,"Control_status",0.156723989005481,0.0723963879060294,0.700135704136518,-0.572703738989833,-0.729974112888816,0.519511708204512,92,81,"sample (LMM)",0.763998005444404,0.64938963525564
"IterativeLSI","Dim2",2,0.370818403100525,0.46038284033893,0.099892931320489,"Exposure_group",0.343448836723913,NA,0.00109429325844953,0.49848658380124,-4.51664757818636,0.0351009857707592,92,81,"sample (LMM)",0.00156327608349933,0.087752464426898
"IterativeLSI","Dim2",2,0.370818403100525,0.46038284033893,0.099892931320489,"Age",0.0331752690826939,0.0138387744643477,0.196236290361336,0.0108381494814578,-0.00976938907101199,0.471843348131282,52,52,"donor",0.488972593278047,0.786405580218803
"IterativeLSI","Dim2",2,0.370818403100525,0.46038284033893,0.099892931320489,"Sex_observed",0.0217537724974153,0.00218884794736363,0.296743353230397,0.0112604448323208,-0.00933829590033941,0.463287502109327,52,52,"donor",0.975557497325039,0.772145836848879
"IterativeLSI","Dim2",2,0.370818403100525,0.46038284033893,0.099892931320489,"Sex_predicted",0.000296893315048966,-0.0123575763898238,0.87865352691374,0.00154437318480301,-0.011593200852239,0.732649289331957,81,81,"donor",0.87865352691374,0.929309343109194
"IterativeLSI","Dim2",2,0.370818403100525,0.46038284033893,0.099892931320489,"Sampling_day",0.0608193278526867,-0.0330987393620448,0.517013317494471,0.0729436107037551,-0.0197620282258693,0.555324653290539,50,39,"sample (LMM)",0.574459241660523,0.617027392545043
"IterativeLSI","Dim2",2,0.370818403100525,0.46038284033893,0.099892931320489,"Viral_load",0.482117849999921,0.408134685714196,0.0292335158015592,0.482117849999921,0.408134685714196,0.0292335158015592,12,4,"sample (LMM)",0.048722526335932,0.048722526335932
"IterativeLSI","Dim2",2,0.370818403100525,0.46038284033893,0.099892931320489,"Batch_C19",0.34958919462535,0.317068654356618,0.00375555734114539,0.34958919462535,0.317068654356618,0.00375555734114539,22,22,"donor",0.00938889335286347,0.00938889335286347
"IterativeLSI","Dim2",2,0.370818403100525,0.46038284033893,0.099892931320489,"Supplier",0.147114221619049,0.125245355506717,0.00201717713526673,NA,NA,NA,81,81,"donor",0.00252147141908341,NA
"IterativeLSI","Dim2",2,0.370818403100525,0.46038284033893,0.099892931320489,"QC_tss_cutoff",-0.307106577209804,-0.437817234930785,1.91266061573358e-06,-0.087302563961569,-0.196032820357726,0.000742790169184328,92,81,"sample (LMM)",4.78165153933395e-06,0.00247596723061443
"IterativeLSI","Dim2",2,0.370818403100525,0.46038284033893,0.099892931320489,"QC_frag_cutoff",-0.0207078511381146,-0.122778636251926,0.172066320645165,-0.0568317349754971,-0.162514908473047,0.0960894477335768,92,81,"sample (LMM)",0.245809029493093,0.137270639619395
"IterativeLSI","Dim2",2,0.370818403100525,0.46038284033893,0.099892931320489,"QC_nCells",-0.523206220003104,-0.675526842003415,0.000145635031604901,-0.806767072841035,-0.987443780125139,0.000827922822657152,92,81,"sample (LMM)",0.000728175158024506,0.00275974274219051
"IterativeLSI","Dim2",2,0.370818403100525,0.46038284033893,0.099892931320489,"QC_meanTSS",0.315772104040566,0.247349314444622,2.11613913027027e-06,0.664125485354112,0.630538033889523,1.07352923650441e-07,92,81,"sample (LMM)",5.29034782567568e-06,1.07352923650441e-06
"IterativeLSI","Dim2",2,0.370818403100525,0.46038284033893,0.099892931320489,"QC_meanLog10Frags",0.00270644691832369,-0.097022908389844,0.982892580027135,-0.0486211880923478,-0.153483306901582,0.013176584209754,92,81,"sample (LMM)",0.982892580027135,0.0188236917282199
"IterativeLSI","Dim2",2,0.370818403100525,0.46038284033893,0.099892931320489,"QC_meanFRIP",-0.0593220247676834,-0.165254227244452,9.85661184042332e-05,0.0848341536657861,-0.00668243096763521,0.00141066727723334,92,81,"sample (LMM)",0.000123207648005292,0.00235111212872223
"IterativeLSI","Dim3",3,0.053036855445612,0.139117434394648,0.113767200458159,"Cohort",0.26937971087921,0.24091398532905,2.14245356774758e-05,NA,NA,NA,81,81,"donor",3.57075594624597e-05,NA
"IterativeLSI","Dim3",3,0.053036855445612,0.139117434394648,0.113767200458159,"Control_status",0.0947838865719091,0.00426227522909994,0.763998005444404,0.310409067871376,0.241449974658513,0.058266978650559,92,81,"sample (LMM)",0.763998005444404,0.19422326216853
"IterativeLSI","Dim3",3,0.053036855445612,0.139117434394648,0.113767200458159,"Exposure_group",0.102842169707315,NA,0.000773748392705851,0.34612133982751,-6.19266526189739,0.501060598450914,92,81,"sample (LMM)",0.00128958065450975,0.556733998278794
"IterativeLSI","Dim3",3,0.053036855445612,0.139117434394648,0.113767200458159,"Age",0.0047790730320455,-0.0151253455073135,0.626276337869349,0.0174685428097705,-0.0030008625483593,0.360213743388578,52,52,"donor",0.695862597632609,0.720427486777157
"IterativeLSI","Dim3",3,0.053036855445612,0.139117434394648,0.113767200458159,"Sex_observed",0.000245253684348147,-0.0197498412419648,0.91225749816302,0.00196747927911077,-0.0188248649025744,0.759708348051589,52,52,"donor",0.975557497325039,0.930729896149489
"IterativeLSI","Dim3",3,0.053036855445612,0.139117434394648,0.113767200458159,"Sex_predicted",0.0165645939473958,0.00411604450369196,0.252168657341555,0.0321155341355392,0.0193802122162701,0.116436516218596,81,81,"donor",0.698887187168083,0.582182581092981
"IterativeLSI","Dim3",3,0.053036855445612,0.139117434394648,0.113767200458159,"Sampling_day",0.271757791419575,0.198933570561533,0.198792362633034,0.280504342606693,0.208554776867363,0.206892496708029,50,39,"sample (LMM)",0.331320604388389,0.413784993416058
"IterativeLSI","Dim3",3,0.053036855445612,0.139117434394648,0.113767200458159,"Viral_load",0.476735042160807,0.401982905326637,0.0147917231510935,0.476735042160807,0.401982905326637,0.0147917231510935,12,4,"sample (LMM)",0.0303529896529976,0.0303529896529976
"IterativeLSI","Dim3",3,0.053036855445612,0.139117434394648,0.113767200458159,"Batch_C19",0.0201826628963043,-0.0288082039588804,0.528261032091099,0.0201826628963043,-0.0288082039588804,0.528261032091099,22,22,"donor",0.586956702323443,0.586956702323443
"IterativeLSI","Dim3",3,0.053036855445612,0.139117434394648,0.113767200458159,"Supplier",0.229255205506748,0.209492518468459,3.8860949661681e-05,NA,NA,NA,81,81,"donor",6.4768249436135e-05,NA
"IterativeLSI","Dim3",3,0.053036855445612,0.139117434394648,0.113767200458159,"QC_tss_cutoff",-0.179336588353882,-0.29727024718927,0.000556117424316231,-0.0951137185606675,-0.204625090416734,0.0520499753935205,92,81,"sample (LMM)",0.000695146780395289,0.0867499589892008
"IterativeLSI","Dim3",3,0.053036855445612,0.139117434394648,0.113767200458159,"QC_frag_cutoff",0.310329320006027,0.24136225200663,0.0141038955125119,0.360834734384501,0.296918207822951,0.000495382947511771,92,81,"sample (LMM)",0.0352597387812797,0.000990765895023543
"IterativeLSI","Dim3",3,0.053036855445612,0.139117434394648,0.113767200458159,"QC_nCells",0.0730367542794483,-0.019659570292607,0.434944740984375,0.0754832354358423,-0.0169684410205735,0.262588762489792,92,81,"sample (LMM)",0.483271934427083,0.410557205684309
"IterativeLSI","Dim3",3,0.053036855445612,0.139117434394648,0.113767200458159,"QC_meanTSS",-0.283112843275336,-0.41142412760287,7.61011153914172e-05,-0.221497028511329,-0.343646731362461,0.188077847949341,92,81,"sample (LMM)",0.000108715879130596,0.26868263992763
"IterativeLSI","Dim3",3,0.053036855445612,0.139117434394648,0.113767200458159,"QC_meanLog10Frags",0.459451227865074,0.405396350651581,2.34704279155803e-07,0.46525800983464,0.411783810818103,0.000247746582397024,92,81,"sample (LMM)",5.86760697889506e-07,0.000495493164794048
"IterativeLSI","Dim3",3,0.053036855445612,0.139117434394648,0.113767200458159,"QC_meanFRIP",-0.144101150949916,-0.258511266044908,2.26690173016376e-06,-0.200072126022508,-0.320079338624758,0.0044203196082816,92,81,"sample (LMM)",3.77816955027294e-06,0.00631474229754514
"IterativeLSI","Dim4",4,0.0619048248537088,0.0826620672743006,0.0712954716712174,"Cohort",0.526781323890557,0.508344232613566,1.60300467755687e-12,NA,NA,NA,81,81,"donor",4.00751169389217e-12,NA
"IterativeLSI","Dim4",4,0.0619048248537088,0.0826620672743006,0.0712954716712174,"Control_status",-1.0262105135108,-1.22883156486188,0.164245430146622,0.0605057765917306,-0.0334436457490963,0.799902698864437,92,81,"sample (LMM)",0.410613575366554,0.888780776516041
"IterativeLSI","Dim4",4,0.0619048248537088,0.0826620672743006,0.0712954716712174,"Exposure_group",0.553320015786824,NA,1.37602091403558e-10,0.842976796204244,-0.72725524175332,0.336406835921519,92,81,"sample (LMM)",3.44005228508895e-10,0.420508544901898
"IterativeLSI","Dim4",4,0.0619048248537088,0.0826620672743006,0.0712954716712174,"Age",0.00227414382909849,-0.0176803732943196,0.737086111209898,0.0022091108479634,-0.0185781993427041,0.745845915019161,52,52,"donor",0.737086111209898,0.801848133382651
"IterativeLSI","Dim4",4,0.0619048248537088,0.0826620672743006,0.0712954716712174,"Sex_observed",0.00680744628889031,-0.0130564047853319,0.560904844871124,0.0126835974141397,-0.00788549430639907,0.43615988961892,52,52,"donor",0.975557497325039,0.772145836848879
"IterativeLSI","Dim4",4,0.0619048248537088,0.0826620672743006,0.0712954716712174,"Sex_predicted",0.0155005985317044,0.00303858079159947,0.26811587343084,0.0227481833757217,0.00988960684119167,0.187470599019757,81,81,"donor",0.698887187168083,0.624901996732523
"IterativeLSI","Dim4",4,0.0619048248537088,0.0826620672743006,0.0712954716712174,"Sampling_day",0.393847771469717,0.333232548616688,0.0518153070973616,0.421903470179817,0.364093817197799,0.0633272371427339,50,39,"sample (LMM)",0.185925790511847,0.287558633063523
"IterativeLSI","Dim4",4,0.0619048248537088,0.0826620672743006,0.0712954716712174,"Viral_load",0.388182889400283,0.300780445028895,0.0151764948264988,0.388182889400283,0.300780445028895,0.0151764948264988,12,4,"sample (LMM)",0.0303529896529976,0.0303529896529976
"IterativeLSI","Dim4",4,0.0619048248537088,0.0826620672743006,0.0712954716712174,"Batch_C19",0.0371364122640363,-0.0110067671227618,0.39022182637104,0.0371364122640363,-0.0110067671227618,0.39022182637104,22,22,"donor",0.532353493984526,0.532353493984526
"IterativeLSI","Dim4",4,0.0619048248537088,0.0826620672743006,0.0712954716712174,"Supplier",0.465350130397924,0.451641159382486,2.48147065798155e-11,NA,NA,NA,81,81,"donor",6.20367664495387e-11,NA
"IterativeLSI","Dim4",4,0.0619048248537088,0.0826620672743006,0.0712954716712174,"QC_tss_cutoff",-0.111447304377298,-0.222592034815028,0.000213762642700637,0.0477078163284461,-0.0475214020387091,0.0403442469304243,92,81,"sample (LMM)",0.000305375203858053,0.0806884938608485
"IterativeLSI","Dim4",4,0.0619048248537088,0.0826620672743006,0.0712954716712174,"QC_frag_cutoff",-0.0819468048494172,-0.190141485334359,0.158112694634119,-0.0831881274771066,-0.191506940224817,0.127188188465058,92,81,"sample (LMM)",0.245809029493093,0.158985235581323
"IterativeLSI","Dim4",4,0.0619048248537088,0.0826620672743006,0.0712954716712174,"QC_nCells",-0.00212133081604127,-0.102333463897645,0.264507127736855,0.0345255007303723,-0.0620219491965905,0.660520964741814,92,81,"sample (LMM)",0.405515245584435,0.660520964741814
"IterativeLSI","Dim4",4,0.0619048248537088,0.0826620672743006,0.0712954716712174,"QC_meanTSS",-0.130740528625183,-0.243814581487701,4.13449907473552e-06,0.0704394823477962,-0.0225165694174243,0.0118775685441005,92,81,"sample (LMM)",8.26899814947105e-06,0.0296939213602514
"IterativeLSI","Dim4",4,0.0619048248537088,0.0826620672743006,0.0712954716712174,"QC_meanLog10Frags",-0.0310023352065757,-0.134102568727233,0.0013972929306996,-0.0782365683410126,-0.186060225175114,0.0973752769010987,92,81,"sample (LMM)",0.00199613275814229,0.121719096126373
"IterativeLSI","Dim4",4,0.0619048248537088,0.0826620672743006,0.0712954716712174,"QC_meanFRIP",-0.0264322858980018,-0.129075514487802,0.0022311885938141,0.152244687087178,0.0674691557958955,0.00040860495313605,92,81,"sample (LMM)",0.00247909843757122,0.0008172099062721
"IterativeLSI","Dim5",5,0.356677034368081,0.0713311253853288,0.478759546328334,"Cohort",0.92926567900682,0.926509796370723,3.50452673076158e-44,NA,NA,NA,81,81,"donor",3.50452673076158e-43,NA
"IterativeLSI","Dim5",5,0.356677034368081,0.0713311253853288,0.478759546328334,"Control_status",0.217939964218804,0.139733960640685,0.0175214948092189,0.348357981525524,0.283193779678077,0.0912283989528114,92,81,"sample (LMM)",0.0876074740460946,0.228070997382029
"IterativeLSI","Dim5",5,0.356677034368081,0.0713311253853288,0.478759546328334,"Exposure_group",-0.378756833136747,NA,3.89349114026725e-43,0.481357063259108,-4.70507230414982,0.0190283210781562,92,81,"sample (LMM)",3.89349114026725e-42,0.0658752691738823
"IterativeLSI","Dim5",5,0.356677034368081,0.0713311253853288,0.478759546328334,"Age",0.0323758817095521,0.0130233993437432,0.201806655073038,0.0539546478257788,0.0342453696554825,0.104541891654745,52,52,"donor",0.488972593278047,0.323801436336657
"IterativeLSI","Dim5",5,0.356677034368081,0.0713311253853288,0.478759546328334,"Sex_observed",0.0010870885808193,-0.0188911696475644,0.816506296177094,0.114294465061963,0.0958422664174203,0.0163387857877968,52,52,"donor",0.975557497325039,0.0892064946105244
"IterativeLSI","Dim5",5,0.356677034368081,0.0713311253853288,0.478759546328334,"Sex_predicted",0.00827347794627037,-0.00428002233289071,0.41933231230085,0.0012888837693928,-0.0118520519704837,0.75500192612082,81,81,"donor",0.698887187168083,0.929309343109194
"IterativeLSI","Dim5",5,0.356677034368081,0.0713311253853288,0.478759546328334,"Sampling_day",0.200396015343161,0.120435616877477,0.128827807257133,0.259210214920665,0.185131236412731,0.138908346716515,50,39,"sample (LMM)",0.312192481737047,0.347270866791286
"IterativeLSI","Dim5",5,0.356677034368081,0.0713311253853288,0.478759546328334,"Viral_load",0.236052267977335,0.126916877688383,0.0524197932061553,0.236052267977335,0.126916877688383,0.0524197932061553,12,4,"sample (LMM)",0.0748854188659361,0.0748854188659361
"IterativeLSI","Dim5",5,0.356677034368081,0.0713311253853288,0.478759546328334,"Batch_C19",0.608323053797807,0.588739206487698,1.86746117716024e-05,0.608323053797807,0.588739206487698,1.86746117716024e-05,22,22,"donor",9.37703902208476e-05,9.37703902208476e-05
"IterativeLSI","Dim5",5,0.356677034368081,0.0713311253853288,0.478759546328334,"Supplier",0.928818159144771,0.926992983738227,1.7474284175796e-45,NA,NA,NA,81,81,"donor",1.7474284175796e-44,NA
"IterativeLSI","Dim5",5,0.356677034368081,0.0713311253853288,0.478759546328334,"QC_tss_cutoff",-0.477923283121114,-0.625715611433225,9.33993992238156e-08,0.00937485662973547,-0.0896876577072909,0.578591175808079,92,81,"sample (LMM)",3.11331330746052e-07,0.578591175808079
"IterativeLSI","Dim5",5,0.356677034368081,0.0713311253853288,0.478759546328334,"QC_frag_cutoff",0.0904014534723007,-0.000558401180469348,0.405994857145681,-2.58865968592707,-2.94752565451978,1.6134509128905e-05,92,81,"sample (LMM)",0.507493571432101,7.18974290727025e-05
"IterativeLSI","Dim5",5,0.356677034368081,0.0713311253853288,0.478759546328334,"QC_nCells",0.0513328074812446,-0.043533911770631,0.283860671909104,-0.171839152401217,-0.289023067641339,0.000642973570288845,92,81,"sample (LMM)",0.405515245584435,0.00275974274219051
"IterativeLSI","Dim5",5,0.356677034368081,0.0713311253853288,0.478759546328334,"QC_meanTSS",-9.9123039571151,-11.0035343528266,2.01010525521993e-18,0.00855443086443067,-0.0905901260491262,0.796980914769878,92,81,"sample (LMM)",2.01010525521993e-17,0.885534349744309
"IterativeLSI","Dim5",5,0.356677034368081,0.0713311253853288,0.478759546328334,"QC_meanLog10Frags",-103.437814831224,-113.881596314346,4.4326659949413e-11,-5.79828928935133,-6.47811821828647,4.2215652730997e-05,92,81,"sample (LMM)",2.21633299747065e-10,0.000105539131827492
"IterativeLSI","Dim5",5,0.356677034368081,0.0713311253853288,0.478759546328334,"QC_meanFRIP",-22.1497087012159,-24.4646795713375,5.30983284170299e-13,-0.502206666334012,-0.652427332967414,0.188114395775357,92,81,"sample (LMM)",2.65491642085149e-12,0.209015995305952
"IterativeLSI","Dim6",6,0.0883588441636263,0.0335911785487329,0.646761295695013,"Cohort",0.327698074602746,0.301504493093762,9.53275300479989e-07,NA,NA,NA,81,81,"donor",1.90655060095998e-06,NA
"IterativeLSI","Dim6",6,0.0883588441636263,0.0335911785487329,0.646761295695013,"Control_status",-0.113327083659154,-0.22465979202507,0.579602922656803,-0.00507050665202002,-0.105577557317222,0.982665777105958,92,81,"sample (LMM)",0.763998005444404,0.982665777105958
"IterativeLSI","Dim6",6,0.0883588441636263,0.0335911785487329,0.646761295695013,"Exposure_group",-0.622187841582787,NA,3.14221856069994e-07,0.115215602634903,-8.73262837101606,0.0197625807521647,92,81,"sample (LMM)",6.28443712139988e-07,0.0658752691738823
"IterativeLSI","Dim6",6,0.0883588441636263,0.0335911785487329,0.646761295695013,"Age",0.127808396309686,0.110364564235879,0.00926997996152183,0.0846823866889326,0.0656132697449521,0.040339298251286,52,52,"donor",0.0926997996152183,0.261484828130262
"IterativeLSI","Dim6",6,0.0883588441636263,0.0335911785487329,0.646761295695013,"Sex_observed",0.024969726347361,0.00546912087430795,0.26321182054714,0.111411959535958,0.0928997086929574,0.0178412989221049,52,52,"donor",0.975557497325039,0.0892064946105244
"IterativeLSI","Dim6",6,0.0883588441636263,0.0335911785487329,0.646761295695013,"Sex_predicted",0.00897350170022969,-0.00357113751875482,0.400235976066146,0.00105416569644775,-0.0120898584391254,0.777794991579052,81,81,"donor",0.698887187168083,0.929309343109194
"IterativeLSI","Dim6",6,0.0883588441636263,0.0335911785487329,0.646761295695013,"Sampling_day",0.166363729408006,0.0830001023488064,0.156096240868523,0.259732718765741,0.185705990642316,0.256100384413084,50,39,"sample (LMM)",0.312192481737047,0.426833974021807
"IterativeLSI","Dim6",6,0.0883588441636263,0.0335911785487329,0.646761295695013,"Viral_load",0.50608090423596,0.435521033412526,0.00362124363283281,0.50608090423596,0.435521033412526,0.00362124363283281,12,4,"sample (LMM)",0.0232976382110249,0.0232976382110249
"IterativeLSI","Dim6",6,0.0883588441636263,0.0335911785487329,0.646761295695013,"Batch_C19",0.60816122242107,0.588569283542123,1.87540780441695e-05,0.60816122242107,0.588569283542123,1.87540780441695e-05,22,22,"donor",9.37703902208476e-05,9.37703902208476e-05
"IterativeLSI","Dim6",6,0.0883588441636263,0.0335911785487329,0.646761295695013,"Supplier",0.300053911048223,0.282106575434075,9.06815754417366e-07,NA,NA,NA,81,81,"donor",1.81363150883473e-06,NA
"IterativeLSI","Dim6",6,0.0883588441636263,0.0335911785487329,0.646761295695013,"QC_tss_cutoff",-0.117683889478119,-0.229452278425931,0.000151671271559477,0.0114662242145086,-0.0873871533640407,0.494187058452137,92,81,"sample (LMM)",0.000252785452599129,0.549096731613486
"IterativeLSI","Dim6",6,0.0883588441636263,0.0335911785487329,0.646761295695013,"QC_frag_cutoff",0.369225158208915,0.306147674029806,1.91516775264072e-05,0.372452783477012,0.309698061824714,1.81619180133463e-09,92,81,"sample (LMM)",0.000191516775264072,1.81619180133463e-08
"IterativeLSI","Dim6",6,0.0883588441636263,0.0335911785487329,0.646761295695013,"QC_nCells",-0.157499851938674,-0.273249837132541,0.075670294553562,-0.0828542077778156,-0.191139628555597,0.00724521257349244,92,81,"sample (LMM)",0.151340589107124,0.0181130314337311
"IterativeLSI","Dim6",6,0.0883588441636263,0.0335911785487329,0.646761295695013,"QC_meanTSS",-0.643031019557522,-0.807334121513274,5.73519016683569e-06,0.041046639749693,-0.0548486962753376,0.478987359539386,92,81,"sample (LMM)",9.55865027805948e-06,0.598734199424232
"IterativeLSI","Dim6",6,0.0883588441636263,0.0335911785487329,0.646761295695013,"QC_meanLog10Frags",0.644995321114987,0.609494853226485,3.7017057286946e-23,0.799077014880478,0.778984716368526,3.90369814892853e-16,92,81,"sample (LMM)",3.7017057286946e-22,3.90369814892853e-15
"IterativeLSI","Dim6",6,0.0883588441636263,0.0335911785487329,0.646761295695013,"QC_meanFRIP",-0.00879478836956701,-0.109674267206524,2.70664364160381e-17,0.273887545992488,0.201276300591737,7.18430212442653e-11,92,81,"sample (LMM)",2.70664364160381e-16,7.18430212442653e-10
"IterativeLSI","Dim7",7,0.0101720415628964,0.0185844009743525,0.251961423013127,"Cohort",0.0576237259923068,0.0209077672647345,0.203596261150481,NA,NA,NA,81,81,"donor",0.203596261150481,NA
"IterativeLSI","Dim7",7,0.0101720415628964,0.0185844009743525,0.251961423013127,"Control_status",0.00663945933655857,-0.0926965947297855,0.655004654550427,0.00804441864035131,-0.0911511394956137,0.388676231716237,92,81,"sample (LMM)",0.763998005444404,0.555251759594625
"IterativeLSI","Dim7",7,0.0101720415628964,0.0185844009743525,0.251961423013127,"Exposure_group",-0.00635607148368177,NA,0.143814215516597,0.116429338401345,-8.71927727758521,0.328089080755756,92,81,"sample (LMM)",0.143814215516597,0.420508544901898
"IterativeLSI","Dim7",7,0.0101720415628964,0.0185844009743525,0.251961423013127,"Age",0.00838387367390669,-0.0114484488526152,0.518550457400955,0.00132491833900258,-0.0194808125289347,0.801848133382651,52,52,"donor",0.695862597632609,0.801848133382651
"IterativeLSI","Dim7",7,0.0101720415628964,0.0185844009743525,0.251961423013127,"Sex_observed",0.00064559462350631,-0.0193414934840237,0.858095927233185,0.00371290678407102,-0.0170430743245942,0.674223241928523,52,52,"donor",0.975557497325039,0.930729896149489
"IterativeLSI","Dim7",7,0.0101720415628964,0.0185844009743525,0.251961423013127,"Sex_predicted",0.0130735647594524,0.000580825072863389,0.309438564829844,0.00887075617493972,-0.00417041808591634,0.412095029694643,81,81,"donor",0.698887187168083,0.929309343109194
"IterativeLSI","Dim7",7,0.0101720415628964,0.0185844009743525,0.251961423013127,"Sampling_day",0.02849906998117,-0.0686510230207129,0.626883650980773,0.00235315318108645,-0.0974115315008048,0.731436969008498,50,39,"sample (LMM)",0.626883650980773,0.731436969008498
"IterativeLSI","Dim7",7,0.0101720415628964,0.0185844009743525,0.251961423013127,"Viral_load",0.48688493379844,0.413582781483931,0.00465952764220498,0.48688493379844,0.413582781483931,0.00465952764220498,12,4,"sample (LMM)",0.0232976382110249,0.0232976382110249
"IterativeLSI","Dim7",7,0.0101720415628964,0.0185844009743525,0.251961423013127,"Batch_C19",0.0319786861137777,-0.0164223795805334,0.425882795187621,0.0319786861137777,-0.0164223795805334,0.425882795187621,22,22,"donor",0.532353493984526,0.532353493984526
"IterativeLSI","Dim7",7,0.0101720415628964,0.0185844009743525,0.251961423013127,"Supplier",0.0527434930333967,0.0284548646496379,0.120847116586266,NA,NA,NA,81,81,"donor",0.120847116586266,NA
"IterativeLSI","Dim7",7,0.0101720415628964,0.0185844009743525,0.251961423013127,"QC_tss_cutoff",-0.1498291710475,-0.26481208815225,0.0134200749810705,0.0167344999534684,-0.0815920500511846,0.21275179365675,92,81,"sample (LMM)",0.0149111944234117,0.265939742070938
"IterativeLSI","Dim7",7,0.0101720415628964,0.0185844009743525,0.251961423013127,"QC_frag_cutoff",0.301316856765332,0.231448542441865,0.000156075153370238,0.17810802778339,0.0959188305617289,2.15692287218108e-05,92,81,"sample (LMM)",0.00078037576685119,7.18974290727025e-05
"IterativeLSI","Dim7",7,0.0101720415628964,0.0185844009743525,0.251961423013127,"QC_nCells",-0.0748996829621938,-0.182389651258413,0.369968285290122,0.0122268960911547,-0.08655041429973,0.287390043979016,92,81,"sample (LMM)",0.462460356612653,0.410557205684309
"IterativeLSI","Dim7",7,0.0101720415628964,0.0185844009743525,0.251961423013127,"QC_meanTSS",-0.16315664358145,-0.279472307939595,0.0245883020800784,0.000205434249445649,-0.0997740223256098,0.89064811718983,92,81,"sample (LMM)",0.0273203356445316,0.89064811718983
"IterativeLSI","Dim7",7,0.0101720415628964,0.0185844009743525,0.251961423013127,"QC_meanLog10Frags",0.128732408168002,0.0416056489848025,1.86001180638948e-08,0.277301492406887,0.205031641647576,4.60054314150395e-08,92,81,"sample (LMM)",6.2000393546316e-08,2.30027157075198e-07
"IterativeLSI","Dim7",7,0.0101720415628964,0.0185844009743525,0.251961423013127,"QC_meanFRIP",0.0488651121096079,-0.0462483766794315,1.20673393318168e-06,0.213363230855334,0.134699553940867,2.6166229744615e-06,92,81,"sample (LMM)",2.41346786636337e-06,8.72207658153834e-06
"IterativeLSI","Dim8",8,0.0154053383725944,0.0151153773361023,0.162181605585564,"Cohort",0.147645501260638,0.114436884426637,0.00619046934780753,NA,NA,NA,81,81,"donor",0.0068782992753417,NA
"IterativeLSI","Dim8",8,0.0154053383725944,0.0151153773361023,0.162181605585564,"Control_status",0.138838694040088,0.0527225634440966,0.409673885671765,0.145896442385003,0.0604860866235033,0.0430068819846164,92,81,"sample (LMM)",0.682789809452942,0.19422326216853
"IterativeLSI","Dim8",8,0.0154053383725944,0.0151153773361023,0.162181605585564,"Exposure_group",-0.804696126665375,NA,0.00503468224156664,-0.530240247560921,-15.8326427231701,0.0851394922639764,92,81,"sample (LMM)",0.0062933528019583,0.170278984527953
"IterativeLSI","Dim8",8,0.0154053383725944,0.0151153773361023,0.162181605585564,"Age",0.0269914247164596,0.00753125321078885,0.244486296639023,0.0472276643413594,0.0273782406818044,0.129520574534663,52,52,"donor",0.488972593278047,0.323801436336657
"IterativeLSI","Dim8",8,0.0154053383725944,0.0151153773361023,0.162181605585564,"Sex_observed",1.89633750604571e-05,-0.0199806573574384,0.975557497325039,0.000159056936659835,-0.0206709627104931,0.930729896149489,52,52,"donor",0.975557497325039,0.930729896149489
"IterativeLSI","Dim8",8,0.0154053383725944,0.0151153773361023,0.162181605585564,"Sex_predicted",0.000667173699578748,-0.0119826089118191,0.818952607807732,0.000347395507633385,-0.0128059282356872,0.871331381831922,81,81,"donor",0.87865352691374,0.929309343109194
"IterativeLSI","Dim8",8,0.0154053383725944,0.0151153773361023,0.162181605585564,"Sampling_day",0.410568374463785,0.351625211910164,0.0538140829148149,0.418857674385495,0.360743441824045,0.055114516207524,50,39,"sample (LMM)",0.185925790511847,0.287558633063523
"IterativeLSI","Dim8",8,0.0154053383725944,0.0151153773361023,0.162181605585564,"Viral_load",0.383435867393127,0.295355277020717,0.0118959399816066,0.383435867393127,0.295355277020717,0.0118959399816066,12,4,"sample (LMM)",0.0303529896529976,0.0303529896529976
"IterativeLSI","Dim8",8,0.0154053383725944,0.0151153773361023,0.162181605585564,"Batch_C19",0.046192346965162,-0.00149803568657969,0.33678951621671,0.046192346965162,-0.00149803568657969,0.33678951621671,22,22,"donor",0.532353493984526,0.532353493984526
"IterativeLSI","Dim8",8,0.0154053383725944,0.0151153773361023,0.162181605585564,"Supplier",0.123616799021982,0.101145434894341,0.00582193995808109,NA,NA,NA,81,81,"donor",0.00646882217564566,NA
"IterativeLSI","Dim8",8,0.0154053383725944,0.0151153773361023,0.162181605585564,"QC_tss_cutoff",-0.161464379720079,-0.277610817692087,1.65759641023182e-05,-0.146482497148726,-0.261130746863598,5.10996489634082e-05,92,81,"sample (LMM)",3.31519282046365e-05,0.000255498244817041
"IterativeLSI","Dim8",8,0.0154053383725944,0.0151153773361023,0.162181605585564,"QC_frag_cutoff",0.281260979289345,0.20938707721828,0.0327097369091524,0.320313685304624,0.252345053835086,0.00669185313011512,92,81,"sample (LMM)",0.0654194738183047,0.0111530885501919
"IterativeLSI","Dim8",8,0.0154053383725944,0.0151153773361023,0.162181605585564,"QC_nCells",-0.0074366654669311,-0.108180332013624,0.522322066245405,0.00298362183171068,-0.0967180159851184,0.592310879837464,92,81,"sample (LMM)",0.522322066245405,0.658123199819405
"IterativeLSI","Dim8",8,0.0154053383725944,0.0151153773361023,0.162181605585564,"QC_meanTSS",-0.263564050146916,-0.389920455161607,0.000486532172216609,-0.360439747898711,-0.496483722688582,0.0349514393455715,92,81,"sample (LMM)",0.000608165215270761,0.0582523989092859
"IterativeLSI","Dim8",8,0.0154053383725944,0.0151153773361023,0.162181605585564,"QC_meanLog10Frags",0.679957910129817,0.647953701142798,1.49179218580959e-05,0.705719693229461,0.676291662552407,0.00112198347108687,92,81,"sample (LMM)",2.98358437161917e-05,0.00186997245181146
"IterativeLSI","Dim8",8,0.0154053383725944,0.0151153773361023,0.162181605585564,"QC_meanFRIP",0.365840522465723,0.302424574712295,1.25648034958005e-09,0.369342745823537,0.30627702040589,1.26472297784251e-09,92,81,"sample (LMM)",3.14120087395011e-09,6.32361488921254e-09
"IterativeLSI","Dim9",9,0.0147872118900256,0.0132117602604372,0.0845246100803553,"Cohort",0.617724765489743,0.602830925184148,4.67328895040274e-16,NA,NA,NA,81,81,"donor",2.33664447520137e-15,NA
"IterativeLSI","Dim9",9,0.0147872118900256,0.0132117602604372,0.0845246100803553,"Control_status",0.463861417793794,0.410247559573173,0.121079798582733,0.577924673647546,0.5357171410123,3.14762875725586e-05,92,81,"sample (LMM)",0.403599328609109,0.000314762875725586
"IterativeLSI","Dim9",9,0.0147872118900256,0.0132117602604372,0.0845246100803553,"Exposure_group",0.0848340374183443,NA,1.58635996243617e-17,0.664850869615831,-2.68664043422585,0.00062041364426621,92,81,"sample (LMM)",7.93179981218086e-17,0.0062041364426621
"IterativeLSI","Dim9",9,0.0147872118900256,0.0132117602604372,0.0845246100803553,"Age",0.00578928093402476,-0.0140949334472946,0.591879778511854,0.00247676234023932,-0.0183049717776724,0.731434104815616,52,52,"donor",0.695862597632609,0.801848133382651
"IterativeLSI","Dim9",9,0.0147872118900256,0.0132117602604372,0.0845246100803553,"Sex_observed",0.00158675780701086,-0.0183815070368489,0.779188629650272,0.000646632606843128,-0.0201732292138477,0.860851502473705,52,52,"donor",0.975557497325039,0.930729896149489
"IterativeLSI","Dim9",9,0.0147872118900256,0.0132117602604372,0.0845246100803553,"Sex_predicted",0.00432509506300857,-0.00827838474632037,0.559676876542115,0.0015355768999727,-0.0116021128776591,0.733383239292919,81,81,"donor",0.799538395060164,0.929309343109194
"IterativeLSI","Dim9",9,0.0147872118900256,0.0132117602604372,0.0845246100803553,"Sampling_day",0.363557048918131,0.299912753809944,0.055777737153554,0.677041947190635,0.644746141909699,0.0862675899190568,50,39,"sample (LMM)",0.185925790511847,0.287558633063523
"IterativeLSI","Dim9",9,0.0147872118900256,0.0132117602604372,0.0845246100803553,"Viral_load",-0.0449768426568072,-0.194259248750637,0.281150319265852,-0.0449768426568072,-0.194259248750637,0.281150319265852,12,4,"sample (LMM)",0.312389243628724,0.312389243628724
"IterativeLSI","Dim9",9,0.0147872118900256,0.0132117602604372,0.0845246100803553,"Batch_C19",0.400138664414498,0.370145597635223,0.00158274771780552,0.400138664414498,0.370145597635223,0.00158274771780552,22,22,"donor",0.0052758257260184,0.0052758257260184
"IterativeLSI","Dim9",9,0.0147872118900256,0.0132117602604372,0.0845246100803553,"Supplier",0.608154690783517,0.598107375162581,1.35354106236035e-16,NA,NA,NA,81,81,"donor",6.76770531180177e-16,NA
"IterativeLSI","Dim9",9,0.0147872118900256,0.0132117602604372,0.0845246100803553,"QC_tss_cutoff",-0.688019723764711,-0.856821696141182,1.59014000719278e-17,-0.203999376497629,-0.324399314147392,4.28179751286355e-05,92,81,"sample (LMM)",1.59014000719278e-16,0.000255498244817041
"IterativeLSI","Dim9",9,0.0147872118900256,0.0132117602604372,0.0845246100803553,"QC_frag_cutoff",0.0569924538094465,-0.0373083008096091,0.00711745316646176,-0.315570870204199,-0.447127957224619,3.91725006399634e-05,92,81,"sample (LMM)",0.0237248438882059,9.79312515999084e-05
"IterativeLSI","Dim9",9,0.0147872118900256,0.0132117602604372,0.0845246100803553,"QC_nCells",0.0177520880551034,-0.0804727031393864,1.30758232275575e-07,-0.787494318380745,-0.966243750218819,1.99295666864874e-08,92,81,"sample (LMM)",1.30758232275575e-06,1.99295666864874e-07
"IterativeLSI","Dim9",9,0.0147872118900256,0.0132117602604372,0.0845246100803553,"QC_meanTSS",-1.07967569917846,-1.28764326909631,1.85069565587653e-14,-0.720537400047398,-0.892591140052138,0.00080812615402113,92,81,"sample (LMM)",6.16898551958843e-14,0.00404063077010565
"IterativeLSI","Dim9",9,0.0147872118900256,0.0132117602604372,0.0845246100803553,"QC_meanLog10Frags",-0.425511327593541,-0.568062460352895,0.0731190983247361,-0.382870722630611,-0.521157794893672,7.59460105472387e-07,92,81,"sample (LMM)",0.0913988729059202,2.53153368490796e-06
"IterativeLSI","Dim9",9,0.0147872118900256,0.0132117602604372,0.0845246100803553,"QC_meanFRIP",-0.532820139306162,-0.686102153236777,2.67535735968078e-06,0.0291656466887895,-0.0679177886423314,0.482855048557815,92,81,"sample (LMM)",3.82193908525826e-06,0.482855048557815
"IterativeLSI","Dim10",10,0.00773962197516975,0.0103479153204072,0.0886912049578054,"Cohort",0.197456847897865,0.166188932880899,0.000691826303164927,NA,NA,NA,81,81,"donor",0.00098832329023561,NA
"IterativeLSI","Dim10",10,0.00773962197516975,0.0103479153204072,0.0886912049578054,"Control_status",0.2909563323107,0.22005196554177,0.257628160057779,0.322296522088787,0.254526174297666,0.190863732319276,92,81,"sample (LMM)",0.515256320115557,0.381727464638553
"IterativeLSI","Dim10",10,0.00773962197516975,0.0103479153204072,0.0886912049578054,"Exposure_group",0.255072713309264,NA,0.0266077966759297,0.362908996405073,-6.0080010395442,0.754594964913657,92,81,"sample (LMM)",0.0295642185288108,0.754594964913657
"IterativeLSI","Dim10",10,0.00773962197516975,0.0103479153204072,0.0886912049578054,"Age",0.0057202773065612,-0.0141653171473075,0.594102719756448,0.00193992032497056,-0.0188529980015926,0.761347319662058,52,52,"donor",0.695862597632609,0.801848133382651
"IterativeLSI","Dim10",10,0.00773962197516975,0.0103479153204072,0.0886912049578054,"Sex_observed",0.0303327309912498,0.0109393856110748,0.216889948982942,0.0423948527604488,0.0224447455262914,0.151420683961706,52,52,"donor",0.975557497325039,0.504735613205687
"IterativeLSI","Dim10",10,0.00773962197516975,0.0103479153204072,0.0886912049578054,"Sex_predicted",0.0853849101326272,0.0738075039317745,0.00812027975064761,0.0614204525961338,0.0490707217092408,0.0286912980045289,81,81,"donor",0.0812027975064761,0.286912980045289
"IterativeLSI","Dim10",10,0.00773962197516975,0.0103479153204072,0.0886912049578054,"Sampling_day",0.1046269484789,0.0150896433267903,0.422934709443085,0.110209414501925,0.0212303559521179,0.395363188710298,50,39,"sample (LMM)",0.528668386803856,0.494203985887872
"IterativeLSI","Dim10",10,0.00773962197516975,0.0103479153204072,0.0886912049578054,"Viral_load",0.0502540913709019,-0.0854238955761122,0.378225865849831,0.0502540913709019,-0.0854238955761122,0.378225865849831,12,4,"sample (LMM)",0.378225865849831,0.378225865849831
"IterativeLSI","Dim10",10,0.00773962197516975,0.0103479153204072,0.0886912049578054,"Batch_C19",0.112669194203408,0.0683026539135781,0.126711338932905,0.112669194203408,0.0683026539135781,0.126711338932905,22,22,"donor",0.25342267786581,0.25342267786581
"IterativeLSI","Dim10",10,0.00773962197516975,0.0103479153204072,0.0886912049578054,"Supplier",0.197448711497001,0.176870473330258,0.000188121770495902,NA,NA,NA,81,81,"donor",0.000268745386422717,NA
"IterativeLSI","Dim10",10,0.00773962197516975,0.0103479153204072,0.0886912049578054,"QC_tss_cutoff",0.00392096641044205,-0.0956869369485136,0.377394001235716,-0.145923051409907,-0.260515356550898,0.119438929479775,92,81,"sample (LMM)",0.377394001235716,0.170627042113964
"IterativeLSI","Dim10",10,0.00773962197516975,0.0103479153204072,0.0886912049578054,"QC_frag_cutoff",-0.0528022990262742,-0.158082528928902,0.532323544382058,-0.0144077213953566,-0.115848493534892,0.81373469696228,92,81,"sample (LMM)",0.591470604868953,0.81373469696228
"IterativeLSI","Dim10",10,0.00773962197516975,0.0103479153204072,0.0886912049578054,"QC_nCells",-0.130594362706118,-0.24365379897673,0.0136627003079646,0.00561612308671111,-0.0938222646046178,0.349984800314914,92,81,"sample (LMM)",0.0455423343598819,0.437481000393643
"IterativeLSI","Dim10",10,0.00773962197516975,0.0103479153204072,0.0886912049578054,"QC_meanTSS",0.015629356848332,-0.0828077074668347,0.827849674882852,0.0840216012694136,-0.00757623860364509,0.0321111484302634,92,81,"sample (LMM)",0.827849674882852,0.0582523989092859
"IterativeLSI","Dim10",10,0.00773962197516975,0.0103479153204072,0.0886912049578054,"QC_meanLog10Frags",0.0293108975355865,-0.0677580127108548,0.781693788525048,0.0667218314065882,-0.0266059854527529,0.40399245942053,92,81,"sample (LMM)",0.86854865391672,0.40399245942053
"IterativeLSI","Dim10",10,0.00773962197516975,0.0103479153204072,0.0886912049578054,"QC_meanFRIP",0.229035754918647,0.151939330410512,0.054826405902363,0.328431848968715,0.261275033865586,4.07897435303927e-05,92,81,"sample (LMM)",0.054826405902363,0.000101974358825982
"Harmony","Dim1",1,0.018577135310993,0.0226134852010989,0.0350968421186003,"Cohort",0.0698784168778737,0.0336399136393493,0.131994972638025,NA,NA,NA,81,81,"donor",0.219991621063375,NA
"Harmony","Dim1",1,0.018577135310993,0.0226134852010989,0.0350968421186003,"Control_status",0.325428749691735,0.257971624660909,0.439826355109391,0.336364268181487,0.270000694999636,0.460458790875062,92,81,"sample (LMM)",0.638648553149723,0.65779827267866
"Harmony","Dim1",1,0.018577135310993,0.0226134852010989,0.0350968421186003,"Exposure_group",0.486882589576551,NA,0.101250766239456,0.54509611634763,-4.00394272017607,0.193646331202478,92,81,"sample (LMM)",0.133166476622251,0.27663761600354
"Harmony","Dim1",1,0.018577135310993,0.0226134852010989,0.0350968421186003,"Age",0.103525524994655,0.0855960354945484,0.0200170883235126,0.0710096397598605,0.0516556739215243,0.061401325043406,52,52,"donor",0.200170883235126,0.296849510834395
"Harmony","Dim1",1,0.018577135310993,0.0226134852010989,0.0350968421186003,"Sex_observed",0.00612078603253087,-0.0137567982468183,0.581430944582432,0.0165926901599896,-0.00389496212834395,0.372646482056903,52,52,"donor",0.852137968403656,0.775485579195205
"Harmony","Dim1",1,0.018577135310993,0.0226134852010989,0.0350968421186003,"Sex_predicted",0.000946246199950824,-0.0117000038481512,0.78515186056545,0.00200127166334512,-0.0111302905516109,0.697342819433461,81,81,"donor",0.944828872520608,0.891894016724765
"Harmony","Dim1",1,0.018577135310993,0.0226134852010989,0.0350968421186003,"Sampling_day",0.158384812254412,0.0742232934798526,0.313496315473227,0.164931988230046,0.0814251870530509,0.329344908710717,50,39,"sample (LMM)",0.391870394341534,0.411681135888396
"Harmony","Dim1",1,0.018577135310993,0.0226134852010989,0.0350968421186003,"Viral_load",0.293836555975174,0.192956063971628,0.147657563265863,0.293836555975174,0.192956063971628,0.147657563265863,12,4,"sample (LMM)",0.184571954082329,0.184571954082329
"Harmony","Dim1",1,0.018577135310993,0.0226134852010989,0.0350968421186003,"Batch_C19",0.0170603895532,-0.0320865909691399,0.562338980648658,0.0170603895532,-0.0320865909691399,0.562338980648658,22,22,"donor",0.702923725810823,0.702923725810823
"Harmony","Dim1",1,0.018577135310993,0.0226134852010989,0.0350968421186003,"Supplier",0.0505884692693107,0.0262445838659596,0.13204609951546,NA,NA,NA,81,81,"donor",0.188637285022085,NA
"Harmony","Dim1",1,0.018577135310993,0.0226134852010989,0.0350968421186003,"QC_tss_cutoff",-0.0307407630506692,-0.133814839355736,0.00063119677024057,0.0252204528241799,-0.072257501893402,0.00025578862623588,92,81,"sample (LMM)",0.00157799192560142,0.0012789431311794
"Harmony","Dim1",1,0.018577135310993,0.0226134852010989,0.0350968421186003,"QC_frag_cutoff",-0.0806884067088443,-0.188757247379729,0.281180568516631,-0.0730280869078915,-0.180330895598681,0.34435975689075,92,81,"sample (LMM)",0.281180568516631,0.34435975689075
"Harmony","Dim1",1,0.018577135310993,0.0226134852010989,0.0350968421186003,"QC_nCells",-0.00123657028178592,-0.101360227309965,0.0171375348132661,-0.0320462097165479,-0.135250830688203,0.0427227210808199,92,81,"sample (LMM)",0.0342750696265323,0.0712045351346999
"Harmony","Dim1",1,0.018577135310993,0.0226134852010989,0.0350968421186003,"QC_meanTSS",0.125934867023797,0.0385283537261764,0.0225979237113058,0.374720240777867,0.312192264855653,0.000909480908293481,92,81,"sample (LMM)",0.0564948092782645,0.0045474045414674
"Harmony","Dim1",1,0.018577135310993,0.0226134852010989,0.0350968421186003,"QC_meanLog10Frags",0.0151827772684903,-0.0832989450046606,0.895503915220255,0.069452671889504,-0.0236020609215457,0.33889234708018,92,81,"sample (LMM)",0.937947669094643,0.33889234708018
"Harmony","Dim1",1,0.018577135310993,0.0226134852010989,0.0350968421186003,"QC_meanFRIP",0.0810052695423279,-0.0108942035034394,0.018835276128153,0.180665079977089,0.0987315879747983,0.00474548012562444,92,81,"sample (LMM)",0.0313921268802549,0.00593185015703055
"Harmony","Dim2",2,0.663019128434465,0.503627103385333,0.0964465107343519,"Cohort",0.165999067915017,0.133505525106511,0.00281667989517684,NA,NA,NA,81,81,"donor",0.0281667989517684,NA
"Harmony","Dim2",2,0.663019128434465,0.503627103385333,0.0964465107343519,"Control_status",0.1719524527088,0.0891476979796796,0.65833876442485,-0.543980239209028,-0.698378263129931,0.539684971902924,92,81,"sample (LMM)",0.65833876442485,0.674606214878654
"Harmony","Dim2",2,0.663019128434465,0.503627103385333,0.0964465107343519,"Exposure_group",0.318644063255728,NA,0.000939362352309439,0.477399265515418,-4.7486080793304,0.0367873464204504,92,81,"sample (LMM)",0.00939362352309439,0.0735746928409007
"Harmony","Dim2",2,0.663019128434465,0.503627103385333,0.0964465107343519,"Age",0.0331489169291408,0.0138118952677236,0.196417093922594,0.0105246787341208,-0.0100893904589183,0.478358130093783,52,52,"donor",0.392834187845187,0.683368757276833
"Harmony","Dim2",2,0.663019128434465,0.503627103385333,0.0964465107343519,"Sex_observed",0.0224126992642878,0.00286095324957347,0.289460521533663,0.0116791241034954,-0.00891089414434854,0.455042937822437,52,52,"donor",0.852137968403656,0.775485579195205
"Harmony","Dim2",2,0.663019128434465,0.503627103385333,0.0964465107343519,"Sex_predicted",0.000453378425689504,-0.0121991104549979,0.850345985268547,0.0017836799239099,-0.011350745340249,0.713515213379812,81,81,"donor",0.944828872520608,0.891894016724765
"Harmony","Dim2",2,0.663019128434465,0.503627103385333,0.0964465107343519,"Sampling_day",0.0563810097322157,-0.0379808892945628,0.527041275104629,0.0674964348364454,-0.0257539216799101,0.56234740984987,50,39,"sample (LMM)",0.585601416782922,0.624830455388744
"Harmony","Dim2",2,0.663019128434465,0.503627103385333,0.0964465107343519,"Viral_load",0.480546121443799,0.406338424507199,0.0295997317126481,0.480546121443799,0.406338424507199,0.0295997317126481,12,4,"sample (LMM)",0.0522037725191535,0.0522037725191535
"Harmony","Dim2",2,0.663019128434465,0.503627103385333,0.0964465107343519,"Batch_C19",0.348531269280025,0.315957832744026,0.00382175994708798,0.348531269280025,0.315957832744026,0.00382175994708798,22,22,"donor",0.0127391998236266,0.0127391998236266
"Harmony","Dim2",2,0.663019128434465,0.503627103385333,0.0964465107343519,"Supplier",0.153007938549754,0.131290193384363,0.0015391971648286,NA,NA,NA,81,81,"donor",0.015391971648286,NA
"Harmony","Dim2",2,0.663019128434465,0.503627103385333,0.0964465107343519,"QC_tss_cutoff",-0.303952608041955,-0.434347868846151,1.13761095488608e-06,-0.0868480591654405,-0.195532865081984,0.000667188814049785,92,81,"sample (LMM)",1.13761095488608e-05,0.00222396271349928
"Harmony","Dim2",2,0.663019128434465,0.503627103385333,0.0964465107343519,"QC_frag_cutoff",-0.0227457638866122,-0.125020340275273,0.172969725309977,-0.0569218771604297,-0.162614064876472,0.0984614871338727,92,81,"sample (LMM)",0.216212156637472,0.123076858917341
"Harmony","Dim2",2,0.663019128434465,0.503627103385333,0.0964465107343519,"QC_nCells",-0.536906248311371,-0.690596873142508,0.000163762808389708,-0.79987124552413,-0.979858370076542,0.000898242491817955,92,81,"sample (LMM)",0.000818814041948538,0.00420602725868391
"Harmony","Dim2",2,0.663019128434465,0.503627103385333,0.0964465107343519,"QC_meanTSS",0.338477562360894,0.272325318596984,1.02309312056668e-06,0.662417099049967,0.628658808954963,9.27780373588671e-08,92,81,"sample (LMM)",1.02309312056668e-05,9.27780373588671e-07
"Harmony","Dim2",2,0.663019128434465,0.503627103385333,0.0964465107343519,"QC_meanLog10Frags",-0.00965631783926339,-0.11062194962319,0.937947669094643,-0.070881426981008,-0.177969569679109,0.0149656776338459,92,81,"sample (LMM)",0.937947669094643,0.0213795394769227
"Harmony","Dim2",2,0.663019128434465,0.503627103385333,0.0964465107343519,"QC_meanFRIP",-0.0235302387764002,-0.12588326265404,5.65574541530006e-05,0.117868015939623,0.0296548175335852,0.00120588484732135,92,81,"sample (LMM)",0.000282787270765003,0.00200980807886891
"Harmony","Dim3",3,0.0722597040469187,0.148766445372252,0.0858464605798161,"Cohort",0.0791131691789932,0.0432344614846683,0.0942311959012485,NA,NA,NA,81,81,"donor",0.219991621063375,NA
"Harmony","Dim3",3,0.0722597040469187,0.148766445372252,0.0858464605798161,"Control_status",0.254645903362309,0.18011049369854,0.272967385612131,0.316466026747701,0.248112629422471,0.0524707995047787,92,81,"sample (LMM)",0.638648553149723,0.174902665015929
"Harmony","Dim3",3,0.0722597040469187,0.148766445372252,0.0858464605798161,"Exposure_group",0.275252478284345,NA,0.239237896065092,0.347228264831154,-6.18048908685731,0.502962387844152,92,81,"sample (LMM)",0.265819884516769,0.502962387844152
"Harmony","Dim3",3,0.0722597040469187,0.148766445372252,0.0858464605798161,"Age",0.0061408598384568,-0.013736322964774,0.580810081865545,0.016959637845292,-0.00352036969959779,0.367367586738038,52,52,"donor",0.726012602331932,0.683368757276833
"Harmony","Dim3",3,0.0722597040469187,0.148766445372252,0.0858464605798161,"Sex_observed",0.000997787110319147,-0.0189822571474745,0.82407966787393,0.00316588544670848,-0.0176014919398184,0.697937021275684,52,52,"donor",0.915644075415477,0.775485579195205
"Harmony","Dim3",3,0.0722597040469187,0.148766445372252,0.0858464605798161,"Sex_predicted",0.0196447851945056,0.00723522551342337,0.21202984836355,0.0287806413373753,0.0160014392497092,0.137572386760654,81,81,"donor",0.839278595745296,0.750192970802846
"Harmony","Dim3",3,0.0722597040469187,0.148766445372252,0.0858464605798161,"Sampling_day",0.290070788088941,0.219077866897835,0.20320107351193,0.283704268988977,0.212074695887875,0.201606164930077,50,39,"sample (LMM)",0.391870394341534,0.403212329860154
"Harmony","Dim3",3,0.0722597040469187,0.148766445372252,0.0858464605798161,"Viral_load",0.474385493307672,0.39929770663734,0.0148530237819004,0.474385493307672,0.39929770663734,0.0148530237819004,12,4,"sample (LMM)",0.039742610041737,0.039742610041737
"Harmony","Dim3",3,0.0722597040469187,0.148766445372252,0.0858464605798161,"Batch_C19",0.0296474649536769,-0.0188701617986393,0.443543068417587,0.0296474649536769,-0.0188701617986393,0.443543068417587,22,22,"donor",0.702923725810823,0.702923725810823
"Harmony","Dim3",3,0.0722597040469187,0.148766445372252,0.0858464605798161,"Supplier",0.0617651960245361,0.0377078933584984,0.0832051152121387,NA,NA,NA,81,81,"donor",0.166410230424277,NA
"Harmony","Dim3",3,0.0722597040469187,0.148766445372252,0.0858464605798161,"QC_tss_cutoff",-0.0999629994873404,-0.209959299436074,0.0481650258283653,-0.101642987646294,-0.211807286410923,0.0402252483573829,92,81,"sample (LMM)",0.0802750430472755,0.0804504967147658
"Harmony","Dim3",3,0.0722597040469187,0.148766445372252,0.0858464605798161,"QC_frag_cutoff",0.332175400986289,0.265392941084918,0.0039060604785562,0.367295028706412,0.304024531577054,0.000641037471955302,92,81,"sample (LMM)",0.00651010079759367,0.0012820749439106
"Harmony","Dim3",3,0.0722597040469187,0.148766445372252,0.0858464605798161,"QC_nCells",0.106224045980817,0.0168464505788988,0.250012906527122,0.0752834734905292,-0.0171881791604178,0.259643386103063,92,81,"sample (LMM)",0.312516133158903,0.370919123004376
"Harmony","Dim3",3,0.0722597040469187,0.148766445372252,0.0858464605798161,"QC_meanTSS",-0.132120817261397,-0.245332898987537,0.0500177589701344,-0.254806435669326,-0.380287079236259,0.146396659233658,92,81,"sample (LMM)",0.0833629316168907,0.243994432056097
"Harmony","Dim3",3,0.0722597040469187,0.148766445372252,0.0858464605798161,"QC_meanLog10Frags",0.441353303484564,0.385488633833021,0.000285926178805423,0.480198578861619,0.428218436747781,0.000277505385143197,92,81,"sample (LMM)",0.00142963089402711,0.000555010770286393
"Harmony","Dim3",3,0.0722597040469187,0.148766445372252,0.0858464605798161,"QC_meanFRIP",-0.0583721820352766,-0.164209400238804,0.00243665651590947,-0.206664868272727,-0.327331355099999,0.00322015739115368,92,81,"sample (LMM)",0.00609164128977367,0.00460022484450526
"Harmony","Dim4",4,0.0539085730944396,0.0833701064700394,0.0296234950644101,"Cohort",0.111185518908502,0.0765563832815604,0.0275641172447411,NA,NA,NA,81,81,"donor",0.137820586223705,NA
"Harmony","Dim4",4,0.0539085730944396,0.0833701064700394,0.0296234950644101,"Control_status",0.307021655269573,0.23772382079653,0.460795064735592,0.0965504606182565,0.00620550668008213,0.684911924026524,92,81,"sample (LMM)",0.638648553149723,0.76101324891836
"Harmony","Dim4",4,0.0539085730944396,0.0833701064700394,0.0296234950644101,"Exposure_group",0.826942236484039,NA,0.0720505882931809,0.843861490747346,-0.717523601779197,0.323239756056823,92,81,"sample (LMM)",0.120084313821968,0.359155284507581
"Harmony","Dim4",4,0.0539085730944396,0.0833701064700394,0.0296234950644101,"Age",0.0129907161872829,-0.00674946948897159,0.421081848050336,0.00286829144210545,-0.0179052858195174,0.711838523260362,52,52,"donor",0.601545497214765,0.834452488354235
"Harmony","Dim4",4,0.0539085730944396,0.0833701064700394,0.0296234950644101,"Sex_observed",0.00828357722161902,-0.0115507512339486,0.521073155969359,0.00345269204715963,-0.0173087102018579,0.685231475896866,52,52,"donor",0.852137968403656,0.775485579195205
"Harmony","Dim4",4,0.0539085730944396,0.0833701064700394,0.0296234950644101,"Sex_predicted",0.00681847218967279,-0.00575344588387572,0.463638718681301,0.0141221042635645,0.00115002668808517,0.300077188321138,81,81,"donor",0.944828872520608,0.750192970802846
"Harmony","Dim4",4,0.0539085730944396,0.0833701064700394,0.0296234950644101,"Sampling_day",0.515823302194014,0.467405632413415,0.0686850875632817,0.452463282172821,0.397709610390103,0.0635707412215663,50,39,"sample (LMM)",0.228950291877606,0.264258427947655
"Harmony","Dim4",4,0.0539085730944396,0.0833701064700394,0.0296234950644101,"Viral_load",0.384006501710237,0.296007430525986,0.0158970440166948,0.384006501710237,0.296007430525986,0.0158970440166948,12,4,"sample (LMM)",0.039742610041737,0.039742610041737
"Harmony","Dim4",4,0.0539085730944396,0.0833701064700394,0.0296234950644101,"Batch_C19",0.00639110038317954,-0.0432893445976614,0.723600307411447,0.00639110038317954,-0.0432893445976614,0.723600307411447,22,22,"donor",0.804000341568275,0.804000341568275
"Harmony","Dim4",4,0.0539085730944396,0.0833701064700394,0.0296234950644101,"Supplier",0.106685616336777,0.0837801193197715,0.0122791624766398,NA,NA,NA,81,81,"donor",0.061395812383199,NA
"Harmony","Dim4",4,0.0539085730944396,0.0833701064700394,0.0296234950644101,"QC_tss_cutoff",-0.0710532502409919,-0.178158575265091,0.001475823120694,0.0437695143923195,-0.0518535341684485,0.0862454120787197,92,81,"sample (LMM)",0.002951646241388,0.143742353464533
"Harmony","Dim4",4,0.0539085730944396,0.0833701064700394,0.0296234950644101,"QC_frag_cutoff",-0.0392270245065947,-0.143149726957254,0.0556363910870514,-0.0473365719784521,-0.152070229176297,0.0460094350571153,92,81,"sample (LMM)",0.0794805586957877,0.0657277643673076
"Harmony","Dim4",4,0.0539085730944396,0.0833701064700394,0.0296234950644101,"QC_nCells",0.122705930512954,0.0349765235642495,0.198835172487578,0.0320483135188194,-0.0647468551292989,0.68955330389876,92,81,"sample (LMM)",0.284050246410826,0.766170337665289
"Harmony","Dim4",4,0.0539085730944396,0.0833701064700394,0.0296234950644101,"QC_meanTSS",-0.238063215169717,-0.361869536686689,0.00569182166073107,0.0519622522644696,-0.0428415225090835,0.0439197552073404,92,81,"sample (LMM)",0.0189727388691036,0.109799388018351
"Harmony","Dim4",4,0.0539085730944396,0.0833701064700394,0.0296234950644101,"QC_meanLog10Frags",-0.238663681475179,-0.362530049622697,0.00583436857683656,-0.0482355165443914,-0.153059068198831,0.0482195373152706,92,81,"sample (LMM)",0.0116687371536731,0.0602744216440882
"Harmony","Dim4",4,0.0539085730944396,0.0833701064700394,0.0296234950644101,"QC_meanFRIP",-0.161386737787064,-0.27752541156577,0.000495700937788565,0.149652295413948,0.064617524955343,0.0011895781836673,92,81,"sample (LMM)",0.00165233645929522,0.00200980807886891
"Harmony","Dim5",5,0.0397828613807331,0.0245336826402351,0.0877144333209882,"Cohort",0.0699722613453141,0.0337374143847419,0.131549332694118,NA,NA,NA,81,81,"donor",0.219991621063375,NA
"Harmony","Dim5",5,0.0397828613807331,0.0245336826402351,0.0877144333209882,"Control_status",0.127271956344815,0.0399991519792963,0.574783697834751,0.1957870335259,0.11536573687849,0.254761258607302,92,81,"sample (LMM)",0.638648553149723,0.509522517214605
"Harmony","Dim5",5,0.0397828613807331,0.0245336826402351,0.0877144333209882,"Exposure_group",0.304366098899337,NA,0.0202089518897613,0.354240384611487,-6.10335576927365,0.0355686053895263,92,81,"sample (LMM)",0.067363172965871,0.0735746928409007
"Harmony","Dim5",5,0.0397828613807331,0.0245336826402351,0.0877144333209882,"Age",0.0364138548286956,0.0171421319252695,0.175388332960768,0.0572118562821139,0.0375704366213245,0.0943407971132674,52,52,"donor",0.392834187845187,0.296849510834395
"Harmony","Dim5",5,0.0397828613807331,0.0245336826402351,0.0877144333209882,"Sex_observed",0.0985183632531511,0.0804887305182141,0.0234530533211592,0.102138860260925,0.0834334198496945,0.0236732972955235,52,52,"donor",0.117265266605796,0.118366486477618
"Harmony","Dim5",5,0.0397828613807331,0.0245336826402351,0.0877144333209882,"Sex_predicted",1.47288400540062e-07,-0.0126580786952906,0.997286919085344,5.65072313729777e-05,-0.0131006439892669,0.947920390068701,81,81,"donor",0.997286919085344,0.947920390068701
"Harmony","Dim5",5,0.0397828613807331,0.0245336826402351,0.0877144333209882,"Sampling_day",0.221308202787649,0.143439023066413,0.161752905066421,0.225733762629338,0.148307138892272,0.162592317565212,50,39,"sample (LMM)",0.391870394341534,0.403212329860154
"Harmony","Dim5",5,0.0397828613807331,0.0245336826402351,0.0877144333209882,"Viral_load",0.0915515297740877,-0.0382268231153284,0.277706135335014,0.0915515297740877,-0.0382268231153284,0.277706135335014,12,4,"sample (LMM)",0.30856237259446,0.30856237259446
"Harmony","Dim5",5,0.0397828613807331,0.0245336826402351,0.0877144333209882,"Batch_C19",0.602372926880829,0.58249157322487,2.180625815591e-05,0.602372926880829,0.58249157322487,2.180625815591e-05,22,22,"donor",0.0002180625815591,0.0002180625815591
"Harmony","Dim5",5,0.0397828613807331,0.0245336826402351,0.0877144333209882,"Supplier",0.0695705525966642,0.0457133872786299,0.0600695577336684,NA,NA,NA,81,81,"donor",0.150173894334171,NA
"Harmony","Dim5",5,0.0397828613807331,0.0245336826402351,0.0877144333209882,"QC_tss_cutoff",-0.0504349792888906,-0.15547847721778,0.254260100901595,0.0168345807215098,-0.0814819612063391,0.27087941702981,92,81,"sample (LMM)",0.355772457662706,0.338599271287263
"Harmony","Dim5",5,0.0397828613807331,0.0245336826402351,0.0877144333209882,"QC_frag_cutoff",-1.8018068758335,-2.08198756341685,6.86968385405449e-05,-2.0936616461154,-2.40302781072693,3.18709571382176e-05,92,81,"sample (LMM)",0.000228989461801816,0.000106236523794059
"Harmony","Dim5",5,0.0397828613807331,0.0245336826402351,0.0877144333209882,"QC_nCells",-0.258125355678134,-0.383937891245947,0.000698226247632368,-0.28437823684562,-0.412816060530182,0.00126180817760517,92,81,"sample (LMM)",0.00232742082544123,0.00420602725868391
"Harmony","Dim5",5,0.0397828613807331,0.0245336826402351,0.0877144333209882,"QC_meanTSS",0.0383017170068603,-0.0578681112924537,0.0454235384378243,-0.00494631228729223,-0.105440943516021,0.968257891913098,92,81,"sample (LMM)",0.0833629316168907,0.968257891913098
"Harmony","Dim5",5,0.0397828613807331,0.0245336826402351,0.0877144333209882,"QC_meanLog10Frags",-0.156185779759566,-0.271804357735523,0.311609165522932,-4.55869064977205,-5.11455971474925,3.91437791348951e-05,92,81,"sample (LMM)",0.389511456903665,9.78594478372377e-05
"Harmony","Dim5",5,0.0397828613807331,0.0245336826402351,0.0877144333209882,"QC_meanFRIP",0.07711220180505,-0.0151765780144451,0.511232769523422,-0.663031861435371,-0.829335047578909,0.0638626019781515,92,81,"sample (LMM)",0.511232769523422,0.0709584466423905
"Harmony","Dim6",6,0.0989527432364532,0.0296777722670554,0.478360227465594,"Cohort",0.0325956474594068,-0.00509543121100586,0.463106675747269,NA,NA,NA,81,81,"donor",0.578883344684086,NA
"Harmony","Dim6",6,0.0989527432364532,0.0296777722670554,0.478360227465594,"Control_status",0.114904784133934,0.0263952625473276,0.573084151684021,0.0108871339483731,-0.0880241526567895,0.960836301482799,92,81,"sample (LMM)",0.638648553149723,0.960836301482799
"Harmony","Dim6",6,0.0989527432364532,0.0296777722670554,0.478360227465594,"Exposure_group",-0.0158857476781887,NA,0.032983613332493,0.102875757040242,-8.86836667255734,0.0246545152835728,92,81,"sample (LMM)",0.0824590333312326,0.0735746928409007
"Harmony","Dim6",6,0.0989527432364532,0.0296777722670554,0.478360227465594,"Age",0.0550050623257884,0.036105163572304,0.0942188293013989,0.0834382911950629,0.06434325559496,0.0419053033377385,52,52,"donor",0.338982374796065,0.296849510834395
"Harmony","Dim6",6,0.0989527432364532,0.0296777722670554,0.478360227465594,"Sex_observed",0.106204138772168,0.088328221547611,0.0183905013961051,0.106472998488045,0.0878578526232126,0.020742324975265,52,52,"donor",0.117265266605796,0.118366486477618
"Harmony","Dim6",6,0.0989527432364532,0.0296777722670554,0.478360227465594,"Sex_predicted",0.000746213336323234,-0.0119025687733436,0.80872121755497,0.00221372365492834,-0.0109150431390859,0.68249993916108,81,81,"donor",0.944828872520608,0.891894016724765
"Harmony","Dim6",6,0.0989527432364532,0.0296777722670554,0.478360227465594,"Sampling_day",0.220529126273739,0.142582038901113,0.242184752802915,0.254665838423699,0.180132422266069,0.25797952706867,50,39,"sample (LMM)",0.391870394341534,0.411681135888396
"Harmony","Dim6",6,0.0989527432364532,0.0296777722670554,0.478360227465594,"Viral_load",0.506509683332751,0.436011066666001,0.0036005553360733,0.506509683332751,0.436011066666001,0.0036005553360733,12,4,"sample (LMM)",0.0233020330303257,0.0233020330303257
"Harmony","Dim6",6,0.0989527432364532,0.0296777722670554,0.478360227465594,"Batch_C19",0.57192608061084,0.550522384641382,4.66378630651988e-05,0.57192608061084,0.550522384641382,4.66378630651988e-05,22,22,"donor",0.000233189315325994,0.000233189315325994
"Harmony","Dim6",6,0.0989527432364532,0.0296777722670554,0.478360227465594,"Supplier",0.0320141093813322,0.00719395833982794,0.281120201676775,NA,NA,NA,81,81,"donor",0.351400252095969,NA
"Harmony","Dim6",6,0.0989527432364532,0.0296777722670554,0.478360227465594,"QC_tss_cutoff",-0.0573019195650312,-0.163032111521534,0.472016042649288,0.0131343049727226,-0.0855522645300053,0.412398454567301,92,81,"sample (LMM)",0.52446226961032,0.458220505074779
"Harmony","Dim6",6,0.0989527432364532,0.0296777722670554,0.478360227465594,"QC_frag_cutoff",0.347251621191764,0.28197678331094,2.42470546420663e-09,0.370669301418142,0.307736231559956,2.83752275133828e-09,92,81,"sample (LMM)",2.42470546420663e-08,2.83752275133828e-08
"Harmony","Dim6",6,0.0989527432364532,0.0296777722670554,0.478360227465594,"QC_nCells",-0.0493226041839203,-0.154254864602312,0.0166258970543728,-0.075700585042942,-0.183270643547236,0.00678761508177633,92,81,"sample (LMM)",0.0342750696265323,0.0169690377044408
"Harmony","Dim6",6,0.0989527432364532,0.0296777722670554,0.478360227465594,"QC_meanTSS",-0.0786918565486855,-0.186561042203554,0.0614561513186093,0.0316326119744287,-0.0652041268281285,0.57187780961709,92,81,"sample (LMM)",0.0877945018837276,0.816968299452985
"Harmony","Dim6",6,0.0989527432364532,0.0296777722670554,0.478360227465594,"QC_meanLog10Frags",0.601543714185518,0.561698085604069,0.000195397808066603,0.794077577033602,0.773485334736962,4.0590646864487e-16,92,81,"sample (LMM)",0.00142963089402711,4.0590646864487e-15
"Harmony","Dim6",6,0.0989527432364532,0.0296777722670554,0.478360227465594,"QC_meanFRIP",0.255233707282592,0.180757078010851,0.0241411400138898,0.282331288868621,0.210564417755484,2.03335216677472e-11,92,81,"sample (LMM)",0.0344873428769854,2.03335216677472e-10
"Harmony","Dim7",7,0.016926935855525,0.0195312668384607,0.208175521152713,"Cohort",0.0281853232077585,-0.00967758627765369,0.528877086544443,NA,NA,NA,81,81,"donor",0.587641207271604,NA
"Harmony","Dim7",7,0.016926935855525,0.0195312668384607,0.208175521152713,"Control_status",0.00567892373176645,-0.0937531838950569,0.46916151497369,0.00747411789385749,-0.0917784703167566,0.406095887388954,92,81,"sample (LMM)",0.638648553149723,0.65779827267866
"Harmony","Dim7",7,0.016926935855525,0.0195312668384607,0.208175521152713,"Exposure_group",0.144185632546416,NA,0.35139015579201,0.119258637770922,-8.68815498451986,0.306818322467888,92,81,"sample (LMM)",0.35139015579201,0.359155284507581
"Harmony","Dim7",7,0.016926935855525,0.0195312668384607,0.208175521152713,"Age",0.00132813193160086,-0.0186453054297673,0.797568685056575,0.00211735176708201,-0.0186718700711039,0.751007239518812,52,52,"donor",0.797568685056575,0.834452488354235
"Harmony","Dim7",7,0.016926935855525,0.0195312668384607,0.208175521152713,"Sex_observed",0.00564655747898804,-0.0142405113714323,0.596496577882559,0.00538948992493868,-0.0153315623682917,0.612390495605092,52,52,"donor",0.852137968403656,0.775485579195205
"Harmony","Dim7",7,0.016926935855525,0.0195312668384607,0.208175521152713,"Sex_predicted",0.00127362836068703,-0.0113684776094309,0.751774864128493,0.00592026710723229,-0.00715972937819864,0.50313392113435,81,81,"donor",0.944828872520608,0.891894016724765
"Harmony","Dim7",7,0.016926935855525,0.0195312668384607,0.208175521152713,"Sampling_day",0.00123802002914197,-0.0986381779679439,0.803456565192724,0.00232299228494143,-0.0974447084865644,0.73309946350026,50,39,"sample (LMM)",0.803456565192724,0.73309946350026
"Harmony","Dim7",7,0.016926935855525,0.0195312668384607,0.208175521152713,"Viral_load",0.486870328617875,0.413566089849,0.00466040660606514,0.486870328617875,0.413566089849,0.00466040660606514,12,4,"sample (LMM)",0.0233020330303257,0.0233020330303257
"Harmony","Dim7",7,0.016926935855525,0.0195312668384607,0.208175521152713,"Batch_C19",0.0424009990586582,-0.00547895098840878,0.357909321925023,0.0424009990586582,-0.00547895098840878,0.357909321925023,22,22,"donor",0.702923725810823,0.702923725810823
"Harmony","Dim7",7,0.016926935855525,0.0195312668384607,0.208175521152713,"Supplier",0.027179485140429,0.00223536937479896,0.341409889503834,NA,NA,NA,81,81,"donor",0.379344321670927,NA
"Harmony","Dim7",7,0.016926935855525,0.0195312668384607,0.208175521152713,"QC_tss_cutoff",0.0123675203508007,-0.0863957276141192,0.284617966130165,0.0153327393929101,-0.0831339866677987,0.233150400932184,92,81,"sample (LMM)",0.355772457662706,0.333072001331691
"Harmony","Dim7",7,0.016926935855525,0.0195312668384607,0.208175521152713,"QC_frag_cutoff",0.197231377897213,0.116954515686934,6.9339764889003e-06,0.190386524336682,0.10942517677035,1.04341405812762e-05,92,81,"sample (LMM)",3.46698824445015e-05,5.21707029063811e-05
"Harmony","Dim7",7,0.016926935855525,0.0195312668384607,0.208175521152713,"QC_nCells",0.000192676873799834,-0.0997880554388202,0.894077550906902,0.0111685046499296,-0.0877146448850774,0.309388750308139,92,81,"sample (LMM)",0.894077550906902,0.386735937885173
"Harmony","Dim7",7,0.016926935855525,0.0195312668384607,0.208175521152713,"QC_meanTSS",0.000861863745265413,-0.099051949880208,0.778213352477944,0.000471206349033009,-0.0994816730160637,0.835046633082534,92,81,"sample (LMM)",0.850619014369759,0.968257891913098
"Harmony","Dim7",7,0.016926935855525,0.0195312668384607,0.208175521152713,"QC_meanLog10Frags",0.476839552459882,0.42452350770587,0.00118422665245441,0.283431356049749,0.211774491654724,3.07141329735763e-08,92,81,"sample (LMM)",0.0039159498783971,1.53570664867881e-07
"Harmony","Dim7",7,0.016926935855525,0.0195312668384607,0.208175521152713,"QC_meanFRIP",0.058991186142248,-0.035109695243527,0.0180235866338226,0.210421729311693,0.131463902242862,3.12933093911582e-06,92,81,"sample (LMM)",0.0313921268802549,1.04311031303861e-05
"Harmony","Dim8",8,0.021762024592168,0.0152890552446057,0.117520058648744,"Cohort",0.0525792789932045,0.0156667833695633,0.242101054063551,NA,NA,NA,81,81,"donor",0.345858648662216,NA
"Harmony","Dim8",8,0.021762024592168,0.0152890552446057,0.117520058648744,"Control_status",0.0873166075202456,-0.00395173172772978,0.1850951242375,0.0534247088004714,-0.0412328203194814,0.0924569054647866,92,81,"sample (LMM)",0.616983747458332,0.231142263661966
"Harmony","Dim8",8,0.021762024592168,0.0152890552446057,0.117520058648744,"Exposure_group",-1.06615954841054,NA,0.106533181297801,-0.855662299198753,-19.4122852911863,0.139808050330438,92,81,"sample (LMM)",0.133166476622251,0.233013417217396
"Harmony","Dim8",8,0.021762024592168,0.0152890552446057,0.117520058648744,"Age",0.052673237125532,0.0337267018680426,0.10169471243882,0.0499437878558795,0.0301509501028772,0.118739804333758,52,52,"donor",0.338982374796065,0.296849510834395
"Harmony","Dim8",8,0.021762024592168,0.0152890552446057,0.117520058648744,"Sex_observed",4.06586247152187e-05,-0.0199585282027905,0.964216004356045,0.000414186380115522,-0.0204105180702987,0.888437224902858,52,52,"donor",0.964216004356045,0.888437224902858
"Harmony","Dim8",8,0.021762024592168,0.0152890552446057,0.117520058648744,"Sex_predicted",0.000664484751795183,-0.0119853318969163,0.819311623864085,9.42982848668767e-05,-0.0130623556850693,0.932754174964079,81,81,"donor",0.944828872520608,0.947920390068701
"Harmony","Dim8",8,0.021762024592168,0.0152890552446057,0.117520058648744,"Sampling_day",0.397575734313778,0.337333307745156,0.0462848411200688,0.418592538590827,0.36045179244991,0.0463629494748245,50,39,"sample (LMM)",0.228950291877606,0.264258427947655
"Harmony","Dim8",8,0.021762024592168,0.0152890552446057,0.117520058648744,"Viral_load",0.266691268741301,0.161932878561487,0.0313222635114921,0.266691268741301,0.161932878561487,0.0313222635114921,12,4,"sample (LMM)",0.0522037725191535,0.0522037725191535
"Harmony","Dim8",8,0.021762024592168,0.0152890552446057,0.117520058648744,"Batch_C19",0.0189327895135938,-0.0301205710107264,0.541445863189536,0.0189327895135938,-0.0301205710107264,0.541445863189536,22,22,"donor",0.702923725810823,0.702923725810823
"Harmony","Dim8",8,0.021762024592168,0.0152890552446057,0.117520058648744,"Supplier",0.0524732091092971,0.0281776503685098,0.122199219898128,NA,NA,NA,81,81,"donor",0.188637285022085,NA
"Harmony","Dim8",8,0.021762024592168,0.0152890552446057,0.117520058648744,"QC_tss_cutoff",-0.194178011920372,-0.31359581311241,0.00015407590396221,-0.11551239574752,-0.227063635322272,0.000113119535423336,92,81,"sample (LMM)",0.000513586346540702,0.00113119535423336
"Harmony","Dim8",8,0.021762024592168,0.0152890552446057,0.117520058648744,"QC_frag_cutoff",0.351697652579426,0.286867417837368,0.0014633521636424,0.35833700596103,0.294170706557133,0.00189260154820927,92,81,"sample (LMM)",0.0029267043272848,0.00315433591368211
"Harmony","Dim8",8,0.021762024592168,0.0152890552446057,0.117520058648744,"QC_nCells",-0.0475421000082959,-0.152296310009125,0.298035064762201,-0.00294845195966388,-0.10324329715563,0.838447015766489,92,81,"sample (LMM)",0.331150071958001,0.838447015766489
"Harmony","Dim8",8,0.021762024592168,0.0152890552446057,0.117520058648744,"QC_meanTSS",-0.136380034753914,-0.250018038229305,0.0852590618032941,-0.245832494285637,-0.370415743714201,0.0730824523006254,92,81,"sample (LMM)",0.106573827254118,0.146164904601251
"Harmony","Dim8",8,0.021762024592168,0.0152890552446057,0.117520058648744,"QC_meanLog10Frags",0.563690366271326,0.520059402898458,0.00156637995135884,0.676216919707564,0.643838611678321,0.000453857190366231,92,81,"sample (LMM)",0.0039159498783971,0.000756428650610385
"Harmony","Dim8",8,0.021762024592168,0.0152890552446057,0.117520058648744,"QC_meanFRIP",0.210479522519568,0.131527474771524,1.90142683781244e-05,0.25165182229789,0.176817004527679,3.95682235683638e-09,92,81,"sample (LMM)",0.000190142683781244,1.97841117841819e-08
"Harmony","Dim9",9,0.00945621699508323,0.011181171685002,0.201514272790199,"Cohort",0.090244041525133,0.0547990041819564,0.0621122876063615,NA,NA,NA,81,81,"donor",0.207040958687872,NA
"Harmony","Dim9",9,0.00945621699508323,0.011181171685002,0.201514272790199,"Control_status",0.410201880718096,0.351222068789905,0.0135678503118279,0.447808966861747,0.392589863547922,0.00086729035765038,92,81,"sample (LMM)",0.0678392515591396,0.0043364517882519
"Harmony","Dim9",9,0.00945621699508323,0.011181171685002,0.201514272790199,"Exposure_group",0.310765417922008,NA,0.00368292054774034,0.504666894556713,-4.44866415987615,0.0156752668255092,92,81,"sample (LMM)",0.0184146027387017,0.0735746928409007
"Harmony","Dim9",9,0.00945621699508323,0.011181171685002,0.201514272790199,"Age",0.0184426623832204,-0.00118848436911523,0.337082363064247,0.0106612008052793,-0.00995002417794399,0.475503224180038,52,52,"donor",0.561803938440411,0.683368757276833
"Harmony","Dim9",9,0.00945621699508323,0.011181171685002,0.201514272790199,"Sex_observed",0.00109115744808336,-0.0188870194029549,0.816169163536581,0.0037152690962593,-0.0170406627975686,0.674125402962199,52,52,"donor",0.915644075415477,0.775485579195205
"Harmony","Dim9",9,0.00945621699508323,0.011181171685002,0.201514272790199,"Sex_predicted",0.0165952056252159,0.00414704367110474,0.251727188356957,0.0160421143426457,0.00309530005768044,0.269157156327142,81,81,"donor",0.839278595745296,0.750192970802846
"Harmony","Dim9",9,0.00945621699508323,0.011181171685002,0.201514272790199,"Sampling_day",0.377796893700152,0.315576583070168,0.0615869659781124,0.461670296484682,0.40783732613315,0.0792775283842966,50,39,"sample (LMM)",0.228950291877606,0.264258427947655
"Harmony","Dim9",9,0.00945621699508323,0.011181171685002,0.201514272790199,"Viral_load",-0.0328969962370512,-0.180453709985201,0.609085998836737,-0.0328969962370512,-0.180453709985201,0.609085998836737,12,4,"sample (LMM)",0.609085998836737,0.609085998836737
"Harmony","Dim9",9,0.00945621699508323,0.011181171685002,0.201514272790199,"Batch_C19",0.317496527576772,0.28337135395561,0.00631809947504303,0.317496527576772,0.28337135395561,0.00631809947504303,22,22,"donor",0.0157952486876076,0.0157952486876076
"Harmony","Dim9",9,0.00945621699508323,0.011181171685002,0.201514272790199,"Supplier",0.0898963963016984,0.0665604064632805,0.0253829752961232,NA,NA,NA,81,81,"donor",0.0846099176537439,NA
"Harmony","Dim9",9,0.00945621699508323,0.011181171685002,0.201514272790199,"QC_tss_cutoff",-0.446890974889204,-0.591580072378124,1.18684755355223e-05,-0.0141591629281988,-0.115575079221019,0.00102800363702492,92,81,"sample (LMM)",5.93423776776117e-05,0.00257000909256231
"Harmony","Dim9",9,0.00945621699508323,0.011181171685002,0.201514272790199,"QC_frag_cutoff",0.0177215502021835,-0.0805062947775981,0.00061548963998715,-0.144967782795001,-0.259464561074501,0.000262361270606895,92,81,"sample (LMM)",0.00153872409996787,0.000655903176517238
"Harmony","Dim9",9,0.00945621699508323,0.011181171685002,0.201514272790199,"QC_nCells",-0.0201581342592972,-0.122173947685227,2.01646150131041e-08,-0.778047684466657,-0.955852452913322,1.65374208596526e-08,92,81,"sample (LMM)",2.01646150131041e-07,1.65374208596526e-07
"Harmony","Dim9",9,0.00945621699508323,0.011181171685002,0.201514272790199,"QC_meanTSS",-0.431341466151904,-0.574475612767095,0.000711235864417221,-0.237291324870325,-0.361020457357358,0.0132027189194248,92,81,"sample (LMM)",0.00355617932208611,0.0440090630647494
"Harmony","Dim9",9,0.00945621699508323,0.011181171685002,0.201514272790199,"QC_meanLog10Frags",0.196840137504435,0.116524151254878,0.113745286140764,-0.206228994371967,-0.326851893809164,4.8032703674701e-07,92,81,"sample (LMM)",0.189575476901273,1.60109012249003e-06
"Harmony","Dim9",9,0.00945621699508323,0.011181171685002,0.201514272790199,"QC_meanFRIP",-0.1067268197634,-0.21739950173974,0.341691593331483,0.069321741124636,-0.0237460847629003,0.12536181888286,92,81,"sample (LMM)",0.37965732592387,0.12536181888286
"Harmony","Dim10",10,0.00535467705322116,0.00660256670130786,0.080956632209596,"Cohort",0.00576857850212818,-0.0329677106471395,0.930084627366279,NA,NA,NA,81,81,"donor",0.930084627366279,NA
"Harmony","Dim10",10,0.00535467705322116,0.00660256670130786,0.080956632209596,"Control_status",0.506641645702488,0.457305810272737,0.0014486981033662,0.518049056998321,0.469853962698153,0.000258505882583021,92,81,"sample (LMM)",0.014486981033662,0.00258505882583021
"Harmony","Dim10",10,0.00535467705322116,0.00660256670130786,0.080956632209596,"Exposure_group",0.219836420221694,NA,0.0436475200229812,0.213306292653654,-7.65363078080981,0.0147404883956519,92,81,"sample (LMM)",0.0872950400459623,0.0735746928409007
"Harmony","Dim10",10,0.00535467705322116,0.00660256670130786,0.080956632209596,"Age",0.00146585594005027,-0.0185048269411487,0.787564007029829,0.000280024790480808,-0.0205474746930507,0.908174037773867,52,52,"donor",0.797568685056575,0.908174037773867
"Harmony","Dim10",10,0.00535467705322116,0.00660256670130786,0.080956632209596,"Sex_observed",0.006489442916133,-0.0133807682255442,0.57023321130601,0.00484420872520674,-0.0158882035930181,0.63102540195038,52,52,"donor",0.852137968403656,0.775485579195205
"Harmony","Dim10",10,0.00535467705322116,0.00660256670130786,0.080956632209596,"Sex_predicted",0.0165912918697318,0.00414308037441202,0.251783578723589,0.0181873054322777,0.00526871734586043,0.239111195330039,81,81,"donor",0.839278595745296,0.750192970802846
"Harmony","Dim10",10,0.00535467705322116,0.00660256670130786,0.080956632209596,"Sampling_day",0.0203097956690782,-0.077659224764014,0.311113268055012,0.02110370243332,-0.076785927323348,0.301742237897679,50,39,"sample (LMM)",0.391870394341534,0.411681135888396
"Harmony","Dim10",10,0.00535467705322116,0.00660256670130786,0.080956632209596,"Viral_load",0.285358429346981,0.18326677639655,0.0446531905331974,0.285358429346981,0.18326677639655,0.0446531905331974,12,4,"sample (LMM)",0.063790272190282,0.063790272190282
"Harmony","Dim10",10,0.00535467705322116,0.00660256670130786,0.080956632209596,"Batch_C19",0.00111575149029958,-0.0488284609351854,0.882683219211926,0.00111575149029958,-0.0488284609351854,0.882683219211926,22,22,"donor",0.882683219211926,0.882683219211926
"Harmony","Dim10",10,0.00535467705322116,0.00660256670130786,0.080956632209596,"Supplier",0.00301441073643497,-0.0225493223216051,0.888927529675601,NA,NA,NA,81,81,"donor",0.888927529675601,NA
"Harmony","Dim10",10,0.00535467705322116,0.00660256670130786,0.080956632209596,"QC_tss_cutoff",3.14482181955124e-06,-0.0999965406959986,0.986429014169922,0.000933312239434168,-0.0989733565366224,0.769449354283884,92,81,"sample (LMM)",0.986429014169922,0.769449354283884
"Harmony","Dim10",10,0.00535467705322116,0.00660256670130786,0.080956632209596,"QC_frag_cutoff",0.0180365406182424,-0.0801598053199333,0.19565571547528,0.0166440412446446,-0.081691554630891,0.214002908182832,92,81,"sample (LMM)",0.217395239416977,0.237781009092035
"Harmony","Dim10",10,0.00535467705322116,0.00660256670130786,0.080956632209596,"QC_nCells",0.0373341519660444,-0.0589324328373511,0.0613502870705393,0.0523093692294292,-0.0424596938476278,0.0261980532303655,92,81,"sample (LMM)",0.102250478450899,0.052396106460731
"Harmony","Dim10",10,0.00535467705322116,0.00660256670130786,0.080956632209596,"QC_meanTSS",0.000385444032380358,-0.0995760115643816,0.850619014369759,0.000200772220874325,-0.0997791505570382,0.891888443553528,92,81,"sample (LMM)",0.850619014369759,0.968257891913098
"Harmony","Dim10",10,0.00535467705322116,0.00660256670130786,0.080956632209596,"QC_meanLog10Frags",0.0206742235889093,-0.0772583540521998,0.165640166997106,0.0381184928526593,-0.058069657862075,0.0586381869543681,92,81,"sample (LMM)",0.236628809995866,0.065153541060409
"Harmony","Dim10",10,0.00535467705322116,0.00660256670130786,0.080956632209596,"QC_meanFRIP",0.0417238957600075,-0.0541037146639918,0.0476871113310698,0.108095386613433,0.0189049252747768,0.00117806100140351,92,81,"sample (LMM)",0.0596088891638372,0.00200980807886891
