"embedding","Dim","dim_index","var_share_between_pseudobulks","covariate","r2","adj_r2","p","n","n_group","unit","p_adj"
"IterativeLSI","Dim1",1,0.0238657527018086,"CellType",0.966391352678166,0.965886304699285,0,834,91,"pseudobulk (LMM)",0
"IterativeLSI","Dim1",1,0.0238657527018086,"Cohort",0.505337215568498,0.488279878174308,2.71868511502007e-13,91,91,"sample",6.79671278755018e-13
"IterativeLSI","Dim1",1,0.0238657527018086,"Control_status",0.0953855236565871,0.0852213160572229,0.00289519301193658,91,91,"sample",0.0289519301193658
"IterativeLSI","Dim1",1,0.0238657527018086,"Exposure_group",0.561147951980975,0.487056047769971,2.24247116051919e-09,91,91,"sample",5.60617790129798e-09
"IterativeLSI","Dim1",1,0.0238657527018086,"Age",0.00533029811561219,-0.0112475302491275,0.572803954109456,62,62,"sample",0.572803954109456
"IterativeLSI","Dim1",1,0.0238657527018086,"Sex_observed",0.0619763538805969,0.0463426264452736,0.0510350664011462,62,62,"sample",0.510350664011462
"IterativeLSI","Dim1",1,0.0238657527018086,"Sex_predicted",0.00130091149277527,-0.00992042658033965,0.734291587381715,91,91,"sample",0.815879541535239
"IterativeLSI","Dim1",1,0.0238657527018086,"Sampling_day",5.08245557131797e-06,-0.020828144993271,0.987602938191756,50,50,"sample",0.987602938191756
"IterativeLSI","Dim1",1,0.0238657527018086,"Batch_C19",0.423865013830021,0.398815666605239,0.000424199366253832,25,25,"sample",0.00141399788751277
"IterativeLSI","Dim1",1,0.0238657527018086,"Supplier",0.459641946599442,0.44736108174943,1.72978311700643e-12,91,91,"sample",4.32445779251607e-12
"IterativeLSI","Dim1",1,0.0238657527018086,"QC_tss_cutoff",0.141691345746856,0.132047428283337,0.000235627694287679,91,91,"sample",0.000336610991839541
"IterativeLSI","Dim1",1,0.0238657527018086,"QC_frag_cutoff",0.0173141076684141,0.00627269314783452,0.213763031450877,91,91,"sample",0.305375759215538
"IterativeLSI","Dim1",1,0.0238657527018086,"QC_nCells",0.00384075848941411,0.00249822581891468,0.0732181301475238,834,91,"pseudobulk (LMM)",0.138378043026264
"IterativeLSI","Dim1",1,0.0238657527018086,"QC_meanTSS",0.6662527300683,0.665802935903972,2.502124612832e-113,834,91,"pseudobulk (LMM)",1.251062306416e-112
"IterativeLSI","Dim1",1,0.0238657527018086,"QC_meanLog10Frags",0.00131943351872847,-2.64971638610501e-05,0.294017340229554,834,91,"pseudobulk (LMM)",0.326685933588393
"IterativeLSI","Dim1",1,0.0238657527018086,"QC_meanFRIP",0.00306715417625137,0.00172357891233788,0.109464354021895,834,91,"pseudobulk (LMM)",0.121627060024328
"IterativeLSI","Dim2",2,0.512076895338353,"CellType",0.996822390018245,0.996774639048574,0,834,91,"pseudobulk (LMM)",0
"IterativeLSI","Dim2",2,0.512076895338353,"Cohort",0.050916113340118,0.0181890827656394,0.205927375045778,91,91,"sample",0.205927375045778
"IterativeLSI","Dim2",2,0.512076895338353,"Control_status",0.00625999575681785,-0.00490562226838631,0.455973075276407,91,91,"sample",0.651390107537724
"IterativeLSI","Dim2",2,0.512076895338353,"Exposure_group",0.20487438078762,0.0706323931283867,0.12717869695333,91,91,"sample",0.12717869695333
"IterativeLSI","Dim2",2,0.512076895338353,"Age",0.0168867015429733,0.000501479902022983,0.314092816798208,62,62,"sample",0.44870402399744
"IterativeLSI","Dim2",2,0.512076895338353,"Sex_observed",0.000607331521465883,-0.0160492129531764,0.849209162450791,62,62,"sample",0.870654208936376
"IterativeLSI","Dim2",2,0.512076895338353,"Sex_predicted",0.00148519789104245,-0.00973406954838407,0.716840721841786,91,91,"sample",0.815879541535239
"IterativeLSI","Dim2",2,0.512076895338353,"Sampling_day",0.00398859326358665,-0.0167616443767553,0.663042986365932,50,50,"sample",0.987602938191756
"IterativeLSI","Dim2",2,0.512076895338353,"Batch_C19",0.116303212598554,0.0778816131463176,0.095254636707783,25,25,"sample",0.190509273415566
"IterativeLSI","Dim2",2,0.512076895338353,"Supplier",0.0468704113801712,0.0252083752751751,0.120972284182609,91,91,"sample",0.120972284182609
"IterativeLSI","Dim2",2,0.512076895338353,"QC_tss_cutoff",0.00732008306914156,-0.00383362386266595,0.420033074448758,91,91,"sample",0.420033074448758
"IterativeLSI","Dim2",2,0.512076895338353,"QC_frag_cutoff",0.00774638111229003,-0.00340253595386408,0.406764585491176,91,91,"sample",0.451960650545752
"IterativeLSI","Dim2",2,0.512076895338353,"QC_nCells",0.00359619448998724,0.00225333221841051,0.0830268258157587,834,91,"pseudobulk (LMM)",0.138378043026264
"IterativeLSI","Dim2",2,0.512076895338353,"QC_meanTSS",0.724071775288018,0.723699904365225,5.32336147681475e-135,834,91,"pseudobulk (LMM)",5.32336147681475e-134
"IterativeLSI","Dim2",2,0.512076895338353,"QC_meanLog10Frags",0.0374940962399999,0.0361969184721292,1.64726828741094e-08,834,91,"pseudobulk (LMM)",3.29453657482188e-08
"IterativeLSI","Dim2",2,0.512076895338353,"QC_meanFRIP",0.00470698778929905,0.00336562254373207,0.0472940689106333,834,91,"pseudobulk (LMM)",0.0591175861382917
"IterativeLSI","Dim3",3,0.252155997177607,"CellType",0.994805439052103,0.99472737870999,0,834,91,"pseudobulk (LMM)",0
"IterativeLSI","Dim3",3,0.252155997177607,"Cohort",0.132842098358073,0.102940101749731,0.00593337844962761,91,91,"sample",0.00659264272180846
"IterativeLSI","Dim3",3,0.252155997177607,"Control_status",0.00896157004021297,-0.00217369321776228,0.372084815505725,91,91,"sample",0.651390107537724
"IterativeLSI","Dim3",3,0.252155997177607,"Exposure_group",0.235282544642304,0.106174402828668,0.0542075595842334,91,91,"sample",0.0602306217602594
"IterativeLSI","Dim3",3,0.252155997177607,"Age",0.0111655380514136,-0.00531503631439612,0.413709540768689,62,62,"sample",0.459677267520766
"IterativeLSI","Dim3",3,0.252155997177607,"Sex_observed",0.0370601748486711,0.0210111777628157,0.133863515235106,62,62,"sample",0.66931757617553
"IterativeLSI","Dim3",3,0.252155997177607,"Sex_predicted",0.00858518434679426,-0.00255430796391609,0.382365006347442,91,91,"sample",0.637275010579071
"IterativeLSI","Dim3",3,0.252155997177607,"Sampling_day",0.00141041366067742,-0.019393536054725,0.795687775880086,50,50,"sample",0.987602938191756
"IterativeLSI","Dim3",3,0.252155997177607,"Batch_C19",0.0821450622274819,0.0422383258025898,0.164825233198681,25,25,"sample",0.274708721997801
"IterativeLSI","Dim3",3,0.252155997177607,"Supplier",0.13058513560366,0.110825706867379,0.00211831570709097,91,91,"sample",0.00235368411898997
"IterativeLSI","Dim3",3,0.252155997177607,"QC_tss_cutoff",0.257031173907135,0.248683209569013,2.92659798702483e-07,91,91,"sample",7.31649496756208e-07
"IterativeLSI","Dim3",3,0.252155997177607,"QC_frag_cutoff",0.0525238953860268,0.0418780964577798,0.0288743758319771,91,91,"sample",0.0617360211823582
"IterativeLSI","Dim3",3,0.252155997177607,"QC_nCells",0.0526079922278241,0.0513311835920125,1.89989624696579e-11,834,91,"pseudobulk (LMM)",1.89989624696579e-10
"IterativeLSI","Dim3",3,0.252155997177607,"QC_meanTSS",0.00121224948999813,-0.000133825645460162,0.314512808079261,834,91,"pseudobulk (LMM)",0.314512808079261
"IterativeLSI","Dim3",3,0.252155997177607,"QC_meanLog10Frags",0.00987700836806897,0.00854261080522267,0.00401200095083968,834,91,"pseudobulk (LMM)",0.00573142992977097
"IterativeLSI","Dim3",3,0.252155997177607,"QC_meanFRIP",0.0179736212264516,0.016650135540773,0.000100550067671078,834,91,"pseudobulk (LMM)",0.000201100135342156
"IterativeLSI","Dim4",4,0.0726065653939607,"CellType",0.958152010548401,0.957523147318938,0,834,91,"pseudobulk (LMM)",0
"IterativeLSI","Dim4",4,0.0726065653939607,"Cohort",0.816015079328435,0.80967077171907,7.08577536094989e-32,91,91,"sample",3.54288768047494e-31
"IterativeLSI","Dim4",4,0.0726065653939607,"Control_status",0.0316018364967405,0.0207209582551309,0.0918300830678374,91,91,"sample",0.306100276892791
"IterativeLSI","Dim4",4,0.0726065653939607,"Exposure_group",0.833834978644262,0.805781143869916,1.0509570457307e-24,91,91,"sample",5.2547852286535e-24
"IterativeLSI","Dim4",4,0.0726065653939607,"Age",0.0352121894735213,0.0191323926314133,0.144155502435947,62,62,"sample",0.288311004871893
"IterativeLSI","Dim4",4,0.0726065653939607,"Sex_observed",0.00140847694777706,-0.0152347151030934,0.772124465798506,62,62,"sample",0.870654208936376
"IterativeLSI","Dim4",4,0.0726065653939607,"Sex_predicted",0.000384330909686851,-0.0108473058216652,0.853663489246193,91,91,"sample",0.853663489246193
"IterativeLSI","Dim4",4,0.0726065653939607,"Sampling_day",0.00531335966310251,-0.0154092786772495,0.614919776439598,50,50,"sample",0.987602938191756
"IterativeLSI","Dim4",4,0.0726065653939607,"Batch_C19",0.00104842350895496,-0.0423842537297863,0.877887127130625,25,25,"sample",0.895281307560544
"IterativeLSI","Dim4",4,0.0726065653939607,"Supplier",0.773062184048231,0.767904506412964,4.56985394039874e-29,91,91,"sample",2.28492697019937e-28
"IterativeLSI","Dim4",4,0.0726065653939607,"QC_tss_cutoff",0.438279173527368,0.431967703567002,8.97208952645022e-13,91,91,"sample",8.97208952645022e-12
"IterativeLSI","Dim4",4,0.0726065653939607,"QC_frag_cutoff",0.013843678432499,0.0027632703249989,0.266678444680866,91,91,"sample",0.333348055851083
"IterativeLSI","Dim4",4,0.0726065653939607,"QC_nCells",0.000247672085938851,-0.00109970301906648,0.64945802553289,834,91,"pseudobulk (LMM)",0.64945802553289
"IterativeLSI","Dim4",4,0.0726065653939607,"QC_meanTSS",0.0227892282329359,0.0214722325836542,1.16112984114363e-05,834,91,"pseudobulk (LMM)",1.45141230142954e-05
"IterativeLSI","Dim4",4,0.0726065653939607,"QC_meanLog10Frags",0.0138060600182264,0.0124769576732375,0.000661479914471079,834,91,"pseudobulk (LMM)",0.00110246652411846
"IterativeLSI","Dim4",4,0.0726065653939607,"QC_meanFRIP",0.00683599905644784,0.00549750309830288,0.016765097104905,834,91,"pseudobulk (LMM)",0.0239501387212929
"IterativeLSI","Dim5",5,0.0622711891091169,"CellType",0.782383010383453,0.779112809719817,2.09160931538988e-235,834,91,"pseudobulk (LMM)",2.61451164423735e-235
"IterativeLSI","Dim5",5,0.0622711891091169,"Cohort",0.950262964839673,0.94854789466173,1.4796793249017e-56,91,91,"sample",1.4796793249017e-55
"IterativeLSI","Dim5",5,0.0622711891091169,"Control_status",0.0579760045574688,0.0473914652828336,0.0214993452527515,91,91,"sample",0.107496726263758
"IterativeLSI","Dim5",5,0.0622711891091169,"Exposure_group",0.960734218155711,0.95410493031187,1.69457685066315e-48,91,91,"sample",1.69457685066315e-47
"IterativeLSI","Dim5",5,0.0622711891091169,"Age",0.090462870583853,0.0753039184269173,0.0175318788627619,62,62,"sample",0.0584395962092063
"IterativeLSI","Dim5",5,0.0622711891091169,"Sex_observed",0.000445478387714567,-0.0162137636391568,0.870654208936376,62,62,"sample",0.870654208936376
"IterativeLSI","Dim5",5,0.0622711891091169,"Sex_predicted",0.0125818026430158,0.00148721615585867,0.289793972752771,91,91,"sample",0.579587945505542
"IterativeLSI","Dim5",5,0.0622711891091169,"Sampling_day",0.00212966981790923,-0.0186592953942177,0.750307316429502,50,50,"sample",0.987602938191756
"IterativeLSI","Dim5",5,0.0622711891091169,"Batch_C19",0.579627861545799,0.56135081204779,9.87914063502358e-06,25,25,"sample",5.05001506739637e-05
"IterativeLSI","Dim5",5,0.0622711891091169,"Supplier",0.950138311330794,0.949005091133767,5.03207654470569e-58,91,91,"sample",5.03207654470569e-57
"IterativeLSI","Dim5",5,0.0622711891091169,"QC_tss_cutoff",0.407058830099281,0.400396569763318,1.03160577633205e-11,91,91,"sample",4.40435177003204e-11
"IterativeLSI","Dim5",5,0.0622711891091169,"QC_frag_cutoff",0.000439139923609105,-0.0107918809761256,0.843700383062338,91,91,"sample",0.843700383062338
"IterativeLSI","Dim5",5,0.0622711891091169,"QC_nCells",0.014146400343858,0.0128177566785532,0.00172122289791326,834,91,"pseudobulk (LMM)",0.0052652884513396
"IterativeLSI","Dim5",5,0.0622711891091169,"QC_meanTSS",0.0309458395042504,0.029639836592531,0.00187121694343165,834,91,"pseudobulk (LMM)",0.00207912993714627
"IterativeLSI","Dim5",5,0.0622711891091169,"QC_meanLog10Frags",0.014390553941675,0.0130622393243457,6.94935450880295e-11,834,91,"pseudobulk (LMM)",2.31645150293432e-10
"IterativeLSI","Dim5",5,0.0622711891091169,"QC_meanFRIP",0.0871530485299831,0.085922796573824,3.03672983547096e-35,834,91,"pseudobulk (LMM)",1.51836491773548e-34
"IterativeLSI","Dim6",6,0.0243075051859737,"CellType",0.826476249922684,0.823868652585457,2.78749596533821e-270,834,91,"pseudobulk (LMM)",3.98213709334031e-270
"IterativeLSI","Dim6",6,0.0243075051859737,"Cohort",0.429813858712216,0.410152267633327,1.21651172128222e-10,91,91,"sample",2.43302344256443e-10
"IterativeLSI","Dim6",6,0.0243075051859737,"Control_status",0.00676940588167364,-0.00439048843426271,0.438143058097291,91,91,"sample",0.651390107537724
"IterativeLSI","Dim6",6,0.0243075051859737,"Exposure_group",0.536982052529407,0.458810191268138,1.40291361809377e-08,91,91,"sample",2.33818936348962e-08
"IterativeLSI","Dim6",6,0.0243075051859737,"Age",0.251326753220035,0.238848865773703,3.31771225698583e-05,62,62,"sample",0.000331771225698583
"IterativeLSI","Dim6",6,0.0243075051859737,"Sex_observed",0.000691268869987462,-0.0159638766488461,0.83925599364374,62,62,"sample",0.870654208936376
"IterativeLSI","Dim6",6,0.0243075051859737,"Sex_predicted",0.0407371862358766,0.0299589523733584,0.0550403618312099,91,91,"sample",0.440797641091524
"IterativeLSI","Dim6",6,0.0243075051859737,"Sampling_day",0.00850496941762574,-0.0121511770528404,0.524140026012846,50,50,"sample",0.987602938191756
"IterativeLSI","Dim6",6,0.0243075051859737,"Batch_C19",0.578840604975267,0.560529326930714,1.01000301347927e-05,25,25,"sample",5.05001506739637e-05
"IterativeLSI","Dim6",6,0.0243075051859737,"Supplier",0.333431744731799,0.318282466202976,1.77485788591614e-08,91,91,"sample",2.95809647652691e-08
"IterativeLSI","Dim6",6,0.0243075051859737,"QC_tss_cutoff",0.17050817521733,0.161188042354604,4.74818215199844e-05,91,91,"sample",7.9136369199974e-05
"IterativeLSI","Dim6",6,0.0243075051859737,"QC_frag_cutoff",0.119443572289236,0.109549679843048,0.000792735055331461,91,91,"sample",0.00405890475134861
"IterativeLSI","Dim6",6,0.0243075051859737,"QC_nCells",0.00188254255629931,0.000537370780768653,0.45561825984429,834,91,"pseudobulk (LMM)",0.5062425109381
"IterativeLSI","Dim6",6,0.0243075051859737,"QC_meanTSS",-0.00472870366638911,-0.00608278547726049,5.06513296092675e-06,834,91,"pseudobulk (LMM)",7.23590422989536e-06
"IterativeLSI","Dim6",6,0.0243075051859737,"QC_meanLog10Frags",0.19565873817208,0.194574720298996,4.18317327077919e-66,834,91,"pseudobulk (LMM)",4.18317327077919e-65
"IterativeLSI","Dim6",6,0.0243075051859737,"QC_meanFRIP",0.136488970607936,0.135325209112798,1.49529740517437e-46,834,91,"pseudobulk (LMM)",1.49529740517437e-45
"IterativeLSI","Dim7",7,0.0250818285400667,"CellType",0.956453220209274,0.955798828709686,0,834,91,"pseudobulk (LMM)",0
"IterativeLSI","Dim7",7,0.0250818285400667,"Cohort",0.18303460376892,0.154863383209228,0.00051038123528969,91,91,"sample",0.000729116050413843
"IterativeLSI","Dim7",7,0.0250818285400667,"Control_status",0.00285566374295428,-0.00834820520375401,0.614906159430288,91,91,"sample",0.683229066033654
"IterativeLSI","Dim7",7,0.0250818285400667,"Exposure_group",0.318664622313067,0.203633974132157,0.00279412901826335,91,91,"sample",0.00399161288323335
"IterativeLSI","Dim7",7,0.0250818285400667,"Age",0.174973671114466,0.161223232299707,0.000716413838289651,62,62,"sample",0.00358206919144826
"IterativeLSI","Dim7",7,0.0250818285400667,"Sex_observed",0.001486161607353,-0.0151557356991912,0.766098465139655,62,62,"sample",0.870654208936376
"IterativeLSI","Dim7",7,0.0250818285400667,"Sex_predicted",0.0186923415412892,0.00766641279456204,0.196262521594027,91,91,"sample",0.514010631059144
"IterativeLSI","Dim7",7,0.0250818285400667,"Sampling_day",0.00540074342433489,-0.0153200744209914,0.612018515558221,50,50,"sample",0.987602938191756
"IterativeLSI","Dim7",7,0.0250818285400667,"Batch_C19",0.0601973157142013,0.0193363294409058,0.237155179406765,25,25,"sample",0.338793113438235
"IterativeLSI","Dim7",7,0.0250818285400667,"Supplier",0.135736218569326,0.116093859900447,0.00163093928048683,91,91,"sample",0.00203867410060854
"IterativeLSI","Dim7",7,0.0250818285400667,"QC_tss_cutoff",0.128697740570252,0.118907827542951,0.000479613108545485,91,91,"sample",0.000532903453939428
"IterativeLSI","Dim7",7,0.0250818285400667,"QC_frag_cutoff",0.11852848384888,0.108624309510103,0.000832997028582525,91,91,"sample",0.00405890475134861
"IterativeLSI","Dim7",7,0.0250818285400667,"QC_nCells",0.0181541605754615,0.0168309182042693,9.27080455958052e-05,834,91,"pseudobulk (LMM)",0.000463540227979026
"IterativeLSI","Dim7",7,0.0250818285400667,"QC_meanTSS",0.0264695022009223,0.0251574664896028,2.24509357610542e-06,834,91,"pseudobulk (LMM)",3.74182262684236e-06
"IterativeLSI","Dim7",7,0.0250818285400667,"QC_meanLog10Frags",0.0639869791613567,0.0627255060874502,1.11730869109307e-13,834,91,"pseudobulk (LMM)",5.58654345546535e-13
"IterativeLSI","Dim7",7,0.0250818285400667,"QC_meanFRIP",0.0525693913810188,0.0512925307225026,1.93315093519459e-11,834,91,"pseudobulk (LMM)",4.83287733798648e-11
"IterativeLSI","Dim8",8,0.010694716266498,"CellType",0.856678484619826,0.854524746000725,1.43428556559205e-293,834,91,"pseudobulk (LMM)",2.39047594265341e-293
"IterativeLSI","Dim8",8,0.010694716266498,"Cohort",0.172384971278821,0.143846522012574,0.00087294979731804,91,91,"sample",0.00109118724664755
"IterativeLSI","Dim8",8,0.010694716266498,"Control_status",0.0041491302872733,-0.00704020532747629,0.544113690376603,91,91,"sample",0.680142112970754
"IterativeLSI","Dim8",8,0.010694716266498,"Exposure_group",0.301560838004464,0.183642537927296,0.00551781392704432,91,91,"sample",0.0068972674088054
"IterativeLSI","Dim8",8,0.010694716266498,"Age",0.0741227734591966,0.0586914863501832,0.0322959053188071,62,62,"sample",0.0807397632970177
"IterativeLSI","Dim8",8,0.010694716266498,"Sex_observed",0.0131898800408238,-0.00325695529182934,0.374083568431806,62,62,"sample",0.870654208936376
"IterativeLSI","Dim8",8,0.010694716266498,"Sex_predicted",0.0179396442023938,0.00690525818219612,0.205604252423658,91,91,"sample",0.514010631059144
"IterativeLSI","Dim8",8,0.010694716266498,"Sampling_day",0.00276002709607053,-0.0180158056727613,0.717098118556003,50,50,"sample",0.987602938191756
"IterativeLSI","Dim8",8,0.010694716266498,"Batch_C19",0.0468848362112538,0.00544504648130839,0.298518191431734,25,25,"sample",0.373147739289668
"IterativeLSI","Dim8",8,0.010694716266498,"Supplier",0.159814507358342,0.140719382525577,0.000470443907115465,91,91,"sample",0.000672062724450665
"IterativeLSI","Dim8",8,0.010694716266498,"QC_tss_cutoff",0.133332423669572,0.123594585733275,0.000372487454441094,91,91,"sample",0.000465609318051368
"IterativeLSI","Dim8",8,0.010694716266498,"QC_frag_cutoff",0.111500617911323,0.101517478786731,0.00121767142540458,91,91,"sample",0.00405890475134861
"IterativeLSI","Dim8",8,0.010694716266498,"QC_nCells",-0.00585162970136899,-0.00720722488964576,0.337502687688907,834,91,"pseudobulk (LMM)",0.421878359611134
"IterativeLSI","Dim8",8,0.010694716266498,"QC_meanTSS",-0.000619919079256817,-0.00196846344459289,9.14941243699744e-10,834,91,"pseudobulk (LMM)",1.93159735874853e-09
"IterativeLSI","Dim8",8,0.010694716266498,"QC_meanLog10Frags",-0.00195792885806948,-0.00330827647108589,1.62044041908582e-09,834,91,"pseudobulk (LMM)",4.05110104771454e-09
"IterativeLSI","Dim8",8,0.010694716266498,"QC_meanFRIP",0.0125237371856458,0.0111929066427693,3.25959807491849e-12,834,91,"pseudobulk (LMM)",1.0865326916395e-11
"IterativeLSI","Dim9",9,0.00964632958295925,"CellType",0.635462723812168,0.629984704634482,1.60560425428592e-150,834,91,"pseudobulk (LMM)",1.78400472698436e-150
"IterativeLSI","Dim9",9,0.00964632958295925,"Cohort",0.560183749696989,0.545017672100333,1.72053361748963e-15,91,91,"sample",5.73511205829878e-15
"IterativeLSI","Dim9",9,0.00964632958295925,"Control_status",0.00129765028500935,-0.0099237244308894,0.734612473163329,91,91,"sample",0.734612473163329
"IterativeLSI","Dim9",9,0.00964632958295925,"Exposure_group",0.667688346690447,0.611583781845977,1.25342979072043e-13,91,91,"sample",4.17809930240143e-13
"IterativeLSI","Dim9",9,0.00964632958295925,"Age",0.012372972576076,-0.00408747788098918,0.389399341177886,62,62,"sample",0.459677267520766
"IterativeLSI","Dim9",9,0.00964632958295925,"Sex_observed",0.000959526873588815,-0.015691147678518,0.811105076693743,62,62,"sample",0.870654208936376
"IterativeLSI","Dim9",9,0.00964632958295925,"Sex_predicted",0.00388341777805467,-0.00730890337050649,0.557324631068568,91,91,"sample",0.796178044383669
"IterativeLSI","Dim9",9,0.00964632958295925,"Sampling_day",0.0101884541192035,-0.0104326197533131,0.485508387038063,50,50,"sample",0.987602938191756
"IterativeLSI","Dim9",9,0.00964632958295925,"Batch_C19",0.125861519140524,0.0878554982335901,0.0818327843122061,25,25,"sample",0.190509273415566
"IterativeLSI","Dim9",9,0.00964632958295925,"Supplier",0.545226525357647,0.534890764570321,8.76971617662011e-16,91,91,"sample",2.92323872554004e-15
"IterativeLSI","Dim9",9,0.00964632958295925,"QC_tss_cutoff",0.403802863670002,0.397104019441575,1.32130553100961e-11,91,91,"sample",4.40435177003204e-11
"IterativeLSI","Dim9",9,0.00964632958295925,"QC_frag_cutoff",0.0512941418469401,0.0406345254631979,0.0308680105911791,91,91,"sample",0.0617360211823582
"IterativeLSI","Dim9",9,0.00964632958295925,"QC_nCells",0.00474276507315516,0.00340144804495179,0.130461353205521,834,91,"pseudobulk (LMM)",0.186373361722172
"IterativeLSI","Dim9",9,0.00964632958295925,"QC_meanTSS",0.139449418023573,0.13828964634975,4.48132040139169e-29,834,91,"pseudobulk (LMM)",1.49377346713056e-28
"IterativeLSI","Dim9",9,0.00964632958295925,"QC_meanLog10Frags",0.00311546336333485,0.00177195320614265,0.402722798736078,834,91,"pseudobulk (LMM)",0.402722798736078
"IterativeLSI","Dim9",9,0.00964632958295925,"QC_meanFRIP",0.00148931042450315,0.000143608686530738,0.264891599101974,834,91,"pseudobulk (LMM)",0.264891599101974
"IterativeLSI","Dim10",10,0.00729322070365631,"CellType",0.327532416076306,0.317427028886196,1.83502440125175e-66,834,91,"pseudobulk (LMM)",1.83502440125175e-66
"IterativeLSI","Dim10",10,0.00729322070365631,"Cohort",0.417804569505912,0.397728865006116,2.9719604046145e-10,91,91,"sample",4.95326734102416e-10
"IterativeLSI","Dim10",10,0.00729322070365631,"Control_status",0.0241717787533032,0.0132074167168235,0.141134998105951,91,91,"sample",0.352837495264876
"IterativeLSI","Dim10",10,0.00729322070365631,"Exposure_group",0.53723107557296,0.4591012571632,1.37748659102906e-08,91,91,"sample",2.33818936348962e-08
"IterativeLSI","Dim10",10,0.00729322070365631,"Age",0.0270375319322298,0.0108214907977671,0.201568902513323,62,62,"sample",0.335948170855538
"IterativeLSI","Dim10",10,0.00729322070365631,"Sex_observed",0.00588048922753431,-0.0106881692853402,0.553583898041202,62,62,"sample",0.870654208936376
"IterativeLSI","Dim10",10,0.00729322070365631,"Sex_predicted",0.0323200907608405,0.0214472827918611,0.0881595282183049,91,91,"sample",0.440797641091524
"IterativeLSI","Dim10",10,0.00729322070365631,"Sampling_day",0.000236903193242398,-0.0205914946568984,0.915511796283101,50,50,"sample",0.987602938191756
"IterativeLSI","Dim10",10,0.00729322070365631,"Batch_C19",0.000769513186056356,-0.0426752905884631,0.895281307560544,25,25,"sample",0.895281307560544
"IterativeLSI","Dim10",10,0.00729322070365631,"Supplier",0.406026973297762,0.392527586327257,1.11105569427361e-10,91,91,"sample",2.22211138854723e-10
"IterativeLSI","Dim10",10,0.00729322070365631,"QC_tss_cutoff",0.250193888494119,0.24176910072439,4.45465382263208e-07,91,91,"sample",8.90930764526416e-07
"IterativeLSI","Dim10",10,0.00729322070365631,"QC_frag_cutoff",0.0267330628259238,0.0157974792621701,0.121479330230938,91,91,"sample",0.202465550384897
"IterativeLSI","Dim10",10,0.00729322070365631,"QC_nCells",0.0550336779391569,0.0537601384215546,0.00210611538053584,834,91,"pseudobulk (LMM)",0.0052652884513396
"IterativeLSI","Dim10",10,0.00729322070365631,"QC_meanTSS",0.0593524164835665,0.0580846973683152,9.65798679374267e-10,834,91,"pseudobulk (LMM)",1.93159735874853e-09
"IterativeLSI","Dim10",10,0.00729322070365631,"QC_meanLog10Frags",0.00065013529403344,-0.000696697407726488,0.0891967425114924,834,91,"pseudobulk (LMM)",0.111495928139366
"IterativeLSI","Dim10",10,0.00729322070365631,"QC_meanFRIP",0.0529826535023398,0.0517063498008604,0.000432701488722777,834,91,"pseudobulk (LMM)",0.000721169147871295
"Harmony","Dim1",1,0.0244974941205614,"CellType",0.970593411994306,0.970151509715532,0,834,91,"pseudobulk (LMM)",0
"Harmony","Dim1",1,0.0244974941205614,"Cohort",0.161255393484892,0.132333165674027,0.00151545906569795,91,91,"sample",0.00757729532848977
"Harmony","Dim1",1,0.0244974941205614,"Control_status",0.00158668072923638,-0.00963144645358116,0.707749616958276,91,91,"sample",0.809066584127628
"Harmony","Dim1",1,0.0244974941205614,"Exposure_group",0.246595376607283,0.119397193437084,0.0382164324780304,91,91,"sample",0.0753354238516079
"Harmony","Dim1",1,0.0244974941205614,"Age",0.0104680108573439,-0.00602418896170054,0.428768732162783,62,62,"sample",0.570967873546704
"Harmony","Dim1",1,0.0244974941205614,"Sex_observed",0.13768092779363,0.123308943256857,0.00298771505282848,62,62,"sample",0.0149385752641424
"Harmony","Dim1",1,0.0244974941205614,"Sex_predicted",0.000313270974213343,-0.0109191641833797,0.86774689229897,91,91,"sample",0.86774689229897
"Harmony","Dim1",1,0.0244974941205614,"Sampling_day",0.00160834218084595,-0.01919148402372,0.782150384087804,50,50,"sample",0.901390554643716
"Harmony","Dim1",1,0.0244974941205614,"Batch_C19",0.381567288959074,0.354678910218164,0.00100138369574172,25,25,"sample",0.00333794565247242
"Harmony","Dim1",1,0.0244974941205614,"Supplier",0.160246957605794,0.141161661187744,0.000459906747946524,91,91,"sample",0.00229953373973262
"Harmony","Dim1",1,0.0244974941205614,"QC_tss_cutoff",0.149963014332067,0.140412036965011,0.000149348509555394,91,91,"sample",0.00124683684379574
"Harmony","Dim1",1,0.0244974941205614,"QC_frag_cutoff",0.0882348480947794,0.0779902958261814,0.00424603974909555,91,91,"sample",0.00707673291515924
"Harmony","Dim1",1,0.0244974941205614,"QC_nCells",0.00461632099343781,0.00327483355542346,0.049482005225223,834,91,"pseudobulk (LMM)",0.098964010450446
"Harmony","Dim1",1,0.0244974941205614,"QC_meanTSS",0.594442377293284,0.593895803677776,4.32833501405842e-76,834,91,"pseudobulk (LMM)",2.16416750702921e-75
"Harmony","Dim1",1,0.0244974941205614,"QC_meanLog10Frags",0.0333814380205502,0.0320787175866156,1.03072832257226e-07,834,91,"pseudobulk (LMM)",2.06145664514452e-07
"Harmony","Dim1",1,0.0244974941205614,"QC_meanFRIP",0.0186387844589084,0.0173161952196347,7.45608662844989e-05,834,91,"pseudobulk (LMM)",0.000186402165711247
"Harmony","Dim2",2,0.554701534999261,"CellType",0.997484392662641,0.997446589820139,0,834,91,"pseudobulk (LMM)",0
"Harmony","Dim2",2,0.554701534999261,"Cohort",0.046645138601163,0.0137708330356858,0.242722516612062,91,91,"sample",0.346746452302946
"Harmony","Dim2",2,0.554701534999261,"Control_status",0.00677029218143755,-0.00438959217607438,0.438112973324955,91,91,"sample",0.730188288874924
"Harmony","Dim2",2,0.554701534999261,"Exposure_group",0.200245259753394,0.0652217321792923,0.143155100519404,91,91,"sample",0.178943875649255
"Harmony","Dim2",2,0.554701534999261,"Age",0.00926378558602039,-0.00724848465421268,0.456774298837363,62,62,"sample",0.570967873546704
"Harmony","Dim2",2,0.554701534999261,"Sex_observed",3.82108937865283e-06,-0.0166627818924652,0.987969497523275,62,62,"sample",0.987969497523275
"Harmony","Dim2",2,0.554701534999261,"Sex_predicted",0.00388116577967721,-0.00731118067223657,0.557439162028534,91,91,"sample",0.853233109022887
"Harmony","Dim2",2,0.554701534999261,"Sampling_day",0.00420324783856562,-0.0165425178314642,0.654650735508056,50,50,"sample",0.901390554643716
"Harmony","Dim2",2,0.554701534999261,"Batch_C19",0.117318190470854,0.0789407204913261,0.0937293892152826,25,25,"sample",0.212174106082415
"Harmony","Dim2",2,0.554701534999261,"Supplier",0.0463074694139452,0.024632639173353,0.124156303324866,91,91,"sample",0.187844465249428
"Harmony","Dim2",2,0.554701534999261,"QC_tss_cutoff",0.0120377940418548,0.000937095098504814,0.300531980431222,91,91,"sample",0.300531980431222
"Harmony","Dim2",2,0.554701534999261,"QC_frag_cutoff",0.00834789364062071,-0.00279426485779943,0.389051548707364,91,91,"sample",0.389051548707364
"Harmony","Dim2",2,0.554701534999261,"QC_nCells",0.00337715447973566,0.00203399700598861,0.0930202522522198,834,91,"pseudobulk (LMM)",0.132886074646028
"Harmony","Dim2",2,0.554701534999261,"QC_meanTSS",0.716181665390593,0.71579916089651,6.56660758996084e-131,834,91,"pseudobulk (LMM)",6.56660758996085e-130
"Harmony","Dim2",2,0.554701534999261,"QC_meanLog10Frags",0.0352458760583666,0.0339456683441596,4.48948031091759e-08,834,91,"pseudobulk (LMM)",1.1223700777294e-07
"Harmony","Dim2",2,0.554701534999261,"QC_meanFRIP",0.00429108058423363,0.002949154816827,0.0582521513297255,834,91,"pseudobulk (LMM)",0.0647246125885838
"Harmony","Dim3",3,0.271032510744964,"CellType",0.994784066820489,0.99470568531096,0,834,91,"pseudobulk (LMM)",0
"Harmony","Dim3",3,0.271032510744964,"Cohort",0.0507563086707681,0.0180237675904497,0.207208466932416,91,91,"sample",0.34534744488736
"Harmony","Dim3",3,0.271032510744964,"Control_status",0.0367039880766287,0.0258804373808604,0.0688793187109387,91,91,"sample",0.172198296777347
"Harmony","Dim3",3,0.271032510744964,"Exposure_group",0.161952919600896,0.0204644514815669,0.336469896624729,91,91,"sample",0.336469896624729
"Harmony","Dim3",3,0.271032510744964,"Age",0.0111693108375193,-0.00531120064852186,0.413630213577249,62,62,"sample",0.570967873546704
"Harmony","Dim3",3,0.271032510744964,"Sex_observed",0.0450531701279772,0.0291373896301103,0.0976743530089157,62,62,"sample",0.244185882522289
"Harmony","Dim3",3,0.271032510744964,"Sex_predicted",0.00988875315594578,-0.00123609231421229,0.348330813966687,91,91,"sample",0.829363515380039
"Harmony","Dim3",3,0.271032510744964,"Sampling_day",0.00119986631797943,-0.019608469800396,0.811251499179344,50,50,"sample",0.901390554643716
"Harmony","Dim3",3,0.271032510744964,"Batch_C19",0.083388412334161,0.0435357346095594,0.161523298370166,25,25,"sample",0.269205497283611
"Harmony","Dim3",3,0.271032510744964,"Supplier",0.0467990385598648,0.0251353803453163,0.121371510201306,91,91,"sample",0.187844465249428
"Harmony","Dim3",3,0.271032510744964,"QC_tss_cutoff",0.120819012729609,0.110940574670391,0.000735813869185003,91,91,"sample",0.00245271289728334
"Harmony","Dim3",3,0.271032510744964,"QC_frag_cutoff",0.072075870462576,0.0616497566475487,0.0100805392516081,91,91,"sample",0.0144007703594402
"Harmony","Dim3",3,0.271032510744964,"QC_nCells",0.0527344716988391,0.0514578335205357,1.79488439748564e-11,834,91,"pseudobulk (LMM)",8.97442198742818e-11
"Harmony","Dim3",3,0.271032510744964,"QC_meanTSS",3.68167205828108e-05,-0.00131084255607394,0.86089855972766,834,91,"pseudobulk (LMM)",0.86089855972766
"Harmony","Dim3",3,0.271032510744964,"QC_meanLog10Frags",0.00529708888104897,0.00395651891997217,0.0353225587071889,834,91,"pseudobulk (LMM)",0.0441531983839861
"Harmony","Dim3",3,0.271032510744964,"QC_meanFRIP",0.00980526240627068,0.00847076815075354,0.00414781547988939,834,91,"pseudobulk (LMM)",0.00592545068555627
"Harmony","Dim4",4,0.0704623108431012,"CellType",0.958549904210429,0.957927020257307,0,834,91,"pseudobulk (LMM)",0
"Harmony","Dim4",4,0.0704623108431012,"Cohort",0.252004542152952,0.22621159533064,1.27219138117504e-05,91,91,"sample",0.000127219138117504
"Harmony","Dim4",4,0.0704623108431012,"Control_status",0.0384194181780745,0.0276151419778282,0.0625943200251457,91,91,"sample",0.172198296777347
"Harmony","Dim4",4,0.0704623108431012,"Exposure_group",0.310144655270689,0.19367557109561,0.00393961596656715,91,91,"sample",0.0322135953839591
"Harmony","Dim4",4,0.0704623108431012,"Age",0.0558437321266556,0.0401077943287665,0.0644367005390327,62,62,"sample",0.214789001796776
"Harmony","Dim4",4,0.0704623108431012,"Sex_observed",0.00340260012193543,-0.0132073565426991,0.652464136725119,62,62,"sample",0.838390832605825
"Harmony","Dim4",4,0.0704623108431012,"Sex_predicted",0.0224572012770714,0.0114735743251284,0.156247587840681,91,91,"sample",0.781237939203405
"Harmony","Dim4",4,0.0704623108431012,"Sampling_day",0.00968849102473518,-0.0109429987455829,0.496468739854827,50,50,"sample",0.901390554643716
"Harmony","Dim4",4,0.0704623108431012,"Batch_C19",0.00292884736466669,-0.0404220723151305,0.797233758807535,25,25,"sample",0.871808671305912
"Harmony","Dim4",4,0.0704623108431012,"Supplier",0.20380708408842,0.185711790544976,4.41372837379724e-05,91,91,"sample",0.000441372837379724
"Harmony","Dim4",4,0.0704623108431012,"QC_tss_cutoff",0.023206530736381,0.0122313232165651,0.149431961902872,91,91,"sample",0.18678995237859
"Harmony","Dim4",4,0.0704623108431012,"QC_frag_cutoff",0.0169830219787849,0.00593788739427692,0.218234480379277,91,91,"sample",0.242482755976975
"Harmony","Dim4",4,0.0704623108431012,"QC_nCells",0.00157254224248241,0.000226952676771419,0.2519366425661,834,91,"pseudobulk (LMM)",0.314920803207625
"Harmony","Dim4",4,0.0704623108431012,"QC_meanTSS",0.00748454332116467,0.0061469214118941,0.0123105445097867,834,91,"pseudobulk (LMM)",0.0175864921568381
"Harmony","Dim4",4,0.0704623108431012,"QC_meanLog10Frags",0.000309807570742445,-0.00103748379371749,0.61120803254166,834,91,"pseudobulk (LMM)",0.61120803254166
"Harmony","Dim4",4,0.0704623108431012,"QC_meanFRIP",0.0115482873088133,0.0102161421434613,0.00185544383596916,834,91,"pseudobulk (LMM)",0.00309240639328194
"Harmony","Dim5",5,0.0113485077458261,"CellType",0.872538969904412,0.870623571911172,4.17592207686391e-312,834,91,"pseudobulk (LMM)",5.96560296694774e-312
"Harmony","Dim5",5,0.0113485077458261,"Cohort",0.103507646036386,0.0725941165893651,0.0227018121711959,91,91,"sample",0.0756727072373196
"Harmony","Dim5",5,0.0113485077458261,"Control_status",0.000280764931932109,-0.0109520354620913,0.874737443920038,91,91,"sample",0.874737443920038
"Harmony","Dim5",5,0.0113485077458261,"Exposure_group",0.290524611225436,0.170743052081678,0.00839374592007979,91,91,"sample",0.0322135953839591
"Harmony","Dim5",5,0.0113485077458261,"Age",0.0112276329496025,-0.0052519065012373,0.412406737747115,62,62,"sample",0.570967873546704
"Harmony","Dim5",5,0.0113485077458261,"Sex_observed",0.169589100200582,0.155748918537259,0.000882582292905786,62,62,"sample",0.00882582292905786
"Harmony","Dim5",5,0.0113485077458261,"Sex_predicted",0.0261044831488315,0.0151618368920768,0.126008443816622,91,91,"sample",0.781237939203405
"Harmony","Dim5",5,0.0113485077458261,"Sampling_day",0.00313748196488224,-0.0176304871608495,0.699230738065491,50,50,"sample",0.901390554643716
"Harmony","Dim5",5,0.0113485077458261,"Batch_C19",0.600238069582203,0.582857116085777,5.45727605297077e-06,25,25,"sample",5.45727605297077e-05
"Harmony","Dim5",5,0.0113485077458261,"Supplier",0.0964219607127821,0.075886096183527,0.0115475368615557,91,91,"sample",0.038491789538519
"Harmony","Dim5",5,0.0113485077458261,"QC_tss_cutoff",0.0180434761466267,0.00701025677748757,0.204285403253609,91,91,"sample",0.226983781392899
"Harmony","Dim5",5,0.0113485077458261,"QC_frag_cutoff",0.18231709708383,0.173129648736457,2.43416655487286e-05,91,91,"sample",6.27095827569238e-05
"Harmony","Dim5",5,0.0113485077458261,"QC_nCells",0.018077272473392,0.0167539264794209,0.0198438175855462,834,91,"pseudobulk (LMM)",0.0496095439638654
"Harmony","Dim5",5,0.0113485077458261,"QC_meanTSS",0.119960228282042,0.11877419085385,5.0386753670876e-14,834,91,"pseudobulk (LMM)",1.2596688417719e-13
"Harmony","Dim5",5,0.0113485077458261,"QC_meanLog10Frags",0.0575640390603282,0.0562939097329161,2.81638106105026e-06,834,91,"pseudobulk (LMM)",4.69396843508377e-06
"Harmony","Dim5",5,0.0113485077458261,"QC_meanFRIP",0.0207810640714701,0.0194613620014856,0.0137195426194103,834,91,"pseudobulk (LMM)",0.0171494282742629
"Harmony","Dim6",6,0.0192864917860746,"CellType",0.838944511403074,0.836524278650935,3.69806482335778e-283,834,91,"pseudobulk (LMM)",4.10896091484198e-283
"Harmony","Dim6",6,0.0192864917860746,"Cohort",0.069781515335171,0.0377050158639699,0.0966562018753734,91,91,"sample",0.241640504688434
"Harmony","Dim6",6,0.0192864917860746,"Control_status",0.00136410688175682,-0.00985652113080793,0.728159925714865,91,91,"sample",0.809066584127628
"Harmony","Dim6",6,0.0192864917860746,"Exposure_group",0.241231847214065,0.113128133107348,0.0452012543109647,91,91,"sample",0.0753354238516079
"Harmony","Dim6",6,0.0192864917860746,"Age",0.0339731398703333,0.0178726922015054,0.151542124481168,62,62,"sample",0.37885531120292
"Harmony","Dim6",6,0.0192864917860746,"Sex_observed",0.0562671355561345,0.0405382544820703,0.0634037596533038,62,62,"sample",0.211345865511013
"Harmony","Dim6",6,0.0192864917860746,"Sex_predicted",0.00175145648415584,-0.00946481928568521,0.693668748169982,91,91,"sample",0.853233109022887
"Harmony","Dim6",6,0.0192864917860746,"Sampling_day",0.00363491417226261,-0.017122691782482,0.677474111198915,50,50,"sample",0.901390554643716
"Harmony","Dim6",6,0.0192864917860746,"Batch_C19",0.56424508538077,0.54529921952776,1.51123988842802e-05,25,25,"sample",7.55619944214011e-05
"Harmony","Dim6",6,0.0192864917860746,"Supplier",0.0676191394046038,0.0464286653001629,0.0459311584548424,91,91,"sample",0.114827896137106
"Harmony","Dim6",6,0.0192864917860746,"QC_tss_cutoff",0.0236264756993883,0.0126559866623026,0.145757521460959,91,91,"sample",0.18678995237859
"Harmony","Dim6",6,0.0192864917860746,"QC_frag_cutoff",0.291115920955592,0.283150931303408,3.41699524152988e-08,91,91,"sample",3.41699524152988e-07
"Harmony","Dim6",6,0.0192864917860746,"QC_nCells",0.00128179718646313,-6.41842189459396e-05,0.620253381519811,834,91,"pseudobulk (LMM)",0.634869635112227
"Harmony","Dim6",6,0.0192864917860746,"QC_meanTSS",-0.00167221622844102,-0.00302217878400501,0.214588625868497,834,91,"pseudobulk (LMM)",0.238431806520552
"Harmony","Dim6",6,0.0192864917860746,"QC_meanLog10Frags",0.254216263620012,0.253211164244837,3.45417404737041e-38,834,91,"pseudobulk (LMM)",3.45417404737041e-37
"Harmony","Dim6",6,0.0192864917860746,"QC_meanFRIP",0.113599978950066,0.112405369757277,1.17066689262973e-14,834,91,"pseudobulk (LMM)",1.17066689262973e-13
"Harmony","Dim7",7,0.0256226798297606,"CellType",0.956869637400721,0.956221503536524,0,834,91,"pseudobulk (LMM)",0
"Harmony","Dim7",7,0.0256226798297606,"Cohort",0.0174227998055411,-0.0164591726149574,0.673556318960024,91,91,"sample",0.673556318960024
"Harmony","Dim7",7,0.0256226798297606,"Control_status",0.0082549825893309,-0.00288821985348542,0.391714694375737,91,91,"sample",0.730188288874924
"Harmony","Dim7",7,0.0256226798297606,"Exposure_group",0.18207035160962,0.0439783330502049,0.220923014023272,91,91,"sample",0.245470015581413
"Harmony","Dim7",7,0.0256226798297606,"Age",0.0899233354077757,0.0747553909979053,0.0178884484907431,62,62,"sample",0.0894422424537157
"Harmony","Dim7",7,0.0256226798297606,"Sex_observed",0.00211922713692372,-0.0145121190774611,0.722370792172369,62,62,"sample",0.838390832605825
"Harmony","Dim7",7,0.0256226798297606,"Sex_predicted",0.000983567084358361,-0.0102413366562668,0.767909798120598,91,91,"sample",0.853233109022887
"Harmony","Dim7",7,0.0256226798297606,"Sampling_day",0.00251913889605664,-0.0182617123769422,0.729233083875473,50,50,"sample",0.901390554643716
"Harmony","Dim7",7,0.0256226798297606,"Batch_C19",0.0551744356137038,0.0140950632490823,0.258376396027749,25,25,"sample",0.369109137182499
"Harmony","Dim7",7,0.0256226798297606,"Supplier",0.0137595509991098,-0.00865500466000135,0.543555204637484,91,91,"sample",0.543555204637484
"Harmony","Dim7",7,0.0256226798297606,"QC_tss_cutoff",0.0604584344601272,0.0499017876563085,0.018806762105944,91,91,"sample",0.04701690526486
"Harmony","Dim7",7,0.0256226798297606,"QC_frag_cutoff",0.182836900262453,0.173655292400233,2.36321624747514e-05,91,91,"sample",6.27095827569238e-05
"Harmony","Dim7",7,0.0256226798297606,"QC_nCells",0.0150663764894118,0.0137389726841415,0.000373367088834447,834,91,"pseudobulk (LMM)",0.00124455696278149
"Harmony","Dim7",7,0.0256226798297606,"QC_meanTSS",0.0433844031531226,0.0420951638042725,1.18679505623209e-09,834,91,"pseudobulk (LMM)",2.37359011246418e-09
"Harmony","Dim7",7,0.0256226798297606,"QC_meanLog10Frags",0.0353175193204114,0.0340174081604658,4.34834379490574e-08,834,91,"pseudobulk (LMM)",1.1223700777294e-07
"Harmony","Dim7",7,0.0256226798297606,"QC_meanFRIP",0.0296914414113103,0.0283837479361234,5.33783535086669e-07,834,91,"pseudobulk (LMM)",1.87464507580331e-06
"Harmony","Dim8",8,0.0107444436131874,"CellType",0.850851469340531,0.848610166284173,6.31610398798602e-285,834,91,"pseudobulk (LMM)",7.89512998498252e-285
"Harmony","Dim8",8,0.0107444436131874,"Cohort",0.0545981333643222,0.0219980689975746,0.178322241954213,91,91,"sample",0.34534744488736
"Harmony","Dim8",8,0.0107444436131874,"Control_status",0.00362528471467125,-0.00756993680538876,0.570751719374499,91,91,"sample",0.809066584127628
"Harmony","Dim8",8,0.0107444436131874,"Exposure_group",0.209600089541319,0.0761559488145285,0.11234704519459,91,91,"sample",0.160495778849415
"Harmony","Dim8",8,0.0107444436131874,"Age",0.161816271243731,0.147846542431127,0.00119085034818347,62,62,"sample",0.0119085034818347
"Harmony","Dim8",8,0.0107444436131874,"Sex_observed",0.00164137769630261,-0.0149979326754257,0.754551749345242,62,62,"sample",0.838390832605825
"Harmony","Dim8",8,0.0107444436131874,"Sex_predicted",0.0121025982455336,0.00100262743930357,0.299226661020494,91,91,"sample",0.829363515380039
"Harmony","Dim8",8,0.0107444436131874,"Sampling_day",0.00186657570450598,-0.0189278706349836,0.765771997237913,50,50,"sample",0.901390554643716
"Harmony","Dim8",8,0.0107444436131874,"Batch_C19",0.045817412683233,0.00433121323467778,0.304219245078007,25,25,"sample",0.380274056347509
"Harmony","Dim8",8,0.0107444436131874,"Supplier",0.045062563927873,0.0233594403807791,0.1314911256746,91,91,"sample",0.187844465249428
"Harmony","Dim8",8,0.0107444436131874,"QC_tss_cutoff",0.140659601837565,0.131004091745853,0.000249367368759148,91,91,"sample",0.00124683684379574
"Harmony","Dim8",8,0.0107444436131874,"QC_frag_cutoff",0.181789068335382,0.172595687080723,2.50838331027695e-05,91,91,"sample",6.27095827569238e-05
"Harmony","Dim8",8,0.0107444436131874,"QC_nCells",0.000270364933600408,-0.00107697958805231,0.634869635112227,834,91,"pseudobulk (LMM)",0.634869635112227
"Harmony","Dim8",8,0.0107444436131874,"QC_meanTSS",0.0205979853285128,0.0192780365216779,3.09574245371357e-05,834,91,"pseudobulk (LMM)",5.15957075618928e-05
"Harmony","Dim8",8,0.0107444436131874,"QC_meanLog10Frags",0.0209436464933509,0.0196241635371425,2.65165496991105e-05,834,91,"pseudobulk (LMM)",3.78807852844435e-05
"Harmony","Dim8",8,0.0107444436131874,"QC_meanFRIP",0.0295742995970264,0.0282664482487744,5.62393522740993e-07,834,91,"pseudobulk (LMM)",1.87464507580331e-06
"Harmony","Dim9",9,0.00849648330986564,"CellType",0.878206881312167,0.876376656851011,0,834,91,"pseudobulk (LMM)",0
"Harmony","Dim9",9,0.00849648330986564,"Cohort",0.027750315907229,-0.00577553526838392,0.482128203408049,91,91,"sample",0.535698003786721
"Harmony","Dim9",9,0.00849648330986564,"Control_status",0.107541020072556,0.0975133910846069,0.00150722395580672,91,91,"sample",0.00886921009755822
"Harmony","Dim9",9,0.00849648330986564,"Exposure_group",0.254348331276713,0.128459088505249,0.0297819639404262,91,91,"sample",0.0744549098510654
"Harmony","Dim9",9,0.00849648330986564,"Age",0.00532057229421591,-0.0112574181675471,0.573155251054089,62,62,"sample",0.573155251054089
"Harmony","Dim9",9,0.00849648330986564,"Sex_observed",0.0116694617719205,-0.00480271386521403,0.403306214796196,62,62,"sample",0.672177024660327
"Harmony","Dim9",9,0.00849648330986564,"Sex_predicted",0.00300791390725812,-0.00819424436344685,0.605617520549403,91,91,"sample",0.853233109022887
"Harmony","Dim9",9,0.00849648330986564,"Sampling_day",0.0230309719615879,0.00267745054412105,0.292767819168495,50,50,"sample",0.901390554643716
"Harmony","Dim9",9,0.00849648330986564,"Batch_C19",0.109539048106463,0.0708233545458742,0.106087053041208,25,25,"sample",0.212174106082415
"Harmony","Dim9",9,0.00849648330986564,"Supplier",0.0152513412072519,-0.00712931012894691,0.508531092001988,91,91,"sample",0.543555204637484
"Harmony","Dim9",9,0.00849648330986564,"QC_tss_cutoff",0.0256502147453569,0.0147024643492374,0.129396488546777,91,91,"sample",0.18678995237859
"Harmony","Dim9",9,0.00849648330986564,"QC_frag_cutoff",0.0960777716303076,0.0859213420980639,0.00278973545851105,91,91,"sample",0.00557947091702211
"Harmony","Dim9",9,0.00849648330986564,"QC_nCells",0.00343280109591505,0.00208971861760765,0.0903637535195672,834,91,"pseudobulk (LMM)",0.132886074646028
"Harmony","Dim9",9,0.00849648330986564,"QC_meanTSS",0.515214570919904,0.514561221285025,1.62367590433003e-57,834,91,"pseudobulk (LMM)",5.41225301443342e-57
"Harmony","Dim9",9,0.00849648330986564,"QC_meanLog10Frags",0.0586308183247243,0.0573621267052158,1.26022872858464e-12,834,91,"pseudobulk (LMM)",6.30114364292322e-12
"Harmony","Dim9",9,0.00849648330986564,"QC_meanFRIP",0.0118786226384141,0.0105469226689241,0.00159450545262765,834,91,"pseudobulk (LMM)",0.00309240639328194
"Harmony","Dim10",10,0.0038075430073989,"CellType",0.767621346096314,0.764129317144209,1.82992298930836e-220,834,91,"pseudobulk (LMM)",1.82992298930836e-220
"Harmony","Dim10",10,0.0038075430073989,"Cohort",0.043102679607991,0.0101062202841287,0.277553990872066,91,91,"sample",0.346942488590082
"Harmony","Dim10",10,0.0038075430073989,"Control_status",0.104513182223914,0.0944515325859804,0.00177384201951164,91,91,"sample",0.00886921009755822
"Harmony","Dim10",10,0.0038075430073989,"Exposure_group",0.286723338480593,0.166300006016278,0.00966407861518772,91,91,"sample",0.0322135953839591
"Harmony","Dim10",10,0.0038075430073989,"Age",0.00668169051518935,-0.00987361464289083,0.527652366607381,62,62,"sample",0.573155251054089
"Harmony","Dim10",10,0.0038075430073989,"Sex_observed",0.0174107720992189,0.00103428496753921,0.306634831592039,62,62,"sample",0.613269663184078
"Harmony","Dim10",10,0.0038075430073989,"Sex_predicted",0.00748960807562633,-0.00366219408082724,0.41468175769002,91,91,"sample",0.829363515380039
"Harmony","Dim10",10,0.0038075430073989,"Sampling_day",9.9875699538542e-05,-0.0207313768900546,0.945084321094096,50,50,"sample",0.945084321094096
"Harmony","Dim10",10,0.0038075430073989,"Batch_C19",0.001156267203354,-0.0422717211791088,0.871808671305912,25,25,"sample",0.871808671305912
"Harmony","Dim10",10,0.0038075430073989,"Supplier",0.0377572849446626,0.0158881323297686,0.183875471866279,91,91,"sample",0.229844339832849
"Harmony","Dim10",10,0.0038075430073989,"QC_tss_cutoff",0.0428538776071847,0.0320994267937822,0.0489702704505029,91,91,"sample",0.0979405409010059
"Harmony","Dim10",10,0.0038075430073989,"QC_frag_cutoff",0.0669165997209322,0.0564325165717292,0.0132916721032904,91,91,"sample",0.0166145901291129
"Harmony","Dim10",10,0.0038075430073989,"QC_nCells",0.142503830695746,0.14134817548105,1.27818923723429e-14,834,91,"pseudobulk (LMM)",1.27818923723429e-13
"Harmony","Dim10",10,0.0038075430073989,"QC_meanTSS",0.025500072541194,0.0241867303208991,0.0752225775274499,834,91,"pseudobulk (LMM)",0.0940282219093124
"Harmony","Dim10",10,0.0038075430073989,"QC_meanLog10Frags",0.0150218788206936,0.0136944150455193,0.219083412352669,834,91,"pseudobulk (LMM)",0.243426013725188
"Harmony","Dim10",10,0.0038075430073989,"QC_meanFRIP",0.0139321432227031,0.0126032108011702,0.105655439219715,834,91,"pseudobulk (LMM)",0.105655439219715
