"Cell type","Exposure group","Pseudobulks","Donors","Cells (total)","Cells per pseudobulk (median)","Cells per pseudobulk (min)","Cells per pseudobulk (max)","CpGs called (median)","CpGs called (min)","Mean coverage per CpG (median)","Global mCG (%) (median)","Global mCG (%) (range)"
"B-cell","C19_ctrl",12,12,1102,91.5,86,96,43323710,38867345,3.84,77.51,"71.98-81.90"
"B-cell","C19_mild",12,12,1059,92,53,120,47927968,41587178,3.61,80.56,"71.66-81.77"
"B-cell","C19_sev",13,13,1083,92,16,135,47778938,20659473,3.59,80.23,"74.55-82.73"
"B-cell","HIV_acu",8,8,767,96,95,96,48833331,41041386,3.94,78.18,"76.39-79.63"
"B-cell","HIV_chr",8,8,623,95.5,48,96,45469055,34870337,2.95,77.01,"73.47-80.01"
"B-cell","HIV_ctrl",9,9,864,96,96,96,47014410,39169028,3.26,77.44,"72.63-81.69"
"B-cell","Influenza_ctrl",13,13,1226,95,88,101,47051105,45682448,3.36,80.28,"77.48-83.53"
"B-cell","Influenza_d28",13,13,1213,94,80,102,47046626,44660277,3.32,80.64,"77.70-82.78"
"B-cell","OP_high",19,19,1673,88,70,99,46122240,42575554,3.18,78.5,"75.70-80.27"
"B-cell","OP_low",3,3,277,88,83,106,46947908,46488647,3.3,78.44,"78.16-79.37"
"B-cell","OP_med",5,5,455,92,86,95,46832853,44718522,3.31,78.91,"76.25-79.68"
"Monocyte","C19_ctrl",12,12,996,84.5,70,89,44261923,34891497,3.67,80.75,"79.84-81.54"
"Monocyte","C19_mild",12,12,1036,87.5,54,118,47697817,43507300,3.56,79.38,"72.91-80.14"
"Monocyte","C19_sev",13,13,1125,85,51,129,47583635,37848208,3.55,79.54,"78.77-80.87"
"Monocyte","HIV_acu",8,8,766,96,95,96,47326518,36508984,3.35,81.48,"81.01-81.98"
"Monocyte","HIV_chr",8,8,624,96,48,96,43882823,32659786,2.69,81.3,"77.78-82.17"
"Monocyte","HIV_ctrl",9,9,862,96,95,96,46269085,37062536,3.07,81.02,"80.62-82.24"
"Monocyte","Influenza_ctrl",13,13,1211,93,87,101,47429668,45967455,3.55,80.6,"79.89-81.23"
"Monocyte","Influenza_d28",13,13,1190,92,85,102,46798675,45524521,3.3,80.72,"80.22-81.58"
"Monocyte","OP_high",19,19,1623,86,66,95,44810708,41193569,2.88,81.37,"80.00-82.14"
"Monocyte","OP_low",3,3,265,84,83,98,46051189,45190907,3.1,81.3,"79.50-81.48"
"Monocyte","OP_med",5,5,436,89,76,93,45871168,41992045,2.98,81.49,"80.55-81.77"
"NK-cell","C19_ctrl",12,12,1078,91.5,79,95,45588024,41962287,4.02,79.74,"78.10-81.20"
"NK-cell","C19_mild",12,12,744,54,29,118,42086448,34751961,2.52,78.66,"73.74-80.67"
"NK-cell","C19_sev",13,13,802,61,31,105,43578899,34285582,2.7,78.61,"74.98-80.29"
"NK-cell","HIV_acu",8,8,767,96,95,96,48913214,41661349,3.96,77.37,"71.77-79.62"
"NK-cell","HIV_chr",8,8,624,96,48,96,45135012,36168118,2.85,76.74,"72.62-78.17"
"NK-cell","HIV_ctrl",9,9,862,96,95,96,46953092,39962285,3.23,76.51,"72.27-78.65"
"NK-cell","Influenza_ctrl",13,13,1178,90,70,99,46555004,43625569,3.27,80.68,"73.87-81.98"
"NK-cell","Influenza_d28",13,13,1184,91,85,99,46585224,44414790,3.31,80.4,"73.48-82.04"
"NK-cell","OP_high",19,19,1690,90,66,98,45821797,41190059,3.03,76.04,"74.01-79.43"
"NK-cell","OP_low",3,3,278,93,87,98,45892968,45369657,3.07,74.54,"72.79-77.19"
"NK-cell","OP_med",5,5,447,89,86,93,45029920,43343408,2.88,76.29,"72.62-77.43"
"Tc-Eff","C19_sev",4,2,171,42,16,71,30567536,18369678,1.92,69.79,"69.57-70.65"
"Tc-Mem","C19_ctrl",12,12,1139,95,93,96,44588848,42478477,4.07,74.35,"71.80-78.39"
"Tc-Mem","C19_mild",12,12,1104,94,47,140,47840324,41654287,3.58,73.85,"69.96-75.66"
"Tc-Mem","C19_sev",13,12,1127,92,39,130,46241593,32529492,3.14,72.68,"70.26-74.79"
"Tc-Mem","HIV_acu",8,8,767,96,95,96,48995004,40908274,4.06,74.77,"71.33-76.15"
"Tc-Mem","HIV_chr",8,8,624,96,48,96,44867236,36810049,2.85,73.44,"70.96-75.69"
"Tc-Mem","HIV_ctrl",9,9,862,96,95,96,46458575,38389738,3.12,74.61,"71.67-76.56"
"Tc-Mem","Influenza_ctrl",13,13,2426,186,181,193,50928200,50474349,6.06,74.47,"71.71-75.90"
"Tc-Mem","Influenza_d28",13,13,2379,183,170,195,50795319,50251272,5.82,74.77,"71.82-75.91"
"Tc-Mem","OP_high",19,19,1709,91,72,100,45024947,41779855,2.98,72.14,"70.15-74.90"
"Tc-Mem","OP_low",3,3,258,85,82,91,45129507,43702314,3.08,73.28,"70.97-73.77"
"Tc-Mem","OP_med",5,5,447,89,84,94,45918468,43232572,3.09,73.56,"70.95-74.20"
"Tc-Naive","C19_ctrl",12,12,1112,94,86,96,44856148,39457485,3.89,83.73,"82.92-84.20"
"Tc-Naive","C19_mild",12,12,1162,94,55,136,47876290,43624091,3.61,82.34,"82.12-83.92"
"Tc-Naive","C19_sev",13,13,1291,96,66,151,47776785,44521487,3.59,82.75,"80.92-83.56"
"Tc-Naive","HIV_acu",8,8,764,96,92,97,48294967,36154607,3.71,83.97,"82.30-85.05"
"Tc-Naive","HIV_chr",8,8,623,95.5,48,96,44138545,36040549,2.71,84.28,"77.43-84.73"
"Tc-Naive","HIV_ctrl",9,9,857,96,92,97,44949115,36606300,2.81,83.51,"81.27-84.52"
"Tc-Naive","Influenza_ctrl",13,13,1232,95,87,100,46966700,45847339,3.31,84.19,"83.71-84.99"
"Tc-Naive","Influenza_d28",13,13,1211,94,86,104,46391217,43873070,3.23,84,"83.54-85.17"
"Tc-Naive","OP_high",19,19,1745,94,69,102,45834827,41678091,3.12,84.56,"83.13-85.09"
"Tc-Naive","OP_low",3,3,254,85,78,91,44974846,44056773,2.97,84.63,"82.86-84.75"
"Tc-Naive","OP_med",5,5,447,89,83,95,45937138,43621846,3.11,84.6,"84.37-85.22"
"Th-Eff","C19_sev",2,1,127,63.5,62,65,42839243,42164273,2.6,67.03,"66.81-67.25"
"Th-Mem","C19_ctrl",12,12,1111,93,81,96,43850738,41049219,3.93,75.36,"73.66-79.70"
"Th-Mem","C19_mild",12,12,1307,102.5,56,182,49076620,45144100,4.08,75.09,"73.28-75.96"
"Th-Mem","C19_sev",13,13,1579,104,70,201,50172135,45729469,4.93,74.99,"73.62-76.75"
"Th-Mem","HIV_acu",8,8,767,96,95,96,48504461,38607936,3.79,74.73,"72.20-76.04"
"Th-Mem","HIV_chr",8,8,624,96,48,96,45366517,35062183,2.9,74.77,"71.01-76.66"
"Th-Mem","HIV_ctrl",9,9,862,96,95,96,46935955,33233238,3.27,74.73,"72.61-75.99"
"Th-Mem","Influenza_ctrl",13,13,1235,96,87,101,46502910,44524794,3.29,76.03,"75.03-78.21"
"Th-Mem","Influenza_d28",13,13,1213,95,79,98,46797364,44072780,3.32,76.07,"75.38-77.85"
"Th-Mem","OP_high",19,19,1711,92,72,96,45990569,42625750,3.08,75.33,"73.08-77.03"
"Th-Mem","OP_low",3,3,275,91,87,97,45689479,45172243,3.34,74.39,"73.44-76.26"
"Th-Mem","OP_med",5,5,467,94,83,102,47432878,43416465,3.34,75.09,"73.89-76.43"
"Th-Naive","C19_ctrl",12,12,1134,95,92,96,44371116,40268156,4.13,83.38,"82.68-84.18"
"Th-Naive","C19_mild",12,12,1120,93,56,119,47683686,44878753,3.55,82.27,"81.69-82.89"
"Th-Naive","C19_sev",13,13,1250,95,72,132,48221948,44766333,3.73,82.43,"81.82-83.02"
"Th-Naive","HIV_acu",8,8,768,96,96,96,48755756,41349608,3.9,84.45,"84.00-85.37"
"Th-Naive","HIV_chr",8,8,624,96,48,96,44700685,35835433,2.81,84.32,"78.09-84.68"
"Th-Naive","HIV_ctrl",9,9,864,96,96,96,47107410,31222101,3.27,84.15,"83.16-84.55"
"Th-Naive","Influenza_ctrl",13,13,1229,95,88,101,47038441,44895970,3.4,83.64,"83.09-84.82"
"Th-Naive","Influenza_d28",13,13,1203,94,79,97,46628326,44135070,3.29,83.88,"83.41-84.77"
"Th-Naive","OP_high",19,19,1715,93,69,98,45928606,41874869,3.05,84.32,"83.16-85.15"
"Th-Naive","OP_low",3,3,270,90,86,94,45864348,44555714,3.21,84.35,"82.58-84.74"
"Th-Naive","OP_med",5,5,460,94,83,95,46618343,43484477,3.27,84.38,"84.07-84.86"
