"logFC","logCPM","F","PValue","FDR","Nhood","SpatialFDR"
5.47848201077778,11.7231164120517,6.08685213395269,0.0136794400077472,0.280955611473332,1,0.24711542104866
-2.23412965863692,11.4111287997641,3.69677245822751,0.0546206276795389,0.453117128401826,2,0.423870861955728
-0.164072823679569,10.8822827214757,0.0155619445726581,0.900732517759692,0.971178164091067,3,0.970587140195026
-2.55632204001772,11.7090510685202,2.64274181843355,0.104138045348403,0.521896739832433,4,0.506039445041069
0.987914052563367,10.8256457008998,0.547371235541057,0.459456723448105,0.788619749201971,5,0.784314092982563
-1.79323969211483,12.2170768934749,2.20855490550487,0.137361397060686,0.521896739832433,6,0.507228039792069
-0.928221361188432,11.7459278900363,0.391105758655263,0.531770443960891,0.815381347406699,7,0.816540359935429
0.79358545382612,10.9386550897097,0.463395820785862,0.496098295941761,0.801300186581706,8,0.801877188838992
-1.38292701755385,12.2850944612259,0.777190973006433,0.378078385078465,0.739137707643423,9,0.732703852136271
-1.8495195265382,12.1147210088172,1.80487998436287,0.179234091032426,0.542115705260804,10,0.527163841710573
0.196141491258459,11.1403427838394,0.020339969714325,0.886602081085332,0.971178164091067,11,0.969672536269415
-2.93239425465044,12.3993500874823,2.78861167408991,0.0950498400199527,0.521896739832433,12,0.500575066543369
-1.94974967589787,12.19761724174,2.59567457521282,0.10727015112949,0.521896739832433,13,0.507228039792069
-0.390452373138467,12.9581542288716,0.102936836235254,0.748357670642359,0.923341048834725,14,0.921539104537939
4.20865644817175,11.3805353889152,3.5449809237558,0.059830944380824,0.459894071245109,15,0.434931651170749
3.83137045047229,11.5874165287014,3.82567307043798,0.0505738135295404,0.453117128401826,16,0.419680740409631
-3.04780523311317,11.3971382266194,3.38446167656247,0.065920999607773,0.484268762572762,17,0.462239684989013
-1.64996721353405,10.843064759522,2.11908212743156,0.145587436903054,0.521896739832433,18,0.507228039792069
-2.37629122491477,11.5297558336428,3.24848645295066,0.0715985023964518,0.491571807498027,19,0.468221560055459
-1.16899874362438,11.0953056520503,0.845353444066207,0.357950504450129,0.72965484826171,20,0.721096162817949
0.778867485011577,12.2028401272678,0.36382683689794,0.546438113399332,0.822509527862742,21,0.825643605029685
2.40266801346082,11.2943911673154,2.78690963006835,0.0951507526587562,0.521896739832433,22,0.500575066543369
-0.90493256216473,12.2131473810463,0.231678063416384,0.630320509100785,0.867866544643659,23,0.871408908127447
1.00232489432152,12.3002383815134,0.213944506983759,0.643729613439471,0.877632676155357,24,0.880989692520829
3.04276104790969,10.8599783540625,2.47308328051332,0.115925164755057,0.521896739832433,25,0.507228039792069
2.82653689011612,10.5877393744546,3.53447824334449,0.0602104851050374,0.459894071245109,26,0.434931651170749
-1.42113092537619,11.1512352438289,1.94522843667334,0.163214198397479,0.521896739832433,27,0.507228039792069
3.12506908852584,11.1873164151903,5.0247907090969,0.02506611213241,0.393221712387742,28,0.354282586122832
-2.35257122201631,12.0359849602676,2.27671244537291,0.13144445384114,0.521896739832433,29,0.507228039792069
1.8392586003062,10.9080587826869,2.35227471165509,0.125214956404346,0.521896739832433,30,0.507228039792069
0.142181700239058,11.9958090164792,0.00679314651822404,0.934318274299628,0.977752226083207,31,0.976828169417952
1.65095559588731,11.329768587653,1.31822686808297,0.251010022206688,0.617457808636773,32,0.612979304399094
0.11871010952506,11.5571326959247,0.0134570666065085,0.90765733759856,0.971178164091067,33,0.970587140195026
0.405734933602093,11.5600670716333,0.107534604140549,0.742993476125511,0.923341048834725,34,0.921539104537939
-0.490059264031671,11.720751994044,0.130840982250464,0.71758935766854,0.902929242907057,35,0.902149533205238
2.75856610232379,11.4134161108602,2.1153185876435,0.145945411283609,0.521896739832433,36,0.507228039792069
0.234761478377172,11.057093246131,0.0446281704415276,0.832704823554169,0.938833869693425,37,0.935997846935579
-0.28336916969506,11.4376783728452,0.0518075016524527,0.819964272522267,0.937714101051741,38,0.93441360139362
-0.454312129833203,11.5657231257437,0.227482197560915,0.633434818813044,0.867866544643659,39,0.871408908127447
-0.399184605647663,11.6283829094121,0.146392483784806,0.702036408265372,0.899536185237547,40,0.898053086741953
-1.4195820330121,11.7694278665117,0.674289078567579,0.411631144030595,0.753362196012519,41,0.74673480143231
0.731307579047298,11.2544309454586,0.38425400857016,0.535386481677662,0.816652709698862,42,0.819183664139569
2.09443685146832,10.8890827656889,1.86834230668752,0.171776381127323,0.535640877576804,43,0.521452778705345
-1.0572952955955,11.3080888920222,0.956206676882881,0.328230157727109,0.702259872346373,44,0.69464194207648
0.646371626461715,11.2275979864714,0.382817507909172,0.536150257237079,0.816652709698862,45,0.819183664139569
3.33642207927829,10.802552512362,4.24502215518517,0.0394590885126251,0.428927070842476,46,0.392981317538888
1.82453749307885,11.7174344674684,1.9593890056795,0.161691066182029,0.521896739832433,47,0.507228039792069
-1.68904776950801,11.6645185692768,1.94964482250802,0.162737414276314,0.521896739832433,48,0.507228039792069
2.63713341191284,11.6379555885473,4.15126236225175,0.041698695164828,0.428927070842476,49,0.392981317538888
3.60418933479647,11.3601865077212,6.08063892046296,0.0137275249283019,0.280955611473332,50,0.24711542104866
-0.240769751955158,12.1610238527978,0.0164672664706295,0.897901251557421,0.971178164091067,51,0.970587140195026
1.76693633888628,11.5764572999989,1.6546090073016,0.198440670328236,0.558127766701247,52,0.54665098216833
0.298865335895782,11.3820631277543,0.0482541093001861,0.826145832539915,0.937714101051741,53,0.93441360139362
2.15225042871045,11.8452726797927,2.96681526901,0.0851010436549985,0.521116995263722,54,0.493058561619348
-1.49063494680026,11.8704535696025,1.1754932631474,0.278370089357009,0.656667903098585,55,0.650809302877957
-2.02514907301764,12.2011928514699,2.17611721200657,0.14028175463581,0.521896739832433,56,0.507228039792069
-0.80335254457006,11.9388674225489,0.356572296408346,0.550465066145798,0.822509527862742,57,0.825643605029685
-0.876274365245095,12.1732678338261,0.254374175150359,0.614052048665416,0.85607341658222,58,0.858104046362603
-0.695450635952166,12.4323515135189,0.314818323686697,0.574783959883973,0.826251942333212,59,0.830389865777974
-1.06172331766753,12.2782855398783,0.815787602793278,0.366493478562107,0.73440398619473,60,0.726150705079103
-1.1180107750323,11.1959762737312,0.758739997184673,0.383798882594217,0.739137707643423,61,0.732703852136271
-1.01215755445286,11.7642947040743,0.855290572214233,0.355140805888958,0.72965484826171,62,0.721096162817949
-1.68110577677321,12.5831145472934,1.79693124611007,0.180194261879401,0.542115705260804,63,0.527163841710573
-3.31267887529411,12.0448848497135,4.34250720080914,0.0372639227474454,0.428927070842476,64,0.392981317538888
-0.995744215353274,11.6391744800317,0.728366672975538,0.393487186266872,0.739137707643423,65,0.732703852136271
1.6120983206085,11.6311815586147,1.95590199589389,0.162064622791546,0.521896739832433,66,0.507228039792069
-1.31046093294202,12.0382899142618,1.05105700583603,0.30535361821359,0.685183728674397,67,0.675033416215063
-0.728929680726567,11.9906463158551,0.27445075229065,0.600403739176383,0.852425061793631,68,0.85440805905938
-0.470776300521602,11.4815584326733,0.228312156098567,0.632816012504363,0.867866544643659,69,0.871408908127447
1.38047935679221,10.5927777652197,1.39323090837282,0.237961949331242,0.598155719630444,70,0.592925972909177
-3.15741827365788,11.0327053160086,4.37892727439961,0.0364770056149172,0.428927070842476,71,0.392981317538888
-0.902993498941378,12.1462312185186,0.304357784574256,0.58120795365138,0.832883671899174,72,0.835380802161669
-3.98388976102749,12.0918182194257,7.21942425928056,0.00725513126555782,0.280955611473332,73,0.24711542104866
3.30311904761206,11.1393004116232,3.28925005340926,0.0698434259591501,0.491571807498027,74,0.468221560055459
-1.64855985058369,10.9340896602619,2.69732432548081,0.100630727688192,0.521896739832433,75,0.506039445041069
1.12396126941649,11.2180255892172,0.323929800288355,0.569301807079506,0.823518337284819,76,0.82846467323538
0.40519818826413,11.6068694019485,0.102639440827635,0.748709154815983,0.923341048834725,77,0.921539104537939
0.0046035643419674,11.2193768770927,1.25861011280635e-05,0.997169615610178,1,78,1
-1.38982512268007,11.4296707089568,1.5639718135346,0.21119062613707,0.581722682772768,79,0.572289337092542
-3.96453548985026,11.2969476887233,5.37885714200911,0.0204548857686686,0.361894132830291,80,0.317992666078381
0.101016662538878,11.6500122973165,0.00905812711076667,0.924183376586327,0.977549942967057,81,0.976828169417952
-2.11071935511082,10.7881969908159,3.15736356866963,0.0756952746775971,0.504635164517314,82,0.47906351901435
4.14501034130351,11.364227008079,6.091065161633,0.013646933457637,0.280955611473332,83,0.24711542104866
2.24389828355654,11.3649317651599,2.6476008657121,0.103820452597861,0.521896739832433,84,0.506039445041069
-0.348786253770957,11.5388941750976,0.0960406242745503,0.756657191588327,0.926130221885082,85,0.922648887883001
2.0491584233849,11.0165784054088,2.09807468455135,0.14759834061319,0.521896739832433,86,0.507228039792069
-2.05408821916539,12.0741324863681,2.1562312969103,0.142106530655025,0.521896739832433,87,0.507228039792069
1.28529470971141,11.1030240199586,1.5065066574324,0.219777590781682,0.587777277671939,88,0.580919342611977
-0.786832775242209,11.827124735198,0.451491835494228,0.501683595077242,0.801300186581706,89,0.801877188838992
-0.0929301226915748,11.8033705899796,0.00750060810596143,0.930990938069467,0.977752226083207,90,0.976828169417952
0.0596925017298923,11.4731242071727,0.00367442274213185,0.951668609640228,0.981541615324002,91,0.980901710020728
0.350934290116626,11.6383427741055,0.108241537288105,0.742180032688175,0.923341048834725,92,0.921539104537939
1.07781355506611,11.2699574548246,0.742770749673842,0.388849622166804,0.739137707643423,93,0.732703852136271
1.24719289904344,11.0727000993798,0.616421907921656,0.432447430699457,0.7740461530369,94,0.767620366330926
1.5837308916438,11.0307833775439,2.20866510851362,0.137351592476405,0.521896739832433,95,0.507228039792069
-2.93269579585542,11.4638846125546,5.89247068347392,0.0152693267105072,0.280955611473332,96,0.24711542104866
0.0572113898765177,12.171970415236,0.00646526658278123,0.935919483638536,0.977752226083207,97,0.976828169417952
1.07917510988322,11.604593348563,0.81280726370484,0.36737024673403,0.73440398619473,98,0.726150705079103
-0.150132945873133,11.4738114148118,0.0237520354985657,0.877528788441811,0.970929819511816,99,0.967948369465251
0.299064161168878,11.3918762657246,0.0848501152075293,0.770851093984741,0.933135534823634,100,0.930046297836916
0.750278918732709,11.7553047526839,0.191357819009364,0.661823137555507,0.889185781050185,101,0.891283146663959
-1.28606428130259,12.4650447226356,0.937918841728297,0.332898493956422,0.705683443409928,102,0.696805101450125
-0.507903494910657,12.3997822124174,0.15179213675625,0.696858637475386,0.899536185237547,103,0.898053086741953
-2.57488329858489,11.8753137744926,2.27000658322544,0.132013781720093,0.521896739832433,104,0.507228039792069
-0.243786417924867,12.2760116977837,0.0318725428905733,0.858320785156969,0.960651000418992,105,0.957352258877818
-0.800985444216443,11.4076827161064,0.488777850655184,0.484531894469226,0.801300186581706,106,0.801877188838992
2.40915536374333,11.4903311699579,1.4396401314714,0.230300567329348,0.595295501526633,107,0.588914209258067
0.629161224006033,11.4012286839258,0.341993585970011,0.558728541972284,0.823518337284819,108,0.82846467323538
0.377091837212439,11.121725226749,0.0719047965459874,0.788603362104636,0.935417531000132,109,0.931571571511614
-1.62949661347947,12.0805263446136,0.83793218247323,0.360068805555235,0.72965484826171,110,0.721096162817949
1.63159251863861,11.4313917540032,1.00168850177909,0.316990021060065,0.699264403474996,111,0.688676952058453
0.415773206756534,11.8199227409796,-1.47198075452135e-10,1,1,112,1
0.870168081050585,11.3152473717968,0.642640007866297,0.422825436563398,0.765746853618751,113,0.759740973223709
-1.28128413100521,11.1716854989624,1.27562006513099,0.25881315164587,0.623319632236127,114,0.619764857223257
-2.16951288725457,11.6208234600207,3.06627139551392,0.0800436933477798,0.513428244456232,115,0.485584521842289
0.929105222843449,11.5100529293991,0.611903984511611,0.434138929312001,0.7740461530369,116,0.767620366330926
1.24522296407546,11.6823067003943,1.40668594981983,0.235709415686263,0.595749072613633,117,0.5890177417998
-0.153335594818576,11.6227403198405,0.0127938317271283,0.909951714615761,0.971178164091067,118,0.970587140195026
-2.57106669060102,12.1584549832953,3.09392835943884,0.0786956769760017,0.513428244456232,119,0.485584521842289
0.646802231994248,11.6702199671029,0.3308820502239,0.565187054964769,0.823518337284819,120,0.82846467323538
-0.885135847936121,11.4181876910875,0.784595010375359,0.375816661808505,0.739137707643423,121,0.732703852136271
-3.14124767770828,11.5581208612063,4.48367484138786,0.0343092664260248,0.428927070842476,122,0.392981317538888
-1.30400547378318,11.8153471814939,0.870098060825411,0.351009753766469,0.72965484826171,123,0.721096162817949
4.65955210515171,12.2752255949387,6.97417720963333,0.0083160363096264,0.280955611473332,124,0.24711542104866
1.02111609694766,11.1540182392961,0.607402925556008,0.435834153477747,0.774068380694067,125,0.768384741763909
-1.94105906158736,11.8743533640784,2.40328563823844,0.121195355959656,0.521896739832433,126,0.507228039792069
-2.27603522742452,12.2753476003472,2.68845105538281,0.10119199049259,0.521896739832433,127,0.506039445041069
1.39863471355612,11.296396816937,1.61723545798667,0.203584841835585,0.567569862087086,128,0.557268966949044
-0.0732045927557432,10.8976263233123,0.0019505044216375,0.964776461866644,0.989549241964878,129,0.989677299073745
0.512652684934637,11.168569507374,0.264057151762588,0.607387574135371,0.854987772631896,130,0.85634542685562
0.300225962869513,11.2509126794521,-1.81836378080124e-10,1,1,131,1
-0.972395228896229,12.1122003394553,0.485227287115389,0.48612272221027,0.801300186581706,132,0.801877188838992
-0.124156990024599,11.4061457354742,0.0139926767936612,0.905845977147178,0.971178164091067,133,0.970587140195026
1.15396502140217,11.0690555968016,0.97077908033066,0.324572318454923,0.699264403474996,134,0.691274418921252
0.214578264142261,11.3819709721522,0.0275003108304805,0.868301169265742,0.967034846324853,135,0.963352139233862
-1.38136658451548,12.5507398354552,0.816131341176536,0.366392543252835,0.73440398619473,136,0.726150705079103
0.1816671945369,11.6868433641999,0.00576651514604987,0.939474267090302,0.977752226083207,137,0.976828169417952
-1.29827268430641,11.7163128738116,1.06198500291077,0.302853184095574,0.682904238646882,138,0.672858389168742
1.91216261834589,10.9004193790803,2.28709699195234,0.130568206602602,0.521896739832433,139,0.507228039792069
0.743272944207525,11.4525243767143,0.473399694844461,0.491485113637973,0.801300186581706,140,0.801877188838992
1.78334047657605,11.5819286700144,2.38516721064524,0.122606429159365,0.521896739832433,141,0.507228039792069
0.471883188928843,11.4381634399047,0.059789297396435,0.806847450948938,0.937714101051741,142,0.93441360139362
1.56843179394812,10.8600508684861,1.95839659126805,0.161797281490958,0.521896739832433,143,0.507228039792069
-1.36666809039609,11.0819831316109,1.41834132396255,0.233779017284337,0.595295501526633,144,0.588914209258067
0.332667824080984,11.489704737453,0.0688273940131463,0.793071384978373,0.935417531000132,145,0.931571571511614
0.00173876025701609,11.3849874344876,9.35864724904989e-07,0.999228195698993,1,146,1
-0.38609972271429,11.8870697908058,0.057017815367744,0.81129077829359,0.937714101051741,147,0.93441360139362
-3.81973453164999,11.251975162608,7.68390106345549,0.00560893823096006,0.280955611473332,148,0.24711542104866
1.39093732946744,11.8721677093497,0.494851705653758,0.481830351515227,0.801300186581706,149,0.801877188838992
-1.18393910906994,12.0432604386303,0.727800253867162,0.393671170375301,0.739137707643423,150,0.732703852136271
1.63696379487557,11.2251210741404,2.30231833977457,0.129295583398339,0.521896739832433,151,0.507228039792069
0.297995740682562,11.4070062691533,0.0707384860487909,0.790284430358987,0.935417531000132,152,0.931571571511614
-2.31486527434398,11.1714650179449,2.93795091199671,0.086632704197158,0.521116995263722,153,0.493058561619348
0.581957659398055,11.4854770412071,0.31699823624735,0.573462936328077,0.826251942333212,154,0.830389865777974
0.442416965824184,11.5421434170093,0.145264144354772,0.703132163640751,0.899536185237547,155,0.898053086741953
0.303672963051741,11.6740676622222,0.0524819286713187,0.818816447169086,0.937714101051741,156,0.93441360139362
5.79813774071031,12.0861788133399,6.65325711410364,0.00994876633864558,0.280955611473332,157,0.24711542104866
0.0279050821488093,10.6918707698973,0.000144001334226203,0.990426437995828,1,158,1
-2.04066571719735,11.3722989731483,2.27794368703407,0.131340219566751,0.521896739832433,159,0.507228039792069
1.1429335096832,10.8958519894744,0.742747241073554,0.38885712713302,0.739137707643423,160,0.732703852136271
-1.73085995554589,12.4373997287249,1.74254549998064,0.186926086000471,0.54421518708998,161,0.530272944055676
1.65347179511658,10.8630475066182,1.65060307706608,0.198984682041314,0.558127766701247,162,0.54665098216833
2.83948053761759,10.8602640845885,2.66129021202133,0.102931392517079,0.521896739832433,163,0.506039445041069
0.00336070801397129,11.9169474026989,0.000860499205801856,0.976600118605316,0.992634168246767,164,0.992717900859696
0.290100871842881,12.478996738603,0.0625916961546888,0.802464200112092,0.937714101051741,165,0.93441360139362
0.98051006307424,12.0160878188186,0.489461291015213,0.484226666847503,0.801300186581706,166,0.801877188838992
-0.76636496312443,11.3391619081739,0.339948358458999,0.559906666262721,0.823518337284819,167,0.82846467323538
2.02713857451057,10.6211232223606,1.77968634448457,0.182297909931121,0.542115705260804,168,0.527163841710573
-0.578712041999814,11.2717788205307,0.331090543304829,0.565064547406692,0.823518337284819,169,0.82846467323538
-3.84936613774288,11.874371897851,6.29891882524396,0.0121379783497256,0.280955611473332,170,0.24711542104866
0.136455569346253,10.8702947368969,0.0121045769526847,0.912400875927424,0.971537969737534,171,0.971213697962221
1.14997783407102,11.9796652242756,0.290553225787933,0.589909703361125,0.84272814765875,172,0.845022209002199
-3.37365445653692,12.2592173854782,4.39334314102053,0.0361703534650075,0.428927070842476,173,0.392981317538888
1.2870171483601,10.7811216144647,1.42747306713258,0.232279936897882,0.595295501526633,174,0.588914209258067
-3.67535878696661,11.1231479667602,3.98452031970041,0.0460182646004245,0.4320081982897,175,0.3971913786788
5.3119813132793,11.135386442885,6.31816839810393,0.0120072065255275,0.280955611473332,176,0.24711542104866
-0.359168045614569,11.7335335571211,0.0791167076294192,0.77851909353102,0.934885596679201,177,0.930752843465632
-2.14906902957968,11.6908587974826,3.56903106695423,0.0589713879755489,0.459894071245109,178,0.434931651170749
-0.805744122313663,11.721342863763,0.435946740343395,0.509140404757415,0.807005310089937,179,0.808391659373825
-0.899631105882341,11.4344784635092,0.373907121436805,0.540932577426803,0.821217774311318,180,0.823694924666427
5.42337232777823,11.8504959681411,5.92429074322781,0.0149965782120033,0.280955611473332,181,0.24711542104866
-0.468505551024118,11.118046578394,0.0881776461634512,0.766529156690517,0.93281325946465,182,0.930014204130579
1.93635812630421,11.0507371376948,2.13125377835355,0.144436473770781,0.521896739832433,183,0.507228039792069
0.845873865832785,11.4163435654336,0.25424844511644,0.614139624939419,0.85607341658222,184,0.858104046362603
0.978325100734226,11.4708291054562,0.458279882014203,0.498485704413223,0.801300186581706,185,0.801877188838992
0.993731848765229,10.7508682220023,0.784976134027518,0.375700754827057,0.739137707643423,186,0.732703852136271
1.81710176112,10.8734806523312,1.9679721115058,0.160775752259132,0.521896739832433,187,0.507228039792069
2.45676942736629,11.0902362709284,3.26610344027328,0.0708342711236655,0.491571807498027,188,0.468221560055459
6.92107708129008,11.9266255542918,11.1033149354399,0.000873092681945447,0.133874211231635,189,0.113240566207266
0.297891471928961,11.1319619606571,0.0817677541705625,0.774937405892559,0.934885596679201,190,0.930752843465632
5.06328475662654,10.5683855388725,6.5241171300441,0.0106953995094892,0.280955611473332,191,0.24711542104866
0.150379742791937,11.5844842536275,0.0192078389467927,0.88978240102106,0.971178164091067,192,0.970587140195026
1.00210224428186,11.3861185137023,0.764424886377555,0.382023373371228,0.739137707643423,193,0.732703852136271
-0.493166891840318,11.1418857112516,0.189912767190016,0.663023310652638,0.889185781050185,194,0.891283146663959
0.539287369012435,10.5956013642243,0.151561762183919,0.697077362388304,0.899536185237547,195,0.898053086741953
0.379558122824682,10.961988592754,0.13004053059877,0.718417615008658,0.902929242907057,196,0.902149533205238
-0.888116060774021,11.5206871632962,0.699808087986084,0.402920607993582,0.7483793302221,197,0.742337740529926
-2.07482069611198,12.1489713899391,2.20485626225779,0.137690914961245,0.521896739832433,198,0.507228039792069
-0.997852913244266,11.1356030697265,0.75084189962686,0.38628513178734,0.739137707643423,199,0.732703852136271
1.7523553222092,11.7754903635264,1.96943968510886,0.160619840550784,0.521896739832433,200,0.507228039792069
-2.06250981485374,12.1714902656045,2.09347792259475,0.148042528141625,0.521896739832433,201,0.507228039792069
0.0373303557477396,11.6634948417841,0.000793530192412313,0.97752886568649,0.992634168246767,202,0.992717900859696
-0.368545266844613,12.2569003693082,0.0805660343852017,0.776553089518002,0.934885596679201,203,0.930752843465632
1.6813694547931,11.332228622768,2.00578485391327,0.156813018280517,0.521896739832433,204,0.507228039792069
1.68300695167474,11.4757720706018,2.04161960517617,0.153159778890822,0.521896739832433,205,0.507228039792069
-0.0160174712839053,12.2462639686915,6.49022467618733e-05,0.993572739692787,1,206,1
1.70540910933798,10.9053938382335,1.41557263182588,0.234235838644175,0.595295501526633,207,0.588914209258067
-2.38322793807583,12.0476699234586,3.3484404366581,0.0673765234883843,0.484268762572762,208,0.462239684989013
1.32966961374808,11.5196039739406,1.53425942245659,0.215579639440475,0.584122349834065,209,0.575740454112758
-1.22830857170955,11.6892428906472,1.27686457523628,0.25858102030318,0.623319632236127,210,0.619764857223257
0.902910716986056,11.428252401366,0.846863587356795,0.357521553733207,0.72965484826171,211,0.721096162817949
-1.46697385924428,11.8358959720114,0.582459880582339,0.445414965052231,0.782599387231295,212,0.776602785835299
3.19962537353311,10.9858276759801,3.58272148788066,0.0584879646926063,0.459894071245109,213,0.434931651170749
0.404846229813356,11.6096703129945,0.100630511294064,0.751098297967042,0.923810740815078,214,0.921539104537939
3.43867418489252,11.5993356945558,3.68029732649046,0.055162085196744,0.453117128401826,215,0.423870861955728
0.844249002644052,11.8188531745006,0.237053471890851,0.626381061396296,0.867866544643659,216,0.871408908127447
-0.117806355792676,11.7784906390957,0.00559077966522441,0.940401923670962,0.977752226083207,217,0.976828169417952
-0.945142660193152,11.1327239858078,0.425970248714625,0.514027295339895,0.807005310089937,218,0.808391659373825
-0.272366511251568,11.2206279468039,0.0553033786549809,0.814096793695529,0.937714101051741,219,0.93441360139362
2.28836122724927,11.0730695596967,2.26945038068824,0.132061126871635,0.521896739832433,220,0.507228039792069
2.26766662858048,10.8029599465821,2.69965901577259,0.100483617225675,0.521896739832433,221,0.506039445041069
0.788044626662046,11.1828953898727,0.495820319207093,0.481401821520866,0.801300186581706,222,0.801877188838992
1.3117472750687,10.6328610785093,0.973159117020929,0.323980036365469,0.699264403474996,223,0.691274418921252
1.88276495565929,11.2306746904008,2.83832655373079,0.0921530816040388,0.521896739832433,224,0.499603924241622
3.08850655817986,11.8579567382914,1.78581419609158,0.181547152420094,0.542115705260804,225,0.527163841710573
-5.58753719259756,11.5244178739806,10.1096706738035,0.00149126847881807,0.137196700051263,226,0.113240566207266
0.2006921890612,11.0736463736335,0.034966172523412,0.851680304447044,0.955543756208878,227,0.952414133373047
-0.525049973146604,11.4101023852431,0.154260620910203,0.694526890263706,0.899536185237547,228,0.898053086741953
1.77635520058459,11.6615263888073,1.37034414297386,0.241853826133093,0.604634565332733,229,0.599370911476284
0.481575702924552,11.3057309459801,0.134434278859414,0.713906120540294,0.902189053430042,230,0.901902361226685
-3.30853892048463,11.2629656918452,4.09447855073177,0.0431196934830659,0.428927070842476,231,0.392981317538888
-1.05452311916359,11.82963864749,0.56908393834602,0.450687522079671,0.782599387231295,232,0.776602785835299
4.20410080078501,11.5750663936343,3.69934347162503,0.0545366407085072,0.453117128401826,233,0.423870861955728
3.05881607845646,11.9177467865301,1.76858214394387,0.1836675371399,0.542115705260804,234,0.527163841710573
1.50184276388453,11.2965489632806,1.76712673738503,0.183847934827577,0.542115705260804,235,0.527163841710573
-0.657355553322762,11.3383878140141,0.26347363347847,0.607784786197022,0.854987772631896,236,0.85634542685562
0.112164954746875,10.805515348512,0.00498041701048773,0.943743453002052,0.977752226083207,237,0.976828169417952
-1.24238647489003,12.1004368486258,0.487124109923421,0.485271779160513,0.801300186581706,238,0.801877188838992
1.67030096317381,10.6444258389573,2.34997988728353,0.125399234531849,0.521896739832433,239,0.507228039792069
0.967079027207031,11.0745624234466,0.892197867690026,0.344965079234522,0.724584184693516,240,0.716616491791747
-1.7149057515772,10.9805243353902,2.92683584554791,0.0872304535550144,0.521116995263722,241,0.493058561619348
-0.375036645643982,11.3037643896108,0.142395234743587,0.705940354066857,0.899536185237547,242,0.898053086741953
-1.85772653677602,11.7596436798314,2.50465274595209,0.113625077465823,0.521896739832433,243,0.507228039792069
-3.31906518239527,11.4067496788264,4.98520249291004,0.0256448942861571,0.393221712387742,244,0.354282586122832
-0.63090318367183,11.5617806376598,0.361311644167466,0.547828043930452,0.822509527862742,245,0.825643605029685
-1.29134276282886,11.755527854491,1.11817417514957,0.290404483036479,0.667008270772457,246,0.658489662586499
0.545888179402363,11.3760471548376,0.102715842692198,0.748618803825003,0.923341048834725,247,0.921539104537939
-0.780815649307396,11.4335994097055,0.326282359154526,0.567902921273581,0.823518337284819,248,0.82846467323538
-1.46306318693033,11.8965421624359,0.973643963967077,0.32385955534994,0.699264403474996,249,0.691274418921252
0.749913207275916,11.1382158308032,0.507430371766442,0.476313560694932,0.801300186581706,250,0.801877188838992
2.06950574037961,11.0622601388623,3.00605732472828,0.0830655058311996,0.516353144356105,251,0.48859038028898
-1.08041409823993,12.0416091021934,0.753831572941611,0.385341323204137,0.739137707643423,252,0.732703852136271
-0.518657545989403,11.9461075843083,0.095752637813407,0.757010790062589,0.926130221885082,253,0.922648887883001
-0.102295625810548,11.4716801723155,0.00850049000129982,0.926547337247037,0.977549942967057,254,0.976828169417952
-2.13529033345103,11.1746807668278,2.37495558362333,0.12340974157642,0.521896739832433,255,0.507228039792069
2.86052884056866,10.5733526774595,5.00465266828598,0.0253588158273653,0.393221712387742,256,0.354282586122832
0.549190776497869,11.5216708063091,0.200433254829854,0.654406497841718,0.882777093862728,257,0.885098757473055
1.70112095794585,11.2420599753209,1.86346544484987,0.172336630176885,0.535640877576804,258,0.521452778705345
-0.493265099131284,10.7297523338682,0.172879752108757,0.677597384986813,0.899536185237547,259,0.898053086741953
-0.0396068554198156,11.7080098593384,0.00177553106082676,0.966392491916471,0.989549241964878,260,0.989677299073745
0.507337964078524,11.0032754193586,0.235067760325837,0.627829833125879,0.867866544643659,261,0.871408908127447
1.01055277020798,11.3507433419884,0.80797333934691,0.368798523502136,0.73440398619473,262,0.72664698478764
-0.862229036103329,11.3015404763874,0.570062599374353,0.450298463523256,0.782599387231295,263,0.776602785835299
-0.120151716956023,11.8988041813943,0.00862912437861681,0.925995245106624,0.977549942967057,264,0.976828169417952
-3.77583693130816,11.4791686086324,6.21716022384526,0.0127099277396202,0.280955611473332,265,0.24711542104866
2.7999413077415,11.2028685107864,2.5423627916498,0.110943321978206,0.521896739832433,266,0.507228039792069
0.297855781167686,11.2681759285828,0.0746900342437394,0.784647078946019,0.935417531000132,267,0.931571571511614
1.66545589413238,11.7955499352069,2.09686506526107,0.147715080644148,0.521896739832433,268,0.507228039792069
0.659592863578186,10.9995694054271,0.411645256077751,0.521188894768655,0.812701327435869,269,0.814150803099585
-0.180118608518184,11.9340685300337,0.0353049193950964,0.850971964627317,0.955543756208878,270,0.952414133373047
0.283106982788348,10.4984730081762,0.0652207924010686,0.798445851444701,0.936951764450415,271,0.934409495136577
0.335363083400105,11.4520890416121,0.0905706468367366,0.763475614927644,0.931561758267151,272,0.928926714742905
0.121755250101704,11.9476955564121,0.0102259003523226,0.919460011456661,0.976793545658347,273,0.976828169417952
-0.381394375983365,11.2881470328626,0.142415583744768,0.705920322393305,0.899536185237547,274,0.898053086741953
-0.14388532370629,11.4131399855202,0.0203578073235072,0.88655270498958,0.971178164091067,275,0.969672536269415
0.950017987042964,11.6873472200355,0.612464651891242,0.43392847037159,0.7740461530369,276,0.767620366330926
0.147549681128769,11.2691230180892,0.0130954132490143,0.908901141479638,0.971178164091067,277,0.970587140195026
0.855363111404542,11.44278520023,0.407379195014931,0.523355681894492,0.813323019160359,278,0.814772982129895
0.350107886308666,11.1423197203715,0.069225051910512,0.792488101521404,0.935417531000132,279,0.931571571511614
0.725760505737182,11.2710509933101,0.458383712312266,0.498437057918074,0.801300186581706,280,0.801877188838992
-1.34259400334417,11.0044055044855,1.4272447673891,0.232317273118376,0.595295501526633,281,0.588914209258067
-2.47438612574598,11.653479337838,3.84361262264983,0.0500362662257406,0.453117128401826,282,0.419680740409631
0.902203789989546,11.5925453568945,0.693345018346307,0.405100985272398,0.7483793302221,283,0.742659013961081
1.79235338131982,10.8671192957494,1.13571238642158,0.286653364219509,0.667008270772457,284,0.658489662586499
-0.995284610117002,12.3616090110814,0.568687432424192,0.450845299165855,0.782599387231295,285,0.776602785835299
2.22985271337524,10.9736817919341,3.71193352974131,0.0541273354070788,0.453117128401826,286,0.423870861955728
-0.355079047924688,11.3445454626805,0.0777243276904029,0.780426237227855,0.934885596679201,287,0.930752843465632
0.240588907351234,11.4952604817116,0.0495404501611037,0.82388133169098,0.937714101051741,288,0.93441360139362
2.75841873167065,11.4957900489665,4.21189674799973,0.0402355517853581,0.428927070842476,289,0.392981317538888
0.322882444609502,11.3195368015471,0.047418070239998,0.827634619623928,0.937714101051741,290,0.93441360139362
1.21650548145126,11.012780100478,0.985144384974864,0.321019038688814,0.699264403474996,291,0.691274418921252
0.722721021074691,11.0608906458222,0.477367712830601,0.489675162868641,0.801300186581706,292,0.801877188838992
-0.444573410598159,12.0261782629858,0.120576639031766,0.728436392869794,0.910545491087242,293,0.909222501541098
1.65341596369115,11.1084797715268,1.66393734473302,0.197180618266746,0.558127766701247,294,0.54665098216833
-0.694426051486185,12.1466407704995,0.226832876699705,0.633919910870151,0.867866544643659,295,0.871408908127447
-2.42849811019481,11.8923872495199,1.96967696781711,0.160594648364259,0.521896739832433,296,0.507228039792069
-1.17058895697508,11.6942146971941,1.16412327375138,0.280706329453483,0.658800569125522,297,0.652724339134472
-1.60909661088378,11.8020800235253,1.69170350721495,0.193485146693111,0.556269796742695,298,0.541382388772681
-1.01591706633299,11.2067974816125,0.666487951706872,0.414349207806886,0.753362196012519,299,0.74673480143231
0.44676885501525,11.7639312181565,0.153096131850328,0.695624173203257,0.899536185237547,300,0.898053086741953
1.15395117439898,11.8663002482928,0.696786044518704,0.403937986842052,0.7483793302221,301,0.742337740529926
-0.268395605223512,11.5951068015541,0.0222489333974826,0.881437677289844,0.971178164091067,302,0.969143703019465
0.525206292183385,11.4861743995448,0.264443877603618,0.607124628042891,0.854987772631896,303,0.85634542685562
0.397709356951795,11.0408582440771,0.0695716994779016,0.791981099547568,0.935417531000132,304,0.931571571511614
-1.47488742865405,11.3425599007725,0.862401333014835,0.353148774059467,0.72965484826171,305,0.721096162817949
1.0267055866746,11.1473514639677,0.740671257277869,0.389520688649384,0.739137707643423,306,0.732703852136271
-1.56743555487448,11.4517665248803,1.3597210498654,0.243686584153784,0.605923398436436,307,0.600439219460275
1.86773212519134,11.0808433594605,2.70236911269642,0.100313146876993,0.521896739832433,308,0.506039445041069
3.77289876249735,11.189509574785,4.31380499742344,0.0378966102902509,0.428927070842476,309,0.392981317538888
-1.77754980529039,12.3817669692091,1.42849395204139,0.23211306964237,0.595295501526633,310,0.588914209258067
1.39672661933763,11.048528399665,1.03802831712342,0.30836977478258,0.68859270097081,311,0.678159240974671
0.595566987076421,11.3658168092538,0.352922980786719,0.552511835020842,0.822509527862742,312,0.82615234418283
-6.8294935532309,11.3995079355965,13.2505588831564,0.000277501353079513,0.127650622416576,313,0.103309015704206
-0.900069604370798,12.4799646574926,0.476449732845547,0.490092895490172,0.801300186581706,314,0.801877188838992
1.99543446297809,11.6210270719327,2.51729466887311,0.112718168229869,0.521896739832433,315,0.507228039792069
-2.28975597812927,11.7861872787142,3.16096504688533,0.0755286629329264,0.504635164517314,316,0.47906351901435
-1.4195313752349,11.3301915945651,1.45630451825223,0.227622447006203,0.595295501526633,317,0.588914209258067
-2.41425136748312,11.4419863355251,4.04412474501358,0.0444224266521207,0.428927070842476,318,0.392981317538888
-0.453705668613575,11.5522090640899,0.153019295183548,0.695696744428754,0.899536185237547,319,0.898053086741953
-0.575194381030404,11.8344983977751,0.201705425374355,0.653383044897808,0.882777093862728,320,0.885098757473055
0.705741653028186,11.2370182321944,0.392234149285069,0.531179160965709,0.815381347406699,321,0.816540359935429
-0.294489613634049,11.2708123093681,0.0557602181815166,0.813344648544481,0.937714101051741,322,0.93441360139362
-2.03755174968277,11.7811571930704,2.29406948028433,0.12998352646998,0.521896739832433,323,0.507228039792069
-1.14586826399037,11.2813964012239,0.741286839417939,0.389323756990481,0.739137707643423,324,0.732703852136271
-1.65535209806058,11.7413285638801,1.30882197337904,0.252707263629106,0.618326283347812,325,0.613513426749944
0.0511343444300744,12.262631377395,0.00160589799272716,0.968037301922163,0.989549241964878,326,0.989677299073745
1.04169195023697,11.1789722506701,0.967822940215379,0.325309961616629,0.699264403474996,327,0.691274418921252
2.56440906693578,11.6101358324315,1.45034957606372,0.228575133474463,0.595295501526633,328,0.588914209258067
-4.19427511674199,11.9596490558152,7.30620635385535,0.00691378588728333,0.280955611473332,329,0.24711542104866
7.146364372992,12.1170951916723,11.596264442432,0.000670288916940961,0.133874211231635,330,0.113240566207266
-2.13241191666289,10.9996052698016,2.8472932011417,0.0916409123609461,0.521896739832433,331,0.499603924241622
0.848970098452623,11.424234968266,0.573904406022844,0.448776239315089,0.782599387231295,332,0.776602785835299
-3.9240437568342,11.2133534782004,7.39816881753761,0.00656994194612082,0.280955611473332,333,0.24711542104866
-0.656105614209215,11.2889932587003,0.437293456479238,0.508486886982508,0.807005310089937,334,0.808391659373825
-3.38378916976187,11.5438848811989,4.13254875190249,0.0421614767134822,0.428927070842476,335,0.392981317538888
-0.649674313342086,11.076409181827,0.287592402600662,0.591810740031838,0.842826440912216,336,0.845022209002199
1.58475325523693,10.9946062398898,2.03135064778635,0.154196694766613,0.521896739832433,337,0.507228039792069
-1.65815714238779,11.0606308768785,1.97033162415046,0.160525167185028,0.521896739832433,338,0.507228039792069
0.676644321391378,10.9723624380338,0.359066573095524,0.549074275949949,0.822509527862742,339,0.825643605029685
-0.746972500443987,12.1127917241081,0.150580477006424,0.698011176026929,0.899536185237547,340,0.898053086741953
-1.4232658921691,11.6139715522737,1.41609589911754,0.234149419278741,0.595295501526633,341,0.588914209258067
2.03694099374152,11.2955459328842,1.66045034693051,0.197650532767627,0.558127766701247,342,0.54665098216833
-1.02884925076211,11.9718749528283,0.555648528160458,0.456082323105356,0.788619749201971,343,0.782457627542557
2.86666025718521,11.5773553305827,1.93329117467018,0.164510928860223,0.521896739832433,344,0.507228039792069
-0.240765312407079,11.6400143606611,0.0482139372844993,0.826217058781447,0.937714101051741,345,0.93441360139362
1.75456256016346,11.1843998724565,2.22289283512109,0.136092337120097,0.521896739832433,346,0.507228039792069
0.801711161436878,12.0322704510594,0.340039103062244,0.559854293536793,0.823518337284819,347,0.82846467323538
1.45723503785541,11.0984164654642,1.56419759071504,0.211157683592741,0.581722682772768,348,0.572289337092542
0.206341766185269,11.527261408565,0.0266514708529865,0.870331361692367,0.967034846324853,349,0.964018380048823
-0.0412243197325168,10.815264765341,0.00170685104874872,0.967048517518108,0.989549241964878,350,0.989677299073745
-1.40697448641179,11.2719395779742,0.736110590480816,0.390984147681491,0.739137707643423,351,0.732703852136271
5.11243378897621,12.1065448829796,7.51321229148342,0.00616426342217144,0.280955611473332,352,0.24711542104866
-3.49503816217106,10.8013349094242,4.76784527926682,0.0290800364272058,0.418025523641084,353,0.37836515744342
0.725241499525966,11.5383226529244,0.477262546953441,0.489722989162086,0.801300186581706,354,0.801877188838992
-3.18212254858166,11.5051219494032,4.51259875503929,0.0337347519901792,0.428927070842476,355,0.392981317538888
3.68784772019707,10.8764764827291,4.03291950976488,0.0447179222068915,0.428927070842476,356,0.392981317538888
0.407037882037947,11.080452973568,0.136948522543246,0.71136203284147,0.901450509936848,357,0.901193855136841
-0.434797967459378,10.9642622649793,0.145423235345641,0.702977372301969,0.899536185237547,358,0.898053086741953
1.18793895785806,10.9556876974693,0.716854035893519,0.397251189643691,0.742827427789016,359,0.736297999407726
2.02908671064924,11.2707993278106,2.86490584825989,0.0906438701547503,0.521896739832433,360,0.499603924241622
-1.78294673906303,11.9077910151865,1.25627418759479,0.26245503002402,0.628798509432547,361,0.624097664269479
1.41698799698003,11.4143493890408,1.74950577998188,0.186048457508545,0.54421518708998,362,0.530272944055676
1.94779635378756,10.8040424370331,1.84456432728138,0.174527928449905,0.538811054274873,363,0.524554039577903
4.2697610673297,11.6466707017181,4.58599273723909,0.0323216085171063,0.428927070842476,364,0.392981317538888
-0.212557237660074,11.1970696964591,0.0451420372546256,0.831758756572116,0.938833869693425,365,0.935997846935579
-0.739383004989588,11.8710683625688,0.170255737218514,0.679916674521132,0.899536185237547,366,0.898053086741953
-3.82485122006205,11.9274982749748,6.29778231933277,0.0121457448033034,0.280955611473332,367,0.24711542104866
0.696790271492454,11.4363010755152,0.326459813692529,0.567797674222379,0.823518337284819,368,0.82846467323538
-2.3654011936362,11.8727270042466,2.05533180707484,0.151787482745519,0.521896739832433,369,0.507228039792069
-1.5334549059178,11.585803370948,2.11822049417429,0.145669304873216,0.521896739832433,370,0.507228039792069
-1.57654676685354,11.3408329070026,2.15715180112831,0.142021476379956,0.521896739832433,371,0.507228039792069
-1.47824884244994,11.4121283039087,2.12804467407778,0.144738931035473,0.521896739832433,372,0.507228039792069
0.542079623837097,10.8430343347647,0.256503138474549,0.612573242027438,0.85607341658222,373,0.858104046362603
2.78857536081835,11.0795109263819,4.04378222955339,0.0444314286571447,0.428927070842476,374,0.392981317538888
3.06735166848604,11.9363310632777,3.02599247799054,0.0820516519796448,0.516353144356105,375,0.48859038028898
0.877606561810612,11.2939232846321,0.458282950975603,0.498484266430417,0.801300186581706,376,0.801877188838992
1.90207975170398,10.707122018558,1.91974891037544,0.165996294976864,0.52300202526957,377,0.508305346446193
0.404214793718491,11.59696559609,0.164793497849794,0.68481253159341,0.899536185237547,378,0.898053086741953
3.8449182551223,11.1186863769574,5.91359797339977,0.0150876676740846,0.280955611473332,379,0.24711542104866
-0.746799575218354,12.0041393309015,0.161327064287456,0.687968745996842,0.899536185237547,380,0.898053086741953
0.179659372683054,11.3801859553975,0.0275382064315029,0.868211289212337,0.967034846324853,381,0.963352139233862
-0.169368727454938,10.7470947385324,0.0186671388234272,0.891335015054013,0.971178164091067,382,0.970587140195026
4.16778668205673,11.6424775744205,6.03242644966692,0.0141066115254006,0.280955611473332,383,0.24711542104866
0.975802301460496,11.4298389758497,0.45447633724752,0.50027329967194,0.801300186581706,384,0.801877188838992
-2.31099745770461,12.4277191348972,2.89416402935854,0.0890135184996118,0.521896739832433,385,0.495924271001529
3.27354811583325,11.5445867244196,2.35871498048422,0.124699398106371,0.521896739832433,386,0.507228039792069
0.669406536034574,11.296325548869,0.421923696105685,0.516032767381142,0.807398207467093,387,0.808717802257657
1.81035360936655,11.4042369814951,2.00501469822355,0.156892612615841,0.521896739832433,388,0.507228039792069
-1.58689171702675,11.041013803561,2.00306093518625,0.157094737006743,0.521896739832433,389,0.507228039792069
-1.14370384578573,11.8420249275039,0.625153212215548,0.429206673413163,0.7740461530369,390,0.767620366330926
-2.30711180645473,11.4399479377858,1.53480479692931,0.215498107076346,0.584122349834065,391,0.575740454112758
-1.22204568098506,12.0279174750317,0.597750601568698,0.439503770385583,0.777583593759108,392,0.771523466342707
-1.25740841122992,10.8718287169181,1.07980367501247,0.298832501938123,0.677157393554368,393,0.667590477445977
2.47863360414849,11.2735380337301,2.55485460468628,0.110070395235527,0.521896739832433,394,0.507228039792069
-1.20146381546936,11.6023911453502,0.998711291962459,0.317710144630647,0.699264403474996,395,0.688676952058453
1.66050257165206,10.9028600468247,1.2191723741858,0.269619387816444,0.639303703069919,396,0.634455721679649
-0.864171724629126,11.1131255974655,0.670635427725497,0.412900858349345,0.753362196012519,397,0.74673480143231
-0.39527465724284,12.0255336371991,0.0865023590337083,0.768693800602895,0.932979283053645,398,0.930014204130579
-0.170663184885112,11.0029355008532,0.023545487192139,0.878058271558512,0.970929819511816,399,0.967948369465251
-0.811343358442636,11.6036893057558,0.1727800437377,0.677685135761536,0.899536185237547,400,0.898053086741953
-0.665778788631927,12.4103869881473,0.181878669173151,0.669796947999269,0.895658709533906,401,0.897209802108798
0.529628065580121,11.7683690201458,0.203403409478068,0.652023053601059,0.882777093862728,402,0.885098757473055
2.94625078069752,11.4002394299963,2.30961011269607,0.128690838644331,0.521896739832433,403,0.507228039792069
1.4172874685357,11.1876969090274,1.28091232653057,0.257827794537731,0.623319632236127,404,0.619764857223257
1.27622230831303,11.5087424710582,1.52530639156765,0.216923365607936,0.584122349834065,405,0.575740454112758
-1.17745608486229,11.3230344254886,1.10126499702908,0.294080537786278,0.669688353374693,406,0.660602896147405
3.93402316972863,11.153290785514,4.820849121758,0.0282004469791837,0.418025523641084,407,0.377627694405759
-1.52037347648114,11.7805423159728,1.1133206015169,0.291453613967965,0.667008270772457,408,0.658489662586499
1.16757713978195,10.9622008087998,1.33629044099548,0.247789271293507,0.612812176317275,409,0.608773179822282
1.17335379895847,10.8842014795908,0.482445380936277,0.487375205716449,0.801300186581706,410,0.801877188838992
0.987717313789317,11.4585668217649,0.327583356483598,0.567132188134934,0.823518337284819,411,0.82846467323538
0.0973928220617879,10.6094134801707,0.00516397617852774,0.94271788421571,0.977752226083207,412,0.976828169417952
-1.05591194344917,11.101395595124,0.66855040169746,0.413628037970316,0.753362196012519,413,0.74673480143231
-0.564869124193376,11.9809226313311,0.16646995187843,0.683299967637936,0.899536185237547,414,0.898053086741953
0.146082480150219,11.2718161177126,0.0164553172854296,0.897938098483301,0.971178164091067,415,0.970587140195026
-1.66362107779925,11.5512354321902,2.43119219899748,0.119057057307349,0.521896739832433,416,0.507228039792069
-0.882979126709546,11.8084878364364,0.496868235047189,0.48093891152227,0.801300186581706,417,0.801877188838992
0.855592881352483,10.5882124143704,0.547749056698868,0.459301838705523,0.788619749201971,418,0.784314092982563
1.14874119653909,10.9699860451426,0.876584958481244,0.349220653436741,0.72965484826171,419,0.721096162817949
6.26881126019407,11.4304950041799,9.02864223810408,0.00268172477556993,0.205598899460361,420,0.174593207085659
1.95852910989276,10.932169809509,3.35156416859403,0.0672489513109735,0.484268762572762,421,0.462239684989013
2.37244793482191,10.9404246364388,3.51323682688165,0.0609859529259818,0.459894071245109,422,0.434931651170749
0.140831960388853,11.4587967573643,0.00670668576543295,0.934736659711517,0.977752226083207,423,0.976828169417952
-0.283912974820292,11.8357866262334,0.0485432148203596,0.825634153552835,0.937714101051741,424,0.93441360139362
-0.12339861044455,10.9310817848815,0.0129072615195786,0.909555120135541,0.971178164091067,425,0.970587140195026
1.10191721032861,11.1666001255597,1.00680250030698,0.315758041188663,0.699264403474996,426,0.688676952058453
1.59657576971783,11.1103454546999,2.12844793664329,0.144700884458399,0.521896739832433,427,0.507228039792069
-0.297807083020125,11.0568013010514,0.0525532134117399,0.818695580392185,0.937714101051741,428,0.93441360139362
-1.17245267024947,11.6745294469358,0.941096614101092,0.332080984223577,0.705683443409928,429,0.696805101450125
-0.101582979645522,11.0525542386075,0.0141349500241302,0.905370763660569,0.971178164091067,430,0.970587140195026
1.79248880339505,11.3326200345509,1.93989484404025,0.163792131038059,0.521896739832433,431,0.507228039792069
0.673833402677851,11.6995907550477,0.139087747549131,0.70921824239305,0.90121655110719,432,0.899880135516654
1.62315039977232,10.7641834740032,1.52386165628085,0.217141134394837,0.584122349834065,433,0.575740454112758
1.50131855363075,11.2110189602933,0.926113525789065,0.335959166600684,0.708904663469332,434,0.699676819583508
6.6929561335915,11.2618648012496,10.4654477830224,0.00123064186385228,0.137196700051263,435,0.113240566207266
-3.16635804305802,11.0011685177511,4.03142058532828,0.0447576073922584,0.428927070842476,436,0.392981317538888
-1.28295550246132,11.5031437328884,1.12918612748933,0.288041972533166,0.667008270772457,437,0.658489662586499
0.688472155871011,11.2201409592914,0.391987113394065,0.531308507840243,0.815381347406699,438,0.816540359935429
3.12424303516529,11.5949144921092,3.80001819388723,0.0513531838719207,0.453117128401826,439,0.419680740409631
-0.09072168371655,11.7390800950523,0.00390626461794353,0.950169094425082,0.981541615324002,440,0.980896322814036
1.44970723333686,11.3167223330157,1.78371852522234,0.181803501030753,0.542115705260804,441,0.527163841710573
-0.495964281405795,11.1762014966429,0.126579820974725,0.722032083665504,0.904999341924065,442,0.904283129222764
0.0566911668043165,11.4891502412755,0.00102717127706653,0.974434882944778,0.992634168246767,443,0.992717900859696
-0.128751854862881,11.9003346263775,0.0160895012207022,0.899072795015513,0.971178164091067,444,0.970587140195026
2.7787830011759,11.5933076348739,5.03701084823148,0.0248902072923926,0.393221712387742,445,0.354282586122832
-0.503607394354644,11.1685531352788,0.212476919996804,0.64486922726198,0.877632676155357,446,0.880989692520829
0.724249564304919,11.3099462559621,0.394911458311139,0.529780960648326,0.815381347406699,447,0.816540359935429
-0.240789831961401,11.6466691537324,0.0474531213738956,0.827571926995991,0.937714101051741,448,0.93441360139362
-1.7025361917538,11.089110655721,1.71478116364473,0.190475207817322,0.551060349660177,449,0.536685819554587
1.17978784502267,11.6383765163478,1.24007060379017,0.265554416940948,0.632927625869617,450,0.627927266442441
-2.46750782978366,11.6997590310154,3.05980024287378,0.0803626817409755,0.513428244456232,451,0.485584521842289
0.286085445907237,10.9771669988581,0.0656644916313891,0.797776253713593,0.936951764450415,452,0.934409495136577
0.631320400833156,11.5573745104924,0.355280868125857,0.551187751983103,0.822509527862742,453,0.825643605029685
0.00807260705873807,12.0994503353934,0.000224404365442367,0.988049113406136,1,454,1
0.721663411152096,11.4284905886332,0.462503352032765,0.496513384489225,0.801300186581706,455,0.801877188838992
2.94058831303215,10.6834989088333,2.63827646593341,0.104430844636579,0.521896739832433,456,0.506039445041069
-1.46899266810677,11.6878360583301,1.11535190926034,0.291013946273824,0.667008270772457,457,0.658489662586499
1.04374943657082,11.0082006306787,0.429096219553427,0.512487341937372,0.807005310089937,458,0.808391659373825
1.53601525839078,11.0941478058139,0.839182714711036,0.359710650967705,0.72965484826171,459,0.721096162817949
1.02280814575513,10.7762167248898,0.428003028985739,0.513024969225891,0.807005310089937,460,0.808391659373825
