"embedding","PC","pc_index","var_explained","covariate","r2","p","n","p_adj"
"IterativeLSI","PC1",1,0.348568254291939,"CellType",0.886982688712974,0,834,0
"IterativeLSI","PC1",1,0.348568254291939,"Cohort",0.104811374257882,8.33695784837872e-20,834,2.08423946209468e-19
"IterativeLSI","PC1",1,0.348568254291939,"Control_status",0.00972222219216261,0.0043693020932865,834,0.0109232552332163
"IterativeLSI","PC1",1,0.348568254291939,"Exposure_group",0.106600742057213,3.64550470746582e-14,834,7.29100941493164e-14
"IterativeLSI","PC1",1,0.348568254291939,"Age",0.00039590513948385,0.641183965152107,551,0.641183965152107
"IterativeLSI","PC1",1,0.348568254291939,"Sex_observed",0.00013198523026155,0.787875754986634,551,0.787875754986634
"IterativeLSI","PC1",1,0.348568254291939,"Sex_predicted",0.000516044289695993,0.51238093747286,834,0.627079859387911
"IterativeLSI","PC1",1,0.348568254291939,"Sampling_day",0.000726493677440639,0.586303618913112,410,0.994033022875406
"IterativeLSI","PC1",1,0.348568254291939,"QC_nCells",0.0074110209846537,0.0128822038964507,834,0.0257644077929015
"IterativeLSI","PC1",1,0.348568254291939,"QC_meanTSS",0.0793170078504007,1.13769796909984e-16,834,2.8442449227496e-16
"IterativeLSI","PC1",1,0.348568254291939,"QC_meanLog10Frags",0.0472068253801329,2.28159132969195e-10,834,5.70397832422987e-10
"IterativeLSI","PC1",1,0.348568254291939,"QC_meanFRIP",0.0572991777796928,2.47758357838142e-12,834,8.25861192793808e-12
"IterativeLSI","PC2",2,0.082534035410085,"CellType",0.681419885885408,1.35491872699392e-195,834,2.2581978783232e-195
"IterativeLSI","PC2",2,0.082534035410085,"Cohort",0.189874641573183,1.12846743074384e-37,834,5.64233715371918e-37
"IterativeLSI","PC2",2,0.082534035410085,"Control_status",0.012010622405217,0.00152571471895728,834,0.00508571572985761
"IterativeLSI","PC2",2,0.082534035410085,"Exposure_group",0.201806681287127,9.88028220786407e-33,834,4.94014110393204e-32
"IterativeLSI","PC2",2,0.082534035410085,"Age",0.00793284242916038,0.0366087985794977,551,0.0896171319250639
"IterativeLSI","PC2",2,0.082534035410085,"Sex_observed",0.000761466896488812,0.518024882763473,551,0.66612036432266
"IterativeLSI","PC2",2,0.082534035410085,"Sex_predicted",0.00143090433242593,0.275198622132771,834,0.559233022779623
"IterativeLSI","PC2",2,0.082534035410085,"Sampling_day",0.00108583828147369,0.505812594982742,410,0.994033022875406
"IterativeLSI","PC2",2,0.082534035410085,"QC_nCells",0.0574653866489543,2.29914836342133e-12,834,2.29914836342133e-11
"IterativeLSI","PC2",2,0.082534035410085,"QC_meanTSS",0.141931117524588,1.61373192460359e-29,834,8.06865962301796e-29
"IterativeLSI","PC2",2,0.082534035410085,"QC_meanLog10Frags",0.0989216835704631,1.32037614951365e-20,834,6.60188074756827e-20
"IterativeLSI","PC2",2,0.082534035410085,"QC_meanFRIP",0.150679282582982,2.20631989469999e-31,834,1.10315994734999e-30
"IterativeLSI","PC3",3,0.0603871924169147,"CellType",0.841113719969773,0,834,0
"IterativeLSI","PC3",3,0.0603871924169147,"Cohort",0.0446149826202559,2.96097132796726e-08,834,3.70121415995907e-08
"IterativeLSI","PC3",3,0.0603871924169147,"Control_status",0.00631766632324384,0.0216984283693607,834,0.0433968567387214
"IterativeLSI","PC3",3,0.0603871924169147,"Exposure_group",0.0537099688777099,1.68008424370372e-05,834,2.10010530462966e-05
"IterativeLSI","PC3",3,0.0603871924169147,"Age",0.00691267590084845,0.0511067307121787,551,0.0896171319250639
"IterativeLSI","PC3",3,0.0603871924169147,"Sex_observed",0.00222581334851665,0.268925404464822,551,0.537850808929645
"IterativeLSI","PC3",3,0.0603871924169147,"Sex_predicted",0.00183121920232314,0.217006873545582,834,0.559233022779623
"IterativeLSI","PC3",3,0.0603871924169147,"Sampling_day",1.37248861170682e-07,0.994033022875406,410,0.994033022875406
"IterativeLSI","PC3",3,0.0603871924169147,"QC_nCells",0.00369864879746255,0.079205521067538,834,0.0990069013344225
"IterativeLSI","PC3",3,0.0603871924169147,"QC_meanTSS",0.021860575064614,1.81069289839993e-05,834,2.58670414057132e-05
"IterativeLSI","PC3",3,0.0603871924169147,"QC_meanLog10Frags",0.0481117700190937,1.52274001539714e-10,834,5.0758000513238e-10
"IterativeLSI","PC3",3,0.0603871924169147,"QC_meanFRIP",0.0381769089607444,1.27701902828323e-08,834,3.19254757070808e-08
"IterativeLSI","PC4",4,0.0524806881305831,"CellType",0.307815042839322,1.24682287108598e-58,834,1.24682287108598e-58
"IterativeLSI","PC4",4,0.0524806881305831,"Cohort",0.355425265444395,9.69615385951131e-79,834,9.69615385951131e-78
"IterativeLSI","PC4",4,0.0524806881305831,"Control_status",0.0331041471310842,1.21813224876799e-07,834,6.09066124383997e-07
"IterativeLSI","PC4",4,0.0524806881305831,"Exposure_group",0.407020124504302,5.46666248381109e-84,834,5.46666248381109e-83
"IterativeLSI","PC4",4,0.0524806881305831,"Age",0.0504655694157541,9.84938876113231e-08,551,9.84938876113231e-07
"IterativeLSI","PC4",4,0.0524806881305831,"Sex_observed",0.00551380760458374,0.0816023946423021,551,0.40801197321151
"IterativeLSI","PC4",4,0.0524806881305831,"Sex_predicted",0.0370474451885766,2.11050506383501e-08,834,2.11050506383501e-07
"IterativeLSI","PC4",4,0.0524806881305831,"Sampling_day",0.00187261000867151,0.382140475264264,410,0.994033022875406
"IterativeLSI","PC4",4,0.0524806881305831,"QC_nCells",0.00247790128181024,0.15091949094951,834,0.167688323277233
"IterativeLSI","PC4",4,0.0524806881305831,"QC_meanTSS",0.234212592008189,3.50167937073272e-50,834,3.50167937073272e-49
"IterativeLSI","PC4",4,0.0524806881305831,"QC_meanLog10Frags",0.437943908376813,3.37840005899071e-106,834,3.37840005899071e-105
"IterativeLSI","PC4",4,0.0524806881305831,"QC_meanFRIP",0.423263843577024,1.5640189710884e-101,834,1.5640189710884e-100
"IterativeLSI","PC5",5,0.0472659233167196,"CellType",0.805986516370939,8.60972577081549e-284,834,2.15243144270387e-283
"IterativeLSI","PC5",5,0.0472659233167196,"Cohort",0.0527948651370875,9.04742614877293e-10,834,1.2924894498247e-09
"IterativeLSI","PC5",5,0.0472659233167196,"Control_status",0.000168518626316405,0.708146769058107,834,0.864482979843516
"IterativeLSI","PC5",5,0.0472659233167196,"Exposure_group",0.0593572234109365,2.43524895819513e-06,834,3.4789270831359e-06
"IterativeLSI","PC5",5,0.0472659233167196,"Age",0.00309646689458981,0.192150955274146,551,0.240188694092682
"IterativeLSI","PC5",5,0.0472659233167196,"Sex_observed",0.000872592797563407,0.488954426621321,551,0.66612036432266
"IterativeLSI","PC5",5,0.0472659233167196,"Sex_predicted",0.001254749506116,0.306897731566798,834,0.559233022779623
"IterativeLSI","PC5",5,0.0472659233167196,"Sampling_day",0.000307484680464165,0.723335312454324,410,0.994033022875406
"IterativeLSI","PC5",5,0.0472659233167196,"QC_nCells",0.0120221228350293,0.00151771979398475,834,0.00379429948496186
"IterativeLSI","PC5",5,0.0472659233167196,"QC_meanTSS",0.033505168232739,1.01928244872911e-07,834,1.69880408121519e-07
"IterativeLSI","PC5",5,0.0472659233167196,"QC_meanLog10Frags",0.0058208722334965,0.0275789143119025,834,0.0393984490170035
"IterativeLSI","PC5",5,0.0472659233167196,"QC_meanFRIP",0.00799858670827348,0.00976336338968831,834,0.013947661985269
"IterativeLSI","PC6",6,0.0446751001644231,"CellType",0.720504342843601,7.54767897342514e-219,834,1.50953579468503e-218
"IterativeLSI","PC6",6,0.0446751001644231,"Cohort",0.139908124864972,5.94398344853193e-27,834,1.98132781617731e-26
"IterativeLSI","PC6",6,0.0446751001644231,"Control_status",0.00280528930380859,0.126423792874307,834,0.210706321457179
"IterativeLSI","PC6",6,0.0446751001644231,"Exposure_group",0.150227118308795,2.81768768418605e-22,834,9.39229228062017e-22
"IterativeLSI","PC6",6,0.0446751001644231,"Age",0.00808400393966833,0.0348583460687036,551,0.0896171319250639
"IterativeLSI","PC6",6,0.0446751001644231,"Sex_observed",0.00330536446724954,0.177790559395018,551,0.444476398487546
"IterativeLSI","PC6",6,0.0446751001644231,"Sex_predicted",0.000399428067980396,0.56437187344912,834,0.627079859387911
"IterativeLSI","PC6",6,0.0446751001644231,"Sampling_day",0.000645858409950246,0.607880734152432,410,0.994033022875406
"IterativeLSI","PC6",6,0.0446751001644231,"QC_nCells",0.00652255222850358,0.0196663675879102,834,0.0327772793131837
"IterativeLSI","PC6",6,0.0446751001644231,"QC_meanTSS",0.11505140656951,6.68791487748047e-24,834,2.22930495916016e-23
"IterativeLSI","PC6",6,0.0446751001644231,"QC_meanLog10Frags",0.0201227710224182,3.93446363134836e-05,834,7.86892726269672e-05
"IterativeLSI","PC6",6,0.0446751001644231,"QC_meanFRIP",0.027107848790102,1.75025842610117e-06,834,3.50051685220235e-06
"IterativeLSI","PC7",7,0.0413023464843655,"CellType",0.806673314340131,2.01216899532117e-284,834,6.70722998440391e-284
"IterativeLSI","PC7",7,0.0413023464843655,"Cohort",0.0132360060298808,0.0113748720013915,834,0.0126387466682128
"IterativeLSI","PC7",7,0.0413023464843655,"Control_status",0.00122156310088437,0.313386162216052,834,0.447694517451502
"IterativeLSI","PC7",7,0.0413023464843655,"Exposure_group",0.031989246581863,0.0130922139406472,834,0.0145469043784969
"IterativeLSI","PC7",7,0.0413023464843655,"Age",0.000595506499299782,0.567589319988959,551,0.630654799987732
"IterativeLSI","PC7",7,0.0413023464843655,"Sex_observed",0.000359474072361065,0.656984731760735,551,0.729983035289706
"IterativeLSI","PC7",7,0.0413023464843655,"Sex_predicted",0.000882823905205253,0.391463115945736,834,0.559233022779623
"IterativeLSI","PC7",7,0.0413023464843655,"Sampling_day",0.000917572151438709,0.540787258167396,410,0.994033022875406
"IterativeLSI","PC7",7,0.0413023464843655,"QC_nCells",0.00115153794073349,0.327677216553126,834,0.327677216553126
"IterativeLSI","PC7",7,0.0413023464843655,"QC_meanTSS",0.00570095773660538,0.0292317602871869,834,0.0365397003589837
"IterativeLSI","PC7",7,0.0413023464843655,"QC_meanLog10Frags",2.56419464200831e-05,0.883906369532427,834,0.883906369532427
"IterativeLSI","PC7",7,0.0413023464843655,"QC_meanFRIP",0.0001193881665412,0.752698745887004,834,0.752698745887004
"IterativeLSI","PC8",8,0.0354632033183265,"CellType",0.547892066425467,1.5453301066223e-133,834,1.71703345180256e-133
"IterativeLSI","PC8",8,0.0354632033183265,"Cohort",0.0800102392050086,6.15557895641073e-15,834,1.23111579128215e-14
"IterativeLSI","PC8",8,0.0354632033183265,"Control_status",8.50230325379235e-06,0.932991643583734,834,0.932991643583734
"IterativeLSI","PC8",8,0.0354632033183265,"Exposure_group",0.0952493640689518,3.53159372001368e-12,834,5.88598953335614e-12
"IterativeLSI","PC8",8,0.0354632033183265,"Age",0.00597386217954352,0.0698520890888006,551,0.0997886986982866
"IterativeLSI","PC8",8,0.0354632033183265,"Sex_observed",0.00821073449331415,0.0334581087345744,551,0.334581087345744
"IterativeLSI","PC8",8,0.0354632033183265,"Sex_predicted",0.00121203751776301,0.315281491527388,834,0.559233022779623
"IterativeLSI","PC8",8,0.0354632033183265,"Sampling_day",6.74050646881844e-06,0.958202313225587,410,0.994033022875406
"IterativeLSI","PC8",8,0.0354632033183265,"QC_nCells",0.00588138352407266,0.026781990936592,834,0.0382599870522743
"IterativeLSI","PC8",8,0.0354632033183265,"QC_meanTSS",0.0606786211122388,5.41030641174999e-13,834,1.08206128235e-12
"IterativeLSI","PC8",8,0.0354632033183265,"QC_meanLog10Frags",0.00779660156245189,0.0107373180990483,834,0.0178955301650806
"IterativeLSI","PC8",8,0.0354632033183265,"QC_meanFRIP",0.00848278624783643,0.00777957075495817,834,0.0129659512582636
"IterativeLSI","PC9",9,0.0328238885340097,"CellType",0.575912282986171,7.34259613580448e-145,834,1.04894230511493e-144
"IterativeLSI","PC9",9,0.0328238885340097,"Cohort",0.00579376039039313,0.185013662479661,834,0.185013662479661
"IterativeLSI","PC9",9,0.0328238885340097,"Control_status",9.55539912609542e-05,0.778034681859164,834,0.864482979843516
"IterativeLSI","PC9",9,0.0328238885340097,"Exposure_group",0.0102803484548458,0.807426865571171,834,0.807426865571171
"IterativeLSI","PC9",9,0.0328238885340097,"Age",0.00675884781922299,0.0537702791550384,551,0.0896171319250639
"IterativeLSI","PC9",9,0.0328238885340097,"Sex_observed",0.00335224817747105,0.174740337101224,551,0.444476398487546
"IterativeLSI","PC9",9,0.0328238885340097,"Sex_predicted",7.43175068749682e-07,0.980167742743067,834,0.980167742743067
"IterativeLSI","PC9",9,0.0328238885340097,"Sampling_day",5.32005273968985e-06,0.962863097214552,410,0.994033022875406
"IterativeLSI","PC9",9,0.0328238885340097,"QC_nCells",0.0439087112415994,9.94318926289535e-10,834,4.97159463144767e-09
"IterativeLSI","PC9",9,0.0328238885340097,"QC_meanTSS",0.00379353640978653,0.0754481664080764,834,0.0838312960089738
"IterativeLSI","PC9",9,0.0328238885340097,"QC_meanLog10Frags",0.00294706263520414,0.117218236121063,834,0.139506763239864
"IterativeLSI","PC9",9,0.0328238885340097,"QC_meanFRIP",0.00354768116572578,0.0856047329535429,834,0.107005916191929
"IterativeLSI","PC10",10,0.0296840175067098,"CellType",0.553913603498047,6.56106320483908e-136,834,8.20132900604886e-136
"IterativeLSI","PC10",10,0.0296840175067098,"Cohort",0.0634563579134259,9.01044101449246e-12,834,1.50174016908208e-11
"IterativeLSI","PC10",10,0.0296840175067098,"Control_status",0.0372952347071263,1.89027415813628e-08,834,1.89027415813628e-07
"IterativeLSI","PC10",10,0.0296840175067098,"Exposure_group",0.108609766164108,1.6010744964301e-14,834,4.00268624107525e-14
"IterativeLSI","PC10",10,0.0296840175067098,"Age",0.0181063090209163,0.00154652987411512,551,0.0077326493705756
"IterativeLSI","PC10",10,0.0296840175067098,"Sex_observed",0.000708710318105727,0.532896291458128,551,0.66612036432266
"IterativeLSI","PC10",10,0.0296840175067098,"Sex_predicted",0.00108577489339857,0.341895052373089,834,0.559233022779623
"IterativeLSI","PC10",10,0.0296840175067098,"Sampling_day",0.00031044229471565,0.722062629108131,410,0.994033022875406
"IterativeLSI","PC10",10,0.0296840175067098,"QC_nCells",0.0181498111757158,9.51682996452179e-05,834,0.00031722766548406
"IterativeLSI","PC10",10,0.0296840175067098,"QC_meanTSS",0.00336915663751552,0.0939014619084159,834,0.0939014619084159
"IterativeLSI","PC10",10,0.0296840175067098,"QC_meanLog10Frags",0.00281815677505612,0.125556086915878,834,0.139506763239864
"IterativeLSI","PC10",10,0.0296840175067098,"QC_meanFRIP",0.00231167554746108,0.165374183974239,834,0.18374909330471
"Harmony","PC1",1,0.377945821502994,"CellType",0.984247747134469,0,834,0
"Harmony","PC1",1,0.377945821502994,"Cohort",0.000147569993902549,0.988998286421872,834,0.988998286421872
"Harmony","PC1",1,0.377945821502994,"Control_status",0.000274030962458995,0.633094274466589,834,0.703438082740654
"Harmony","PC1",1,0.377945821502994,"Exposure_group",0.00241210247844054,0.999777826659473,834,0.999777826659473
"Harmony","PC1",1,0.377945821502994,"Age",6.23426700637202e-05,0.853290450985113,551,0.853290450985113
"Harmony","PC1",1,0.377945821502994,"Sex_observed",0.00013484325290113,0.785646695575875,551,0.896640202560319
"Harmony","PC1",1,0.377945821502994,"Sex_predicted",4.52553917335195e-05,0.846186544515556,834,0.956051812504141
"Harmony","PC1",1,0.377945821502994,"Sampling_day",0.000215806213084859,0.766798904004239,410,0.996871945501572
"Harmony","PC1",1,0.377945821502994,"QC_nCells",0.00444994076937941,0.0541397699656997,834,0.0902329499428328
"Harmony","PC1",1,0.377945821502994,"QC_meanTSS",5.821682462252e-05,0.825855742686298,834,0.862301060513718
"Harmony","PC1",1,0.377945821502994,"QC_meanLog10Frags",3.51153036562154e-05,0.86432061117097,834,0.910533040964418
"Harmony","PC1",1,0.377945821502994,"QC_meanFRIP",0.000109075218070364,0.763287854377047,834,0.955998349409727
"Harmony","PC2",2,0.0853454971053428,"CellType",0.947142438665787,0,834,0
"Harmony","PC2",2,0.0853454971053428,"Cohort",0.00590946295997809,0.177571055750284,834,0.443927639375711
"Harmony","PC2",2,0.0853454971053428,"Control_status",0.00171566933638626,0.232123062541396,834,0.477398735243361
"Harmony","PC2",2,0.0853454971053428,"Exposure_group",0.0192262072528551,0.247757989146111,834,0.450263387248965
"Harmony","PC2",2,0.0853454971053428,"Age",0.00146929642326144,0.369156414961585,551,0.626844181188285
"Harmony","PC2",2,0.0853454971053428,"Sex_observed",0.000155499278234594,0.770242085725112,551,0.896640202560319
"Harmony","PC2",2,0.0853454971053428,"Sex_predicted",5.82275151813459e-05,0.825840009972928,834,0.956051812504141
"Harmony","PC2",2,0.0853454971053428,"Sampling_day",0.000402269265862382,0.685538468445061,410,0.996871945501572
"Harmony","PC2",2,0.0853454971053428,"QC_nCells",0.0725968788206287,2.44676092546125e-15,834,2.44676092546125e-14
"Harmony","PC2",2,0.0853454971053428,"QC_meanTSS",0.00279512480454799,0.127113933328053,834,0.423713111093511
"Harmony","PC2",2,0.0853454971053428,"QC_meanLog10Frags",1.51846884652146e-05,0.910533040964418,834,0.910533040964418
"Harmony","PC2",2,0.0853454971053428,"QC_meanFRIP",0.00369162170288022,0.0794916661497592,834,0.198729165374398
"Harmony","PC3",3,0.0662952627995992,"CellType",0.935168289077342,0,834,0
"Harmony","PC3",3,0.0662952627995992,"Cohort",0.000845065103680646,0.872704475686052,834,0.969671639651169
"Harmony","PC3",3,0.0662952627995992,"Control_status",0.000154760924426679,0.719790327581799,834,0.719790327581799
"Harmony","PC3",3,0.0662952627995992,"Exposure_group",0.00595831168416879,0.976633632031049,834,0.999777826659473
"Harmony","PC3",3,0.0662952627995992,"Age",0.00063633370435104,0.554600191866716,551,0.693250239833395
"Harmony","PC3",3,0.0662952627995992,"Sex_observed",0.0033395816937874,0.17555843473978,551,0.438896086849451
"Harmony","PC3",3,0.0662952627995992,"Sex_predicted",0.000367572817836188,0.580335210117911,834,0.956051812504141
"Harmony","PC3",3,0.0662952627995992,"Sampling_day",0.000227689917957763,0.760654418340843,410,0.996871945501572
"Harmony","PC3",3,0.0662952627995992,"QC_nCells",0.00254061380205524,0.145842129913708,834,0.182302662392135
"Harmony","PC3",3,0.0662952627995992,"QC_meanTSS",0.00113281701649852,0.331643045176892,834,0.552738408628154
"Harmony","PC3",3,0.0662952627995992,"QC_meanLog10Frags",0.00109597069342435,0.339637384876671,834,0.566062308127784
"Harmony","PC3",3,0.0662952627995992,"QC_meanFRIP",7.77383156861297e-07,0.979716537674242,834,0.979716537674242
"Harmony","PC4",4,0.0567819545623112,"CellType",0.503637495075021,4.94368624508301e-117,834,4.94368624508301e-117
"Harmony","PC4",4,0.0567819545623112,"Cohort",0.0202593388834482,0.000707368054358887,834,0.00372160664029193
"Harmony","PC4",4,0.0567819545623112,"Control_status",0.00136561167940448,0.286439241146016,834,0.477398735243361
"Harmony","PC4",4,0.0567819545623112,"Exposure_group",0.101050622183919,3.46747415632127e-13,834,3.46747415632127e-12
"Harmony","PC4",4,0.0567819545623112,"Age",0.00518421189647834,0.0913205928959481,551,0.474761006723899
"Harmony","PC4",4,0.0567819545623112,"Sex_observed",0.013571860043739,0.006186525863932,551,0.06186525863932
"Harmony","PC4",4,0.0567819545623112,"Sex_predicted",0.00327139094577056,0.0988115375903393,834,0.592902402734561
"Harmony","PC4",4,0.0567819545623112,"Sampling_day",6.40477837990245e-06,0.959255602678873,410,0.996871945501572
"Harmony","PC4",4,0.0567819545623112,"QC_nCells",0.000571130460989802,0.490681849965763,834,0.545202055517515
"Harmony","PC4",4,0.0567819545623112,"QC_meanTSS",0.0117504829230508,0.00171838505503612,834,0.00859192527518062
"Harmony","PC4",4,0.0567819545623112,"QC_meanLog10Frags",0.0511825040216969,3.85491409064357e-11,834,3.85491409064357e-10
"Harmony","PC4",4,0.0567819545623112,"QC_meanFRIP",0.0329062458666898,1.33011644962845e-07,834,1.33011644962845e-06
"Harmony","PC5",5,0.0507319484338195,"CellType",0.888992615258054,0,834,0
"Harmony","PC5",5,0.0507319484338195,"Cohort",0.00391798486213323,0.353209886443601,834,0.706419772887202
"Harmony","PC5",5,0.0507319484338195,"Control_status",0.00175734243521941,0.226530210800002,834,0.477398735243361
"Harmony","PC5",5,0.0507319484338195,"Exposure_group",0.0164447423954624,0.396197337870902,834,0.565996196958431
"Harmony","PC5",5,0.0507319484338195,"Age",0.000351576730204521,0.660535440965438,551,0.733928267739375
"Harmony","PC5",5,0.0507319484338195,"Sex_observed",0.00153072435415719,0.359326420891314,551,0.718652841782627
"Harmony","PC5",5,0.0507319484338195,"Sex_predicted",0.00218081139394621,0.177870720820368,834,0.592902402734561
"Harmony","PC5",5,0.0507319484338195,"Sampling_day",3.77174892934343e-08,0.996871945501572,410,0.996871945501572
"Harmony","PC5",5,0.0507319484338195,"QC_nCells",0.0430860863697798,1.43486345109208e-09,834,4.78287817030694e-09
"Harmony","PC5",5,0.0507319484338195,"QC_meanTSS",0.0015031071886346,0.263404659445829,834,0.526809318891657
"Harmony","PC5",5,0.0507319484338195,"QC_meanLog10Frags",0.00524686279879367,0.0364857985589558,834,0.0912144963973895
"Harmony","PC5",5,0.0507319484338195,"QC_meanFRIP",0.00302234170899597,0.11263299906827,834,0.225265998136541
"Harmony","PC6",6,0.0473244437894799,"CellType",0.931325002837259,0,834,0
"Harmony","PC6",6,0.0473244437894799,"Cohort",0.00101854428967673,0.838355942757203,834,0.969671639651169
"Harmony","PC6",6,0.0473244437894799,"Control_status",0.00548739737550427,0.0324353491595178,834,0.162176745797589
"Harmony","PC6",6,0.0473244437894799,"Exposure_group",0.0187464690532467,0.270158032349379,834,0.450263387248965
"Harmony","PC6",6,0.0473244437894799,"Age",0.00109227798439043,0.438790926831799,551,0.626844181188285
"Harmony","PC6",6,0.0473244437894799,"Sex_observed",5.8660305281344e-05,0.857641631670001,551,0.896640202560319
"Harmony","PC6",6,0.0473244437894799,"Sex_predicted",8.32412586866618e-05,0.792478791204365,834,0.956051812504141
"Harmony","PC6",6,0.0473244437894799,"Sampling_day",0.000937604187612536,0.536399790041571,410,0.996871945501572
"Harmony","PC6",6,0.0473244437894799,"QC_nCells",0.00364617766489366,0.0813692230597826,834,0.116241747228261
"Harmony","PC6",6,0.0473244437894799,"QC_meanTSS",0.00064382008123014,0.46429996039315,834,0.663285657704501
"Harmony","PC6",6,0.0473244437894799,"QC_meanLog10Frags",0.000189229136469048,0.691599803188832,834,0.86449975398604
"Harmony","PC6",6,0.0473244437894799,"QC_meanFRIP",0.000107645216692789,0.764798679527782,834,0.955998349409727
"Harmony","PC7",7,0.0426855195937674,"CellType",0.81726218671438,1.88202292071472e-294,834,3.13670486785786e-294
"Harmony","PC7",7,0.0426855195937674,"Cohort",0.00223415497436591,0.602494182293651,834,0.969671639651169
"Harmony","PC7",7,0.0426855195937674,"Control_status",0.000430192280088656,0.549740690377523,834,0.687175862971904
"Harmony","PC7",7,0.0426855195937674,"Exposure_group",0.0053474175629991,0.985757461806079,834,0.999777826659473
"Harmony","PC7",7,0.0426855195937674,"Age",0.00125084504198504,0.407351163469192,551,0.626844181188285
"Harmony","PC7",7,0.0426855195937674,"Sex_observed",6.00747458072711e-05,0.855954050363019,551,0.896640202560319
"Harmony","PC7",7,0.0426855195937674,"Sex_predicted",0.00099791071672542,0.362221282413681,834,0.905553206034202
"Harmony","PC7",7,0.0426855195937674,"Sampling_day",0.000246498936583643,0.75127738273874,410,0.996871945501572
"Harmony","PC7",7,0.0426855195937674,"QC_nCells",7.75515460169946e-05,0.799540239559488,834,0.799540239559488
"Harmony","PC7",7,0.0426855195937674,"QC_meanTSS",6.13648270977494e-05,0.821286740424001,834,0.862301060513718
"Harmony","PC7",7,0.0426855195937674,"QC_meanLog10Frags",0.00461917942272281,0.0497534811061832,834,0.0995069622123665
"Harmony","PC7",7,0.0426855195937674,"QC_meanFRIP",0.00446490244594097,0.0537360185077146,834,0.179120061692382
"Harmony","PC8",8,0.036901683280976,"CellType",0.612179353596135,1.0659344206136e-160,834,1.332418025767e-160
"Harmony","PC8",8,0.036901683280976,"Cohort",0.0100879958756044,0.0380734314857296,834,0.126911438285765
"Harmony","PC8",8,0.036901683280976,"Control_status",0.00640386544173647,0.0208182967911402,834,0.162176745797589
"Harmony","PC8",8,0.036901683280976,"Exposure_group",0.0431042322217931,0.000519547897702795,834,0.00173182632567598
"Harmony","PC8",8,0.036901683280976,"Age",0.00507068027948399,0.0949522013447798,551,0.474761006723899
"Harmony","PC8",8,0.036901683280976,"Sex_observed",0.00409688421332316,0.133462671622305,551,0.438896086849451
"Harmony","PC8",8,0.036901683280976,"Sex_predicted",3.65239927105806e-06,0.956051812504141,834,0.956051812504141
"Harmony","PC8",8,0.036901683280976,"Sampling_day",0.000249811844491998,0.749666946271605,410,0.996871945501572
"Harmony","PC8",8,0.036901683280976,"QC_nCells",0.0238410565729748,7.4893195269185e-06,834,1.87232988172962e-05
"Harmony","PC8",8,0.036901683280976,"QC_meanTSS",0.00213508743018698,0.182490616221666,834,0.456226540554165
"Harmony","PC8",8,0.036901683280976,"QC_meanLog10Frags",0.00570801999601522,0.0291316219323579,834,0.0912144963973895
"Harmony","PC8",8,0.036901683280976,"QC_meanFRIP",0.00205373289932158,0.191058646855932,834,0.31843107809322
"Harmony","PC9",9,0.030766760236941,"CellType",0.733913168837839,1.37463581463864e-227,834,1.96376544948377e-227
"Harmony","PC9",9,0.030766760236941,"Cohort",0.00105856870907354,0.830346196061391,834,0.969671639651169
"Harmony","PC9",9,0.030766760236941,"Control_status",0.00147400433333057,0.268081158107597,834,0.477398735243361
"Harmony","PC9",9,0.030766760236941,"Exposure_group",0.036778235800276,0.00344981907703199,834,0.00862454769257997
"Harmony","PC9",9,0.030766760236941,"Age",0.00310355097432719,0.191642431688577,551,0.626844181188285
"Harmony","PC9",9,0.030766760236941,"Sex_observed",0.0107654398302797,0.0148273681484378,551,0.0741368407421889
"Harmony","PC9",9,0.030766760236941,"Sex_predicted",3.41358803757432e-05,0.866208095551921,834,0.956051812504141
"Harmony","PC9",9,0.030766760236941,"Sampling_day",0.000142163310608318,0.809788891974747,410,0.996871945501572
"Harmony","PC9",9,0.030766760236941,"QC_nCells",0.0482970710260587,1.4017003112009e-10,834,7.00850155600449e-10
"Harmony","PC9",9,0.030766760236941,"QC_meanTSS",3.61790513942744e-05,0.862301060513718,834,0.862301060513718
"Harmony","PC9",9,0.030766760236941,"QC_meanLog10Frags",0.00786942124816907,0.0103752172638865,834,0.0518760863194326
"Harmony","PC9",9,0.030766760236941,"QC_meanFRIP",0.0109595061339555,0.00246938492590853,834,0.0123469246295426
"Harmony","PC10",10,0.027289115940995,"CellType",0.574132295471275,4.04985900089676e-144,834,4.49984333432973e-144
"Harmony","PC10",10,0.027289115940995,"Cohort",0.0201324553195943,0.000744321328058387,834,0.00372160664029193
"Harmony","PC10",10,0.027289115940995,"Control_status",0.000778092997424488,0.421102508200376,834,0.601575011714823
"Harmony","PC10",10,0.027289115940995,"Exposure_group",0.0570182072724566,5.46146387248694e-06,834,2.73073193624347e-05
"Harmony","PC10",10,0.027289115940995,"Age",0.00186249867236909,0.311918780212917,551,0.626844181188285
"Harmony","PC10",10,0.027289115940995,"Sex_observed",3.07666316342197e-05,0.896640202560319,551,0.896640202560319
"Harmony","PC10",10,0.027289115940995,"Sex_predicted",0.00248229161463728,0.150557618035477,834,0.592902402734561
"Harmony","PC10",10,0.027289115940995,"Sampling_day",0.00265675172490325,0.297789267813641,410,0.996871945501572
"Harmony","PC10",10,0.027289115940995,"QC_nCells",0.013993527812383,0.000619048298841803,834,0.00123809659768361
"Harmony","PC10",10,0.027289115940995,"QC_meanTSS",0.0140584691440156,0.000601097700103147,834,0.00601097700103147
"Harmony","PC10",10,0.027289115940995,"QC_meanLog10Frags",0.000783600761618908,0.419462877810253,834,0.599232682586076
"Harmony","PC10",10,0.027289115940995,"QC_meanFRIP",6.09273670822965e-06,0.943257101036822,834,0.979716537674242
