"motif","zdiff","p","donors_consistent","padj","mlog10padj","robust","group"
"PITX2_504",-1.596,1.187e-283,4,1.032e-280,50,TRUE,"Other"
"NFATC2_716",-1.469,1.076e-250,4,3.117e-248,50,TRUE,"Other"
"NFATC3_713",-1.444,1.614e-257,4,7.011e-255,50,TRUE,"Other"
"RUNX1_733",1.388,4.997e-92,4,8.351e-91,50,TRUE,"Tex"
"TOPORS_814",-1.305,2.388e-238,4,5.188e-236,50,TRUE,"Other"
"RUNX2_732",1.243,1.27e-80,4,1.781e-79,50,TRUE,"Tex"
"ENSG00000250096_734",1.243,1.27e-80,4,1.781e-79,50,TRUE,"Tex"
"RFX6_729",-1.117,4.805e-209,4,6.96e-207,50,TRUE,"Other"
"ARID3A_6",-1.072,4.829e-219,4,8.392e-217,50,TRUE,"Other"
"RELA_722",-1.034,5.654e-80,4,7.799e-79,50,TRUE,"Other"
"NFATC4_715",-0.9819,1.206e-153,4,6.988e-152,50,TRUE,"Other"
"NFKB1_719",-0.9556,2.041e-84,4,3.167e-83,50,TRUE,"Other"
"CBFB_801",0.9535,3.26e-65,4,3.455e-64,50,TRUE,"Tex"
"HOXD8_537",-0.9429,9.824e-124,4,2.846e-122,50,TRUE,"Other"
"SNAI2_161",-0.9363,7.262e-75,4,9.28e-74,50,TRUE,"Other"
"NFYC_800",0.9141,3.766e-65,4,3.943e-64,50,TRUE,"Tex"
"FOXK1_364",0.9106,1.82e-178,4,1.977e-176,50,TRUE,"Tex"
"KIAA0415_381",0.9106,1.82e-178,4,1.977e-176,50,TRUE,"Tex"
"HMGA1_12",-0.9036,2.554e-149,4,1.306e-147,50,TRUE,"Other"
"NR2E1_665",-0.889,1.48e-120,4,4.018e-119,50,TRUE,"Other"
"PBX3_518",0.8643,2.638e-54,4,2.204e-53,50,TRUE,"Tex"
"FOXP3_348",0.8557,3.435e-156,4,2.132e-154,50,TRUE,"Tex"
"FOXD4L3_832",0.8557,3.435e-156,4,2.132e-154,50,TRUE,"Tex"
"FOXD4L5_833",0.8557,3.435e-156,4,2.132e-154,50,TRUE,"Tex"
"FOXD4L6_834",0.8557,3.435e-156,4,2.132e-154,50,TRUE,"Tex"
"FOXD4L4_856",0.8557,3.435e-156,4,2.132e-154,50,TRUE,"Tex"
"FOXD4L2_857",0.8557,3.435e-156,4,2.132e-154,50,TRUE,"Tex"
"ZSCAN4_263",0.8536,6.259e-108,4,1.511e-106,50,TRUE,"Tex"
"REL_721",-0.8401,1e-84,4,1.58e-83,50,TRUE,"Other"
"HIVEP1_170",-0.8297,9.165e-100,4,1.625e-98,50,TRUE,"Other"
"HIVEP3_824",-0.8297,9.165e-100,4,1.625e-98,50,TRUE,"Other"
"FOXP2_356",0.825,1.296e-149,4,7.041e-148,50,TRUE,"Tex"
"NHLH2_80",0.8226,3.845e-102,4,7.108e-101,50,TRUE,"Tex"
"NFYB_807",0.8192,5.108e-45,4,3.468e-44,43.46,TRUE,"Tex"
"NFKB2_714",-0.8034,2.212e-66,4,2.465e-65,50,TRUE,"Other"
"FOXO3_354",0.7919,1.379e-132,4,4.994e-131,50,TRUE,"Tex"
"FOXE3_376",0.7919,1.379e-132,4,4.994e-131,50,TRUE,"Tex"
"FOXD1_382",0.7919,1.379e-132,4,4.994e-131,50,TRUE,"Tex"
"SP4_180",0.7915,4.553e-57,4,4.038e-56,50,TRUE,"Tex"
"FOXK2_360",0.7892,9.064e-134,4,4.376e-132,50,TRUE,"Tex"
"SNAI1_199",-0.7843,6.346e-61,4,6.127e-60,50,TRUE,"Other"
"AC0021266_638",-0.7836,8.561e-110,4,2.188e-108,50,TRUE,"Other"
"MEF2B_643",-0.7836,8.561e-110,4,2.188e-108,50,TRUE,"Other"
"FOXN3_829",0.7813,6.678e-133,4,2.763e-131,50,TRUE,"Tex"
"FOXN2_854",0.7813,6.678e-133,4,2.763e-131,50,TRUE,"Tex"
"FOXL2_855",0.7813,6.678e-133,4,2.763e-131,50,TRUE,"Tex"
"FOXA1_357",0.7744,7.051e-126,4,2.113e-124,50,TRUE,"Tex"
"NFYA_288",0.7654,1.765e-45,4,1.208e-44,43.92,TRUE,"Tex"
"ZNF524_243",-0.7597,1.803e-102,4,3.405e-101,50,TRUE,"Other"
"FOXD4_830",0.7569,3.651e-128,4,1.175e-126,50,TRUE,"Tex"
"FOXD4L1_831",0.7569,3.651e-128,4,1.175e-126,50,TRUE,"Tex"
"FOXJ1_853",0.7569,3.651e-128,4,1.175e-126,50,TRUE,"Tex"
"ZNF384_202",-0.7539,5.197e-121,4,1.457e-119,50,TRUE,"Other"
"IRF1_629",-0.7522,2.075e-106,4,4.508e-105,50,TRUE,"Other"
"IKZF4_197",-0.7498,8.102e-108,4,1.853e-106,50,TRUE,"Other"
"IKZF1_270",-0.7498,8.102e-108,4,1.853e-106,50,TRUE,"Other"
"ZEB1_157",-0.7473,7.306e-41,4,4.319e-40,39.36,TRUE,"Other"
"NFATC1_720",-0.747,3.228e-126,4,1.002e-124,50,TRUE,"Other"
"PLAGL1_190",-0.7427,2.102e-88,4,3.447e-87,50,TRUE,"Other"
"CTCFL_198",-0.7283,4.958e-36,4,2.505e-35,34.6,TRUE,"Other"
"SNAI3_268",0.7283,2.19e-108,4,5.438e-107,50,TRUE,"Tex"
"DDIT3_141",-0.7248,3.452e-103,4,6.665e-102,50,TRUE,"Other"
"KLF2_846",0.7169,6.654e-50,4,5.072e-49,48.29,TRUE,"Tex"
"TGIF2LX_492",0.7037,1.568e-72,4,1.947e-71,50,TRUE,"Tex"
"TGIF2LY_538",0.7037,1.568e-72,4,1.947e-71,50,TRUE,"Tex"
"ASCL1_843",0.702,2.366e-66,4,2.603e-65,50,TRUE,"Tex"
"ID3_38",-0.7005,3.072e-41,4,1.854e-40,39.73,TRUE,"Other"
"ID4_75",-0.7005,3.072e-41,4,1.854e-40,39.73,TRUE,"Other"
"KLF7_189",0.7003,4.275e-63,4,4.32e-62,50,TRUE,"Tex"
"FOXP1_353",0.699,6.369e-106,4,1.258e-104,50,TRUE,"Tex"
"FOXP4_358",0.699,6.369e-106,4,1.258e-104,50,TRUE,"Tex"
"FOXO1_361",0.699,6.369e-106,4,1.258e-104,50,TRUE,"Tex"
"FOXG1_368",0.699,6.369e-106,4,1.258e-104,50,TRUE,"Tex"
"TCF4_97",-0.6982,5.221e-37,3,2.733e-36,35.56,FALSE,"NO"
"STAT2_778",-0.6944,2.631e-82,4,3.875e-81,50,TRUE,"Other"
"FUBP1_809",-0.6882,5.117e-107,4,1.14e-105,50,TRUE,"Other"
"NFAT5_717",-0.6839,9.776e-94,4,1.666e-92,50,TRUE,"Other"
"RELB_718",-0.6777,7.758e-59,4,7.328e-58,50,TRUE,"Other"
"ENSG00000234254_595",0.6749,2.993e-94,4,5.202e-93,50,TRUE,"Tex"
"SP6_275",0.6738,4.768e-40,4,2.744e-39,38.56,TRUE,"Tex"
"SP5_279",0.6738,4.768e-40,4,2.744e-39,38.56,TRUE,"Tex"
"EBF1_67",-0.6693,5.656e-57,4,4.965e-56,50,TRUE,"Other"
"KLF14_251",0.6632,1.003e-37,4,5.413e-37,36.27,TRUE,"Tex"
"KLF11_847",0.6632,1.003e-37,4,5.413e-37,36.27,TRUE,"Tex"
"MEF2A_639",-0.6464,8.22e-81,4,1.191e-79,50,TRUE,"Other"
"CEBPZ_806",0.6452,1.818e-29,4,7.859e-29,28.1,TRUE,"Tex"
"ZIC5_210",-0.643,2.218e-76,4,2.92e-75,50,TRUE,"Other"
"ATOH8_71",-0.6385,1.86e-40,3,1.092e-39,38.96,FALSE,"NO"
"KLF1_179",0.6274,9.647e-54,4,7.984e-53,50,TRUE,"Tex"
"CIC_749",0.6257,3.027e-67,4,3.416e-66,50,TRUE,"Tex"
"PLAG1_264",-0.6254,4.006e-79,4,5.355e-78,50,TRUE,"Other"
"FIGLA_88",-0.6177,1.002e-42,4,6.453e-42,41.19,TRUE,"Other"
"RFX3_723",-0.6175,7.107e-83,4,1.065e-81,50,TRUE,"Other"
"FOXE1_371",-0.6135,5.815e-87,4,9.358e-86,50,TRUE,"Other"
"NKX61_502",-0.6062,1.501e-83,4,2.288e-82,50,TRUE,"Other"
"ZSCAN16_277",0.5925,1.043e-71,4,1.276e-70,50,TRUE,"Tex"
"SMAD1_744",0.5918,1.508e-47,4,1.083e-46,45.97,TRUE,"Tex"
"ONECUT2_293",-0.589,4.311e-71,4,5.062e-70,50,TRUE,"Other"
"MAFB_150",0.5888,2.827e-71,4,3.365e-70,50,TRUE,"Tex"
"ASCL2_89",0.582,2.797e-52,4,2.19e-51,50,TRUE,"Tex"
"ONECUT1_295",-0.5817,9.189e-70,4,1.065e-68,50,TRUE,"Other"
"ZIC3_215",-0.5799,2.604e-52,4,2.057e-51,50,TRUE,"Other"
"KLF5_175",0.5775,2.086e-71,4,2.517e-70,50,TRUE,"Tex"
"KLF4_208",0.5724,1.34e-57,4,1.239e-56,50,TRUE,"Tex"
"MEF2C_640",-0.5714,2.697e-76,4,3.498e-75,50,TRUE,"Other"
"SP3_247",0.5648,9.328e-50,4,7.049e-49,48.15,TRUE,"Tex"
"KLF16_205",0.5633,1.113e-49,4,8.27e-49,48.08,TRUE,"Tex"
"IRF7_635",-0.556,6.997e-66,4,7.6e-65,50,TRUE,"Other"
"EPAS1_36",0.5529,4.447e-53,4,3.578e-52,50,TRUE,"Tex"
"ARX_394",-0.5508,1.315e-64,4,1.361e-63,50,TRUE,"Other"
"YBX2_827",-0.5452,3.005e-57,4,2.72e-56,50,TRUE,"Other"
"CSDA_828",-0.5452,3.005e-57,4,2.72e-56,50,TRUE,"Other"
"ZIC1_213",-0.5407,1.145e-55,4,9.847e-55,50,TRUE,"Other"
"KLF3_184",0.5406,6.143e-41,4,3.657e-40,39.44,TRUE,"Tex"
"RFX4_725",-0.5391,3.383e-64,4,3.459e-63,50,TRUE,"Other"
"MYOG_41",0.535,4.691e-47,4,3.341e-46,45.48,TRUE,"Tex"
"ZBTB3_269",-0.5338,8.141e-44,4,5.319e-43,42.27,TRUE,"Other"
"ZFP161_850",0.531,7.658e-66,4,8.216e-65,50,TRUE,"Tex"
"SP8_226",0.5295,2.277e-33,4,1.064e-32,31.97,TRUE,"Tex"
"SP7_241",0.5295,2.277e-33,4,1.064e-32,31.97,TRUE,"Tex"
"SP9_283",0.5295,2.277e-33,4,1.064e-32,31.97,TRUE,"Tex"
"TWIST1_42",-0.5291,1.285e-32,3,5.815e-32,31.24,FALSE,"NO"
"STAT5A_774",-0.5271,5.021e-68,4,5.741e-67,50,TRUE,"Other"
"MAF_144",0.5248,6.982e-57,4,6.067e-56,50,TRUE,"Tex"
"MAFK_149",0.5171,9.388e-45,4,6.276e-44,43.2,TRUE,"Tex"
"EGR2_196",0.5098,4.704e-60,4,4.492e-59,50,TRUE,"Tex"
"NFIC_740",0.5097,3.348e-61,4,3.269e-60,50,TRUE,"Tex"
"TGIF1_541",0.5087,1.144e-54,4,9.655e-54,50,TRUE,"Tex"
"FOXB2_380",0.5061,1.272e-62,4,1.271e-61,50,TRUE,"Tex"
"RBPJ_291",-0.506,4.31e-57,4,3.862e-56,50,TRUE,"Other"
"CTCF_177",-0.5036,1.986e-08,3,3.818e-08,7.418,FALSE,"NO"
"TEAD4_797",-0.5001,3.972e-53,4,3.226e-52,50,TRUE,"Other"
"STAT5B_779",-0.4983,2.249e-58,4,2.101e-57,50,TRUE,"Other"
"MAFF_147",0.498,1.94e-43,4,1.258e-42,41.9,TRUE,"Tex"
"HMG20B_748",-0.4911,3.815e-51,4,2.934e-50,49.53,TRUE,"Other"
"ELF2_326",0.4909,8.61e-40,4,4.89e-39,38.31,TRUE,"Tex"
"ONECUT3_296",-0.4879,2.606e-53,4,2.137e-52,50,TRUE,"Other"
"GLIS2_201",-0.484,1.193e-51,4,9.254e-51,50,TRUE,"Other"
"BRCA1_319",0.4822,9.022e-53,4,7.193e-52,50,TRUE,"Tex"
"MEIS3_411",0.4799,9.532e-50,4,7.141e-49,48.15,TRUE,"Tex"
"TBR1_786",0.4765,1.047e-24,4,3.84e-24,23.42,TRUE,"Tex"
"MEF2D_642",-0.4733,1.16e-49,4,8.545e-49,48.07,TRUE,"Other"
"AL8445277_699",-0.4706,1.62e-42,4,1.006e-41,41,TRUE,"Other"
"AL6628245_700",-0.4706,1.62e-42,4,1.006e-41,41,TRUE,"Other"
"CR7597334_701",-0.4706,1.62e-42,4,1.006e-41,41,TRUE,"Other"
"CR3545653_702",-0.4706,1.62e-42,4,1.006e-41,41,TRUE,"Other"
"CR9368773_703",-0.4706,1.62e-42,4,1.006e-41,41,TRUE,"Other"
"YBX1_290",0.4659,9.05e-30,3,3.952e-29,28.4,FALSE,"NO"
"EOMES_788",0.4654,2.193e-19,4,7.032e-19,18.15,TRUE,"Tex"
"CPEB1_815",-0.4619,1.762e-48,4,1.276e-47,46.89,TRUE,"Other"
"WT1_266",0.4575,7.307e-80,4,9.922e-79,50,TRUE,"Tex"
"ARID3C_10",-0.4479,5.332e-46,4,3.707e-45,44.43,TRUE,"Other"
"ATF3_132",-0.446,8.075e-49,4,5.897e-48,47.23,TRUE,"Other"
"BARX1_468",-0.4438,2.392e-46,4,1.69e-45,44.77,TRUE,"Other"
"RUNX3_731",0.4436,1.902e-20,3,6.285e-20,19.2,FALSE,"NO"
"RARB_659",-0.4361,1.876e-39,4,1.045e-38,37.98,TRUE,"Other"
"POU4F1_616",-0.4319,3.371e-42,4,2.077e-41,40.68,TRUE,"Other"
"USF1_60",-0.4291,3.247e-46,4,2.275e-45,44.64,TRUE,"Other"
"ZBTB1_203",-0.4288,8.415e-45,4,5.669e-44,43.25,TRUE,"Other"
"ZNF202_230",-0.4248,5.622e-35,4,2.792e-34,33.55,TRUE,"Other"
"SP2_232",0.4196,9.088e-39,4,5.03e-38,37.3,TRUE,"Tex"
"SP1_267",0.4194,4.51e-37,4,2.39e-36,35.62,TRUE,"Tex"
"ELK3_327",-0.4193,1.637e-45,4,1.129e-44,43.95,TRUE,"Other"
"TEAD3_795",-0.4143,4.252e-37,4,2.267e-36,35.64,TRUE,"Other"
"STAT1_773",-0.4139,3.076e-44,4,2.041e-43,42.69,TRUE,"Other"
"EGR1_195",0.4127,2.539e-55,4,2.163e-54,50,TRUE,"Tex"
"NR5A2_667",-0.4122,1.344e-33,4,6.419e-33,32.19,TRUE,"Other"
"PROP1_535",-0.4121,2.082e-38,4,1.138e-37,36.94,TRUE,"Other"
"ESR1_661",-0.4118,1.226e-28,4,5.172e-28,27.29,TRUE,"Other"
"IRF3_630",-0.4094,1.927e-28,4,8.09e-28,27.09,TRUE,"Other"
"E2F7_316",-0.4053,7.569e-40,4,4.327e-39,38.36,TRUE,"Other"
"HMGA2_13",-0.4048,4.76e-37,4,2.507e-36,35.6,TRUE,"Other"
"ARNTL2_16",-0.4042,4.572e-40,4,2.667e-39,38.57,TRUE,"Other"
"MAX_14",-0.4034,8.904e-40,4,5.024e-39,38.3,TRUE,"Other"
"FOSB_121",0.3964,7.431e-18,4,2.258e-17,16.65,TRUE,"Tex"
"TFAP4_23",0.3938,5.04e-27,4,2.037e-26,25.69,TRUE,"Tex"
"ETV4_345",-0.3935,4.119e-41,4,2.469e-40,39.61,TRUE,"Other"
"RFX2_724",-0.3928,1.423e-36,4,7.319e-36,35.14,TRUE,"Other"
"DRGX_516",-0.3899,1.271e-37,4,6.818e-37,36.17,TRUE,"Other"
"MAFA_146",0.389,3.172e-36,4,1.612e-35,34.79,TRUE,"Tex"
"TGIF2_441",0.3889,2.603e-24,4,9.384e-24,23.03,TRUE,"Tex"
"ELK1_331",-0.386,1.198e-39,4,6.717e-39,38.17,TRUE,"Other"
"ZFY_166",-0.3851,3.881e-44,4,2.555e-43,42.59,TRUE,"Other"
"TFAP2D_2",-0.3845,1.366e-62,4,1.349e-61,50,TRUE,"Other"
"ETV1_320",-0.3821,1.474e-38,4,8.106e-38,37.09,TRUE,"Other"
"LHX3_424",-0.3819,1.042e-33,4,5.031e-33,32.3,TRUE,"Other"
"IRF4_632",0.3812,7.501e-31,4,3.326e-30,29.48,TRUE,"Tex"
"HSF2_623",-0.3773,2.612e-35,4,1.305e-34,33.88,TRUE,"Other"
"TWIST2_101",0.3769,1.451e-25,4,5.579e-25,24.25,TRUE,"Tex"
"LCOR_711",-0.3752,5.956e-34,4,2.908e-33,32.54,TRUE,"Other"
"ZIC4_252",-0.3749,1.043e-34,4,5.152e-34,33.29,TRUE,"Other"
"CREB5_127",-0.3749,1.988e-35,4,9.986e-35,34,TRUE,"Other"
"NHLH1_74",0.3741,6.206e-26,4,2.408e-25,24.62,TRUE,"Tex"
"LYL1_818",0.3741,6.206e-26,4,2.408e-25,24.62,TRUE,"Tex"
"ARID3B_8",-0.3739,2.569e-32,4,1.157e-31,30.94,TRUE,"Other"
"LIN54_297",-0.372,5.54e-34,4,2.72e-33,32.57,TRUE,"Other"
"ATF7_138",-0.372,5.331e-37,4,2.774e-36,35.56,TRUE,"Other"
"TEAD1_796",-0.371,1.896e-30,4,8.361e-30,29.08,TRUE,"Other"
"ETV5_347",-0.3699,6.815e-37,4,3.525e-36,35.45,TRUE,"Other"
"ZBTB7B_216",-0.3662,3.067e-32,4,1.374e-31,30.86,TRUE,"Other"
"BHLHE40_51",-0.3659,1.083e-33,4,5.201e-33,32.28,TRUE,"Other"
"HSF1_627",-0.3639,9.08e-33,4,4.175e-32,31.38,TRUE,"Other"
"TBX10_791",0.3625,1.437e-12,4,3.383e-12,11.47,TRUE,"Tex"
"KLF6_165",0.3593,6.851e-29,4,2.918e-28,27.53,TRUE,"Tex"
"HOXC6_561",-0.358,2.051e-33,4,9.741e-33,32.01,TRUE,"Other"
"ETV7_321",0.3544,1.597e-25,4,6.088e-25,24.22,TRUE,"Tex"
"EGR4_207",0.3527,9.087e-29,4,3.852e-28,27.41,TRUE,"Tex"
"NEUROD1_63",-0.3524,3.36e-18,4,1.032e-17,16.99,TRUE,"Other"
"FOXD2_374",-0.3518,8.206e-34,4,3.984e-33,32.4,TRUE,"Other"
"FLI1_337",-0.3515,2.971e-36,4,1.519e-35,34.82,TRUE,"Other"
"KLF13_238",0.3504,2.089e-14,2,5.403e-14,13.27,FALSE,"NO"
"KLF10_826",0.3504,2.089e-14,2,5.403e-14,13.27,FALSE,"NO"
"MLXIPL_15",-0.3502,2.399e-33,4,1.115e-32,31.95,TRUE,"Other"
"BHLHE41_44",-0.3489,9.351e-33,4,4.277e-32,31.37,TRUE,"Other"
"ALX4_401",-0.348,6.319e-29,4,2.705e-28,27.57,TRUE,"Other"
"NFIL3_133",-0.3448,2.323e-31,4,1.035e-30,29.99,TRUE,"Other"
"MLX_29",-0.344,5.348e-33,4,2.472e-32,31.61,TRUE,"Other"
"MESP1_69",-0.3429,4.294e-10,2,9.078e-10,9.042,FALSE,"NO"
"MESP2_94",-0.3429,4.294e-10,2,9.078e-10,9.042,FALSE,"NO"
"ARNT_57",-0.3388,9.482e-33,4,4.314e-32,31.37,TRUE,"Other"
"LMO2_808",-0.3382,2.66e-14,2,6.799e-14,13.17,FALSE,"NO"
"NRL_123",0.3357,5.819e-25,4,2.18e-24,23.66,TRUE,"Tex"
"ZIC2_162",-0.3354,1.451e-23,4,5.148e-23,22.29,TRUE,"Other"
"ARID5A_9",-0.3353,3.135e-28,4,1.31e-27,26.88,TRUE,"Other"
"ZBTB7C_265",-0.3346,5.55e-28,4,2.308e-27,26.64,TRUE,"Other"
"STAT3_777",-0.3344,2.211e-29,4,9.511e-29,28.02,TRUE,"Other"
"POU4F3_611",-0.3344,7.274e-28,4,3.01e-27,26.52,TRUE,"Other"
"PHOX2B_431",-0.3331,1.172e-27,4,4.802e-27,26.32,TRUE,"Other"
"MXI1_40",-0.3323,8.304e-28,4,3.42e-27,26.47,TRUE,"Other"
"RREB1_200",0.3305,1.842e-14,4,4.806e-14,13.32,TRUE,"Tex"
"BCL6_187",-0.3294,1.746e-26,4,6.959e-26,25.16,TRUE,"Other"
"PHOX2A_512",-0.3286,4.253e-26,4,1.68e-25,24.77,TRUE,"Other"
"TFE3_18",-0.3284,2.246e-27,4,9.119e-27,26.04,TRUE,"Other"
"STAT4_775",-0.3284,6.092e-25,4,2.272e-24,23.64,TRUE,"Other"
"HSF4_624",-0.3275,8.864e-27,4,3.55e-26,25.45,TRUE,"Other"
"REST_168",-0.3259,3.281e-18,4,1.011e-17,17,TRUE,"Other"
"ENO1_803",-0.3244,1.739e-24,4,6.324e-24,23.2,TRUE,"Other"
"PAX1_708",-0.3242,5.355e-30,4,2.35e-29,28.63,TRUE,"Other"
"TBX19_787",0.3229,6.823e-23,4,2.381e-22,21.62,TRUE,"Tex"
"MEIS2_471",0.321,4.227e-20,4,1.381e-19,18.86,TRUE,"Tex"
"ZNF148_222",0.3191,1.093e-41,4,6.69e-41,40.17,TRUE,"Tex"
"TCF12_56",0.3187,3.777e-15,3,1.013e-14,13.99,FALSE,"NO"
"BATF3_120",-0.3157,1.558e-27,4,6.357e-27,26.2,TRUE,"Other"
"SPI1_322",0.3155,2.429e-24,4,8.796e-24,23.06,TRUE,"Tex"
"PAX9_710",-0.3152,6.227e-25,4,2.312e-24,23.64,TRUE,"Other"
"FOXA2_355",0.3148,6.769e-27,4,2.723e-26,25.56,TRUE,"Tex"
"HEYL_65",-0.3131,1.488e-25,4,5.698e-25,24.24,TRUE,"Other"
"TFEB_32",-0.3118,5.161e-26,3,2.029e-25,24.69,FALSE,"NO"
"HOXD12_524",-0.31,5.173e-25,4,1.955e-24,23.71,TRUE,"Other"
"FOXF2_359",0.3099,5.554e-25,4,2.09e-24,23.68,TRUE,"Tex"
"RFX8_730",-0.3094,5.315e-26,4,2.08e-25,24.68,TRUE,"Other"
"TEF_134",-0.3086,4.33e-25,4,1.643e-24,23.78,TRUE,"Other"
"CEBPD_152",-0.3067,1.482e-23,4,5.235e-23,22.28,TRUE,"Other"
"BATF_129",0.3062,7.818e-17,4,2.303e-16,15.64,TRUE,"Tex"
"PITX3_426",-0.3059,4.859e-22,4,1.675e-21,20.78,TRUE,"Other"
"ZBTB6_271",-0.3036,3.705e-21,4,1.253e-20,19.9,TRUE,"Other"
"ARNTL_50",-0.3033,6.482e-25,4,2.397e-24,23.62,TRUE,"Other"
"POU4F2_615",-0.3014,1.213e-21,4,4.135e-21,20.38,TRUE,"Other"
"ZNF35_239",-0.3009,2.18e-26,4,8.649e-26,25.06,TRUE,"Other"
"USF2_26",-0.3007,7.625e-25,3,2.808e-24,23.55,FALSE,"NO"
"MEIS1_486",0.3,1.166e-20,4,3.882e-20,19.41,TRUE,"Tex"
"MYF5_842",0.2994,1.337e-15,4,3.724e-15,14.43,TRUE,"Tex"
"FOXS1_372",0.2983,1.053e-23,4,3.749e-23,22.43,TRUE,"Tex"
"MTF1_274",0.298,5.775e-19,4,1.825e-18,17.74,TRUE,"Tex"
"NEUROG3_43",0.2975,1.028e-18,4,3.227e-18,17.49,TRUE,"Tex"
"PKNOX1_497",0.2944,1.002e-12,4,2.366e-12,11.63,TRUE,"Tex"
"NR2C2_693",-0.2942,1.281e-24,4,4.678e-24,23.33,TRUE,"Other"
"TBX21_780",0.2924,2.138e-16,4,6.09e-16,15.22,TRUE,"Tex"
"OSR2_227",0.2917,3.16e-22,4,1.094e-21,20.96,TRUE,"Tex"
"JUN_143",0.2914,2.298e-08,4,4.399e-08,7.357,TRUE,"Tex"
"TCF7L2_762",0.2912,5.184e-18,4,1.581e-17,16.8,TRUE,"Tex"
"TFEC_27",-0.2903,9.193e-24,3,3.288e-23,22.48,FALSE,"NO"
"ZNF784_262",-0.2903,5.352e-20,4,1.742e-19,18.76,TRUE,"Other"
"SMARCC1_651",0.2903,2.184e-08,4,4.189e-08,7.378,TRUE,"Tex"
"IRF2_634",-0.288,1.769e-11,4,3.922e-11,10.41,TRUE,"Other"
"HEY2_54",-0.2845,6.402e-23,4,2.243e-22,21.65,TRUE,"Other"
"FOS_137",0.2837,2.498e-08,4,4.772e-08,7.321,TRUE,"Tex"
"ZNF281_221",0.2836,4.242e-16,4,1.197e-15,14.92,TRUE,"Tex"
"SRF_641",-0.2833,2.186e-19,4,7.032e-19,18.15,TRUE,"Other"
"ETV3_328",-0.2829,6.121e-23,4,2.154e-22,21.67,TRUE,"Other"
"TFAP2C_3",-0.2811,4.024e-16,3,1.139e-15,14.94,FALSE,"NO"
"FOSL1_142",0.2802,1.074e-07,4,1.973e-07,6.705,TRUE,"Tex"
"HLF_112",-0.2796,1.809e-22,3,6.289e-22,21.2,FALSE,"NO"
"CREM_108",-0.2786,1.838e-20,2,6.097e-20,19.21,FALSE,"NO"
"RORB_865",0.2769,2.767e-14,4,7.052e-14,13.15,TRUE,"Tex"
"NR1D2_841",0.2768,6.716e-15,4,1.785e-14,13.75,TRUE,"Tex"
"MLL_300",0.2752,3.687e-21,4,1.251e-20,19.9,TRUE,"Tex"
"HOXC13_452",-0.2749,2.927e-18,4,9.052e-18,17.04,TRUE,"Other"
"LHX8_498",0.2746,1.161e-10,2,2.491e-10,9.604,FALSE,"NO"
"NR2E3_657",-0.2743,5.705e-19,4,1.809e-18,17.74,TRUE,"Other"
"ETS1_332",-0.2739,3.869e-24,4,1.389e-23,22.86,TRUE,"Other"
"FOSL2_105",0.2719,1.432e-07,4,2.625e-07,6.581,TRUE,"Tex"
"MYCL1_37",-0.2693,3.521e-19,4,1.121e-18,17.95,TRUE,"Other"
"ZNF263_159",0.2673,9.382e-30,4,4.076e-29,28.39,TRUE,"Tex"
"E2F8_314",-0.2659,2.413e-19,4,7.709e-19,18.11,TRUE,"Other"
"NEUROD4_820",0.2645,5.428e-16,4,1.522e-15,14.82,TRUE,"Tex"
"NEUROD6_821",0.2645,5.428e-16,4,1.522e-15,14.82,TRUE,"Tex"
"NKX31_517",-0.2637,8.679e-20,4,2.814e-19,18.55,TRUE,"Other"
"CUX2_292",-0.2634,7.98e-17,4,2.343e-16,15.63,TRUE,"Other"
"ATOH7_84",0.2634,2.125e-16,4,6.075e-16,15.22,TRUE,"Tex"
"ZBTB33_255",0.2634,9e-16,4,2.515e-15,14.6,TRUE,"Tex"
"CREB3L3_104",-0.2631,8.414e-21,2,2.812e-20,19.55,FALSE,"NO"
"CREB3_111",-0.2631,8.414e-21,2,2.812e-20,19.55,FALSE,"NO"
"CREB3L4_126",-0.2631,8.414e-21,2,2.812e-20,19.55,FALSE,"NO"
"HOXC12_454",-0.2626,1.16e-18,4,3.625e-18,17.44,TRUE,"Other"
"FEV_343",-0.2612,2.309e-20,4,7.573e-20,19.12,TRUE,"Other"
"TCF7_750",0.2602,8.128e-17,4,2.378e-16,15.62,TRUE,"Tex"
"HOMEZ_568",-0.2591,7.521e-17,4,2.223e-16,15.65,TRUE,"Other"
"ETS2_340",0.2588,4.027e-15,4,1.077e-14,13.97,TRUE,"Tex"
"ZNF282_240",-0.2578,3.93e-17,4,1.182e-16,15.93,TRUE,"Other"
"ALX1_545",-0.2576,3.612e-18,4,1.105e-17,16.96,TRUE,"Other"
"LHX5_406",-0.257,8.609e-17,4,2.502e-16,15.6,TRUE,"Other"
"LHX1_469",-0.257,8.609e-17,4,2.502e-16,15.6,TRUE,"Other"
"UNCX_507",-0.2565,1.999e-17,4,6.053e-17,16.22,TRUE,"Other"
"CREB1_117",-0.2563,2.18e-20,2,7.176e-20,19.14,FALSE,"NO"
"CREB3L2_145",-0.2554,1.343e-19,4,4.338e-19,18.36,TRUE,"Other"
"IRX2_527",0.2549,2.41e-17,4,7.272e-17,16.14,TRUE,"Tex"
"DBP_110",-0.2548,6.378e-19,4,2.008e-18,17.7,TRUE,"Other"
"SMAD5_866",0.2544,7.691e-22,4,2.631e-21,20.58,TRUE,"Tex"
"ZKSCAN1_181",0.2535,2.124e-14,4,5.478e-14,13.26,TRUE,"Tex"
"INSM1_248",-0.2534,1.285e-14,4,3.375e-14,13.47,TRUE,"Other"
"FOXH1_362",0.2528,5.44e-17,4,1.624e-16,15.79,TRUE,"Tex"
"IRF6_628",-0.2514,6.721e-22,4,2.309e-21,20.64,TRUE,"Other"
"MITF_91",0.2508,6.182e-13,4,1.476e-12,11.83,TRUE,"Tex"
"JDP2_125",0.2494,8.683e-08,4,1.605e-07,6.794,TRUE,"NO"
"HIF1A_24",0.2491,6.261e-17,4,1.857e-16,15.73,TRUE,"NO"
"HDX_511",0.249,3.646e-16,4,1.035e-15,14.98,TRUE,"NO"
"TP63_704",0.2487,7.959e-14,4,1.959e-13,12.71,TRUE,"NO"
"FOXC2_370",-0.2483,5.666e-17,3,1.686e-16,15.77,FALSE,"NO"
"FOXO4_373",0.2479,1.927e-18,4,6.002e-18,17.22,TRUE,"NO"
"HOXD4_523",-0.2476,1.82e-16,4,5.22e-16,15.28,TRUE,"NO"
"PBX1_555",0.2475,8.406e-15,4,2.213e-14,13.65,TRUE,"NO"
"RARA_675",0.2459,6.671e-12,4,1.514e-11,10.82,TRUE,"NO"
"HIC1_254",-0.2454,3.955e-11,4,8.635e-11,10.06,TRUE,"NO"
"NR0B1_811",0.2445,2.073e-15,4,5.683e-15,14.25,TRUE,"NO"
"CEBPB_140",-0.2442,2.841e-15,4,7.667e-15,14.12,TRUE,"NO"
"MYF6_30",0.2436,9.786e-13,4,2.317e-12,11.64,TRUE,"NO"
"BCL11A_194",0.2429,1.463e-15,4,4.036e-15,14.39,TRUE,"NO"
"BCL11B_825",0.2429,1.463e-15,4,4.036e-15,14.39,TRUE,"NO"
"AC2261502_577",0.2408,1.715e-16,4,4.936e-16,15.31,TRUE,"NO"
"RFX7_728",-0.2394,4.079e-17,3,1.222e-16,15.91,FALSE,"NO"
"HBP1_752",-0.2391,9.725e-17,4,2.817e-16,15.55,TRUE,"NO"
"SIX5_540",-0.2386,5.128e-13,3,1.228e-12,11.91,FALSE,"NO"
"HOXB5_445",-0.238,7.23e-14,4,1.795e-13,12.75,TRUE,"NO"
"PITX1_404",-0.2376,3.69e-15,4,9.928e-15,14,TRUE,"NO"
"ZNF143_231",0.2371,3.374e-11,4,7.422e-11,10.13,TRUE,"NO"
"MAFG_148",0.2354,7.722e-14,4,1.906e-13,12.72,TRUE,"NO"
"TBPL2_794",-0.2352,1.317e-16,4,3.802e-16,15.42,TRUE,"NO"
"MYCN_52",-0.2352,1.442e-15,4,4.004e-15,14.4,TRUE,"NO"
"ZBTB4_249",0.2337,4.603e-15,3,1.227e-14,13.91,FALSE,"NO"
"TP73_705",0.2336,3.582e-12,4,8.256e-12,11.08,TRUE,"NO"
"ZBTB7A_258",-0.2333,8.611e-26,4,3.326e-25,24.48,TRUE,"NO"
"ZNF354C_256",-0.2327,1.809e-12,4,4.214e-12,11.38,TRUE,"NO"
"KLF12_191",0.2326,8.24e-11,4,1.777e-10,9.75,TRUE,"NO"
"NFE2_119",0.2323,4.401e-10,4,9.284e-10,9.032,TRUE,"NO"
"TBP_793",-0.2317,8.364e-15,4,2.209e-14,13.66,TRUE,"NO"
"IRF9_636",-0.2313,1.924e-07,3,3.49e-07,6.457,FALSE,"NO"
"CR7538031_135",0.2302,2.632e-15,4,7.124e-15,14.15,TRUE,"NO"
"ATF6B_151",0.2302,2.632e-15,4,7.124e-15,14.15,TRUE,"NO"
"CR9257962_153",0.2302,2.632e-15,4,7.124e-15,14.15,TRUE,"NO"
"AL6628286_154",0.2302,2.632e-15,4,7.124e-15,14.15,TRUE,"NO"
"HAND1_33",-0.23,2.521e-12,3,5.843e-12,11.23,FALSE,"NO"
"HAND2_66",-0.23,2.521e-12,3,5.843e-12,11.23,FALSE,"NO"
"NRF1_805",0.2299,4.733e-05,2,7.465e-05,4.127,FALSE,"NO"
"CEBPG_128",-0.2295,2.011e-15,4,5.531e-15,14.26,TRUE,"NO"
"CRX_410",-0.2293,4.053e-13,4,9.729e-13,12.01,TRUE,"NO"
"ZFP42_848",-0.2292,3.961e-09,2,7.914e-09,8.102,FALSE,"NO"
"IRF8_633",-0.2286,1.434e-06,3,2.453e-06,5.61,FALSE,"NO"
"GLIS3_183",-0.2286,2.612e-12,4,6.038e-12,11.22,TRUE,"NO"
"E4F1_234",-0.2284,2.117e-18,3,6.57e-18,17.18,FALSE,"NO"
"NPAS2_72",-0.2253,6.2e-12,4,1.41e-11,10.85,TRUE,"NO"
"ESRRG_697",-0.2247,4.84e-10,4,1.018e-09,8.992,TRUE,"NO"
"RXRA_695",-0.2242,2.101e-13,4,5.086e-13,12.29,TRUE,"NO"
"STAT6_776",0.224,1.536e-12,4,3.608e-12,11.44,TRUE,"NO"
"SMAD9_867",-0.2238,2.514e-10,3,5.341e-10,9.272,FALSE,"NO"
"MECP2_645",-0.2232,8.09e-15,4,2.143e-14,13.67,TRUE,"NO"
"BACH1_130",0.2229,5.802e-06,4,9.696e-06,5.013,TRUE,"NO"
"EGR3_259",0.2218,8.909e-13,3,2.121e-12,11.67,FALSE,"NO"
"FOXC1_349",0.2209,2.343e-13,4,5.656e-13,12.25,TRUE,"NO"
"ZNF32_237",-0.2206,2.065e-14,4,5.372e-14,13.27,TRUE,"NO"
"SOX1_770",-0.2204,1.512e-13,4,3.691e-13,12.43,TRUE,"NO"
"MNT_20",-0.2199,1.224e-13,4,2.997e-13,12.52,TRUE,"NO"
"ZNF740_209",0.2197,7.126e-10,2,1.485e-09,8.828,FALSE,"NO"
"ARNT2_76",-0.2187,7.369e-14,4,1.824e-13,12.74,TRUE,"NO"
"AL7735441_836",0.2185,3.934e-14,4,9.853e-14,13.01,TRUE,"NO"
"CR3882292_837",0.2185,3.934e-14,4,9.853e-14,13.01,TRUE,"NO"
"AL6628334_838",0.2185,3.934e-14,4,9.853e-14,13.01,TRUE,"NO"
"CR7598154_839",0.2185,3.934e-14,4,9.853e-14,13.01,TRUE,"NO"
"BX0885802_840",0.2185,3.934e-14,4,9.853e-14,13.01,TRUE,"NO"
"CR8477943_864",0.2185,3.934e-14,4,9.853e-14,13.01,TRUE,"NO"
"NR6A1_683",-0.218,6.448e-10,4,1.347e-09,8.871,TRUE,"NO"
"TCF23_64",0.218,1.005e-11,4,2.269e-11,10.64,TRUE,"NO"
"JUNB_139",0.2178,1.854e-05,3,3.001e-05,4.523,FALSE,"NO"
"HOXD11_464",-0.2169,2.146e-14,4,5.518e-14,13.26,TRUE,"NO"
"POU3F3_620",-0.2152,1.013e-13,3,2.486e-13,12.6,FALSE,"NO"
"ESRRB_669",-0.2142,1.304e-10,3,2.791e-10,9.554,FALSE,"NO"
"RHOXF1_409",-0.2139,1.432e-11,4,3.207e-11,10.49,TRUE,"NO"
"HMX1_569",-0.2135,1.684e-13,4,4.097e-13,12.39,TRUE,"NO"
"JUND_124",0.2135,2.194e-05,3,3.537e-05,4.451,FALSE,"NO"
"DMRT2_307",-0.2127,1.727e-12,4,4.035e-12,11.39,TRUE,"NO"
"TBX1_792",-0.2123,6.297e-10,3,1.319e-09,8.88,FALSE,"NO"
"GATA1_383",0.212,4.691e-12,4,1.07e-11,10.97,TRUE,"NO"
"ZNF423_176",0.2118,1.187e-09,4,2.463e-09,8.609,TRUE,"NO"
"HNF1A_473",-0.2111,2.212e-14,4,5.67e-14,13.25,TRUE,"NO"
"TFDP2_308",0.2107,4.249e-12,4,9.717e-12,11.01,TRUE,"NO"
"TFDP3_309",0.2107,4.249e-12,4,9.717e-12,11.01,TRUE,"NO"
"TFDP1_310",0.2107,4.249e-12,4,9.717e-12,11.01,TRUE,"NO"
"ERG_339",-0.2073,4.549e-14,3,1.136e-13,12.94,FALSE,"NO"
"POU6F1_551",-0.207,8.793e-11,4,1.891e-10,9.723,TRUE,"NO"
"RORA_658",0.2065,1.643e-09,3,3.375e-09,8.472,FALSE,"NO"
"HES4_95",-0.2058,5.037e-14,4,1.254e-13,12.9,TRUE,"NO"
"IRX4_434",-0.204,2.311e-11,4,5.097e-11,10.29,TRUE,"NO"
"IRX6_495",-0.204,2.311e-11,4,5.097e-11,10.29,TRUE,"NO"
"ESRRA_691",-0.1982,1.826e-08,4,3.534e-08,7.452,TRUE,"NO"
"NEUROG2_81",0.1975,6.724e-09,4,1.331e-08,7.876,TRUE,"NO"
"HES5_98",-0.1972,1.699e-11,4,3.776e-11,10.42,TRUE,"NO"
"HLTF_802",0.1958,2.197e-09,4,4.45e-09,8.352,TRUE,"NO"
"OLIG1_90",0.1954,9.54e-10,4,1.983e-09,8.703,TRUE,"NO"
"DNMT1_301",0.1952,9.612e-13,4,2.282e-12,11.64,TRUE,"NO"
"MLXIP_78",-0.1951,8.21e-11,4,1.775e-10,9.751,TRUE,"NO"
"E2F2_311",-0.1949,1.643e-12,4,3.848e-12,11.41,TRUE,"NO"
"PBX4_861",0.1948,1.177e-11,4,2.651e-11,10.58,TRUE,"NO"
"ERF_325",-0.1945,2.934e-13,3,7.063e-13,12.15,FALSE,"NO"
"HOXA5_416",-0.1919,5.217e-10,4,1.095e-09,8.961,TRUE,"NO"
"HOXA13_418",-0.1918,2.4e-09,4,4.828e-09,8.316,TRUE,"NO"
"GSC_470",-0.1915,6.763e-12,4,1.531e-11,10.82,TRUE,"NO"
"KLF9_192",0.1915,1.688e-13,4,4.097e-13,12.39,TRUE,"NO"
"PRDM1_163",-0.1913,5.823e-09,4,1.158e-08,7.936,TRUE,"NO"
"HOXB8_444",-0.1912,7.122e-11,4,1.547e-10,9.81,TRUE,"NO"
"UBP1_393",0.1907,1.919e-09,3,3.924e-09,8.406,FALSE,"NO"
"TCF7L1_763",0.1904,2.155e-10,4,4.589e-10,9.338,TRUE,"NO"
"SIX1_459",-0.1904,1.894e-10,4,4.044e-10,9.393,TRUE,"NO"
"E2F4_318",0.1863,6.163e-08,3,1.149e-07,6.94,FALSE,"NO"
"BHLHE22_86",0.1862,1.465e-09,4,3.031e-09,8.518,TRUE,"NO"
"TCF21_39",0.1861,4.645e-08,4,8.699e-08,7.061,TRUE,"NO"
"ENSG00000187728_92",0.1861,4.645e-08,4,8.699e-08,7.061,TRUE,"NO"
"CDX2_514",-0.1854,2.484e-09,4,4.985e-09,8.302,TRUE,"NO"
"HES1_34",-0.1823,4.921e-11,4,1.072e-10,9.97,TRUE,"NO"
"HSFY2_625",-0.1822,1.581e-11,4,3.522e-11,10.45,TRUE,"NO"
"HSFY1_626",-0.1822,1.581e-11,4,3.522e-11,10.45,TRUE,"NO"
"DLX6_397",-0.1812,3.694e-11,4,8.087e-11,10.09,TRUE,"NO"
"DPRX_565",-0.181,1.484e-09,4,3.063e-09,8.514,TRUE,"NO"
"SOX14_765",0.1807,1.377e-08,4,2.695e-08,7.57,TRUE,"NO"
"BCL6B_218",-0.1795,1.985e-09,4,4.05e-09,8.393,TRUE,"NO"
"HLX_478",-0.1789,1.047e-08,4,2.054e-08,7.687,TRUE,"NO"
"NFE2L1_106",0.1788,4.636e-08,4,8.699e-08,7.061,TRUE,"NO"
"NFE2L3_845",0.1788,4.636e-08,4,8.699e-08,7.061,TRUE,"NO"
"LMX1B_479",-0.1784,2.022e-09,4,4.106e-09,8.387,TRUE,"NO"
"LMX1A_499",-0.1784,2.022e-09,4,4.106e-09,8.387,TRUE,"NO"
"RXRG_679",-0.1779,1.769e-09,4,3.626e-09,8.441,TRUE,"NO"
"ELF1_329",0.1774,1.243e-05,3,2.042e-05,4.69,FALSE,"NO"
"HNF1B_428",-0.176,1.866e-08,4,3.603e-08,7.443,TRUE,"NO"
"RFX5_727",-0.175,3.413e-11,4,7.49e-11,10.13,TRUE,"NO"
"BARX2_400",-0.1748,2.543e-08,4,4.845e-08,7.315,TRUE,"NO"
"GLI2_167",-0.1739,1.848e-07,4,3.36e-07,6.474,TRUE,"NO"
"MYBL1_653",-0.1737,1.309e-11,4,2.94e-11,10.53,TRUE,"NO"
"NKX24_457",0.1734,1.623e-09,4,3.342e-09,8.476,TRUE,"NO"
"MYOD1_48",-0.1732,0.0002105,2,0.0003164,3.5,FALSE,"NO"
"NR4A3_668",0.1731,9.368e-08,3,1.725e-07,6.763,FALSE,"NO"
"ZNF76_164",0.1724,2.402e-07,4,4.348e-07,6.362,TRUE,"NO"
"MSC_82",0.1716,8.629e-07,4,1.497e-06,5.825,TRUE,"NO"
"PKNOX2_513",0.1701,2.373e-05,3,3.812e-05,4.419,FALSE,"NO"
"ATF2_114",-0.1692,1.537e-14,2,4.022e-14,13.4,FALSE,"NO"
"POU2F2_609",0.1689,2.708e-07,4,4.893e-07,6.31,TRUE,"NO"
"HOXB6_427",0.1683,2.866e-07,4,5.167e-07,6.287,TRUE,"NO"
"TCF3_21",-0.1682,0.001338,1,0.00189,2.723,FALSE,"NO"
"BHLHE23_45",0.1681,7.149e-08,4,1.325e-07,6.878,TRUE,"NO"
"SOX12_768",0.1674,2.206e-09,3,4.459e-09,8.351,FALSE,"NO"
"NEUROG1_87",0.1673,1.17e-06,4,2.009e-06,5.697,TRUE,"NO"
"POU5F1_621",0.1668,2.237e-09,4,4.511e-09,8.346,TRUE,"NO"
"HEY1_68",-0.1665,1.649e-08,4,3.212e-08,7.493,TRUE,"NO"
"ENSG00000235187_346",-0.1662,8.018e-11,2,1.737e-10,9.76,FALSE,"NO"
"GSC2_402",-0.1643,7.043e-09,4,1.391e-08,7.857,TRUE,"NO"
"MNX1_466",-0.1643,6.933e-08,4,1.29e-07,6.889,TRUE,"NO"
"YY1_173",-0.1642,2.884e-06,3,4.895e-06,5.31,FALSE,"NO"
"SIX2_528",-0.1639,2.815e-08,4,5.353e-08,7.271,TRUE,"NO"
"E2F5_315",0.1637,3.699e-07,3,6.642e-07,6.178,FALSE,"NO"
"HIVEP2_160",-0.1634,4.236e-07,3,7.559e-07,6.122,FALSE,"NO"
"FERD3L_58",0.1634,0.0001764,3,0.000268,3.572,FALSE,"NO"
"HOXD9_462",-0.1631,6.97e-08,4,1.294e-07,6.888,TRUE,"NO"
"LEF1_760",0.1626,4.519e-07,4,8.031e-07,6.095,TRUE,"NO"
"TFAP2E_4",-0.1625,1.873e-08,4,3.609e-08,7.443,TRUE,"NO"
"NKX28_475",0.1622,1.741e-07,4,3.178e-07,6.498,TRUE,"NO"
"ZNF238_260",0.1622,9.259e-06,4,1.533e-05,4.815,TRUE,"NO"
"ZBTB42_261",0.1622,9.259e-06,4,1.533e-05,4.815,TRUE,"NO"
"SIX4_407",-0.1614,3.511e-08,4,6.662e-08,7.176,TRUE,"NO"
"ZNF187_849",-0.1601,7.869e-09,4,1.551e-08,7.809,TRUE,"NO"
"CEBPE_107",-0.16,1.754e-07,4,3.195e-07,6.496,TRUE,"NO"
"HOXA9_405",-0.16,9.053e-09,4,1.78e-08,7.75,TRUE,"NO"
"TAL1_62",0.1599,7.974e-07,4,1.389e-06,5.857,TRUE,"NO"
"TAL2_822",0.1599,7.974e-07,4,1.389e-06,5.857,TRUE,"NO"
"NR2F6_687",-0.1591,7.08e-07,4,1.243e-06,5.906,TRUE,"NO"
"RARG_690",-0.1591,4.184e-07,4,7.481e-07,6.126,TRUE,"NO"
"GCM2_389",-0.1588,4.043e-07,3,7.245e-07,6.14,FALSE,"NO"
"OTX2_515",-0.1586,5.149e-08,4,9.623e-08,7.017,TRUE,"NO"
"NKX62_862",-0.1585,9.011e-08,4,1.663e-07,6.779,TRUE,"NO"
"LBX1_481",-0.158,4.378e-07,4,7.795e-07,6.108,TRUE,"NO"
"SOX5_758",0.1579,1.783e-08,4,3.458e-08,7.461,TRUE,"NO"
"SOX6_868",0.1579,1.783e-08,4,3.458e-08,7.461,TRUE,"NO"
"DMBX1_560",-0.1577,6.332e-09,4,1.256e-08,7.901,TRUE,"NO"
"VTN_430",-0.1575,8.146e-07,4,1.416e-06,5.849,TRUE,"NO"
"NR3C1_666",0.157,9.97e-07,3,1.722e-06,5.764,FALSE,"NO"
"CREB3L1_131",0.1562,1.61e-08,4,3.145e-08,7.502,TRUE,"NO"
"THRA_672",-0.1549,1.54e-06,4,2.63e-06,5.58,TRUE,"NO"
"ZNF350_817",-0.1544,4.651e-07,3,8.248e-07,6.084,FALSE,"NO"
"RXRB_698",-0.1532,3.391e-07,4,6.101e-07,6.215,TRUE,"NO"
"ELF4_323",-0.15,2.869e-09,3,5.745e-09,8.241,FALSE,"NO"
"GATA2_388",0.1487,1.139e-06,4,1.961e-06,5.708,TRUE,"NO"
"OTX1_437",-0.1484,4.498e-08,4,8.498e-08,7.071,TRUE,"NO"
"SPIC_344",0.1481,5.716e-07,4,1.01e-06,5.996,TRUE,"NO"
"ATF4_122",-0.1475,5.305e-07,2,9.389e-07,6.027,FALSE,"NO"
"HIC2_236",-0.1474,4.606e-05,3,7.278e-05,4.138,FALSE,"NO"
"VAX2_439",-0.1473,6.1e-07,4,1.073e-06,5.969,TRUE,"NO"
"VAX1_489",-0.1473,6.1e-07,4,1.073e-06,5.969,TRUE,"NO"
"ZNF274_244",0.1472,4.163e-06,4,7.025e-06,5.153,TRUE,"NO"
"MGA_103",0.1472,0.02096,3,0.02698,1.569,FALSE,"NO"
"HMX2_558",-0.1465,7.741e-07,3,1.356e-06,5.868,FALSE,"NO"
"PPARD_664",-0.1456,1.78e-05,4,2.886e-05,4.54,TRUE,"NO"
"ZNF691_224",-0.1451,2.459e-05,3,3.943e-05,4.404,FALSE,"NO"
"TBX5_781",0.1448,0.001745,4,0.00243,2.614,TRUE,"NO"
"TBX4_784",0.1448,0.001745,4,0.00243,2.614,TRUE,"NO"
"TFCP2_392",0.1445,1.503e-05,4,2.465e-05,4.608,TRUE,"NO"
"IRX5_539",0.1423,1.106e-06,4,1.907e-06,5.72,TRUE,"NO"
"POU3F1_618",-0.1409,1.741e-05,4,2.829e-05,4.548,TRUE,"NO"
"ZNF713_257",0.1408,2.565e-06,4,4.371e-06,5.359,TRUE,"NO"
"PRKRIR_799",-0.1408,1.461e-07,4,2.673e-07,6.573,TRUE,"NO"
"SOX4_754",0.1406,1.199e-06,4,2.055e-06,5.687,TRUE,"NO"
"ELF3_342",-0.1405,4.21e-08,3,7.971e-08,7.098,FALSE,"NO"
"POU3F4_619",-0.1391,3.598e-06,3,6.096e-06,5.215,FALSE,"NO"
"ESX1_455",0.1381,3.66e-06,4,6.187e-06,5.209,TRUE,"NO"
"HOXB9_529",-0.1371,9.35e-07,4,1.619e-06,5.791,TRUE,"NO"
"DLX5_412",-0.1359,9.951e-06,4,1.641e-05,4.785,TRUE,"NO"
"SPIB_336",0.1348,7.943e-06,4,1.32e-05,4.88,TRUE,"NO"
"NR2F2_694",-0.134,0.0002627,3,0.000391,3.408,FALSE,"NO"
"HMBOX1_488",-0.1328,5.869e-06,4,9.79e-06,5.009,TRUE,"NO"
"NKX21_476",0.1325,4.202e-05,4,6.664e-05,4.176,TRUE,"NO"
"MYBL2_647",-0.132,7.777e-07,3,1.36e-06,5.867,FALSE,"NO"
"LHX4_450",-0.1317,6.673e-06,4,1.111e-05,4.954,TRUE,"NO"
"C11orf9_654",0.1317,0.0008489,4,0.001217,2.915,TRUE,"NO"
"ZNF589_225",-0.1303,4.252e-06,4,7.16e-06,5.145,TRUE,"NO"
"MIXL1_553",-0.1299,9.885e-05,4,0.0001531,3.815,TRUE,"NO"
"SCRT2_282",0.1288,0.0004178,4,0.0006123,3.213,TRUE,"NO"
"NEUROD2_73",0.128,7.565e-05,4,0.0001185,3.926,TRUE,"NO"
"TERF2_649",0.1278,6.763e-05,4,0.0001063,3.974,TRUE,"NO"
"ZSCAN10_206",0.1277,2.912e-05,3,4.652e-05,4.332,FALSE,"NO"
"ZKSCAN4_273",-0.1275,1.59e-05,4,2.592e-05,4.586,TRUE,"NO"
"ZKSCAN3_276",-0.1275,1.59e-05,4,2.592e-05,4.586,TRUE,"NO"
"HOXA6_417",-0.1273,4.762e-06,4,8.005e-06,5.097,TRUE,"NO"
"DLX3_403",-0.1271,5.8e-06,4,9.696e-06,5.013,TRUE,"NO"
"DLX2_438",-0.1271,5.8e-06,4,9.696e-06,5.013,TRUE,"NO"
"GFI1B_228",-0.1261,3.714e-05,4,5.91e-05,4.228,TRUE,"NO"
"NOTO_567",0.1254,8.821e-05,4,0.0001374,3.862,TRUE,"NO"
"ATOH1_844",-0.1253,0.0008053,2,0.001157,2.937,FALSE,"NO"
"HOXA2_414",0.1239,9.256e-05,4,0.0001436,3.843,TRUE,"NO"
"BHLHA15_85",0.1239,0.000249,4,0.0003711,3.43,TRUE,"NO"
"CUX1_294",-0.123,3.791e-05,4,6.023e-05,4.22,TRUE,"NO"
"NAIF1_637",0.1227,2.366e-05,4,3.807e-05,4.419,TRUE,"NO"
"POU2F1_614",-0.1224,1.108e-05,3,1.823e-05,4.739,FALSE,"NO"
"EVX2_534",0.1223,0.0001812,4,0.0002748,3.561,TRUE,"NO"
"SIX3_480",0.1221,6.971e-05,4,0.0001094,3.961,TRUE,"NO"
"SOHLH2_819",0.1213,0.0001097,4,0.0001693,3.771,TRUE,"NO"
"C13orf38SOHLH2_823",0.1213,0.0001097,4,0.0001693,3.771,TRUE,"NO"
"ZFHX2_477",-0.1213,9.695e-06,3,1.602e-05,4.795,FALSE,"NO"
"ZFX_158",-0.1206,4.37e-09,4,8.71e-09,8.06,TRUE,"NO"
"FOXL1_369",0.1197,1.583e-05,4,2.591e-05,4.587,TRUE,"NO"
"BARHL1_456",0.1188,0.0002043,3,0.0003082,3.511,FALSE,"NO"
"ZNF683_253",-0.1187,0.001765,3,0.002455,2.61,FALSE,"NO"
"PAX7_605",-0.1186,0.0001849,3,0.0002799,3.553,FALSE,"NO"
"HNF4G_688",-0.1186,0.001341,2,0.001892,2.723,FALSE,"NO"
"NR5A1_677",-0.1176,0.005294,3,0.007034,2.153,FALSE,"NO"
"MYC_55",-0.1163,3.393e-05,4,5.41e-05,4.267,TRUE,"NO"
"NKX26_544",0.1157,2.015e-05,4,3.254e-05,4.488,TRUE,"NO"
"SOX17_764",0.1157,8.4e-05,4,0.0001311,3.883,TRUE,"NO"
"E2F3_313",-0.1149,0.0002889,3,0.0004278,3.369,FALSE,"NO"
"NR2F1_692",0.1148,0.001547,2,0.002171,2.663,FALSE,"NO"
"HINFP_245",0.1147,5.734e-05,3,9.027e-05,4.044,FALSE,"NO"
"SPZ1_810",-0.1146,0.0005625,3,0.000816,3.088,FALSE,"NO"
"OLIG3_79",0.114,0.001641,4,0.002296,2.639,TRUE,"NO"
"TLX2_436",-0.1131,0.0002688,3,0.0003993,3.399,FALSE,"NO"
"ZNF232_233",0.1125,0.0002753,4,0.0004083,3.389,TRUE,"NO"
"KLF8_174",-0.1118,0.0008869,2,0.001268,2.897,FALSE,"NO"
"AHRR_17",-0.1112,0.0001568,3,0.0002395,3.621,FALSE,"NO"
"AHR_28",-0.1112,0.0001568,3,0.0002395,3.621,FALSE,"NO"
"GLI1_186",-0.111,0.005807,4,0.007681,2.115,TRUE,"NO"
"FOXA3_366",0.1102,4.429e-05,3,7.01e-05,4.154,FALSE,"NO"
"HOXD1_460",0.1089,0.0004311,3,0.0006308,3.2,FALSE,"NO"
"XBP1_109",0.1072,0.0001941,3,0.0002933,3.533,FALSE,"NO"
"PRDM4_185",-0.1072,0.0003197,4,0.0004717,3.326,TRUE,"NO"
"ID2_35",-0.1069,0.0001156,3,0.0001777,3.75,FALSE,"NO"
"ID1_47",-0.1069,0.0001156,3,0.0001777,3.75,FALSE,"NO"
"PROX1_712",-0.1063,0.0002218,3,0.0003329,3.478,FALSE,"NO"
"ZNF219_229",-0.1057,8.169e-05,2,0.0001277,3.894,FALSE,"NO"
"OLIG2_100",0.1056,0.002231,4,0.003073,2.512,TRUE,"NO"
"OVOL1_246",0.1055,0.001793,4,0.002489,2.604,TRUE,"NO"
"HOXA3_415",-0.1052,1.661e-05,3,2.703e-05,4.568,FALSE,"NO"
"ATF1_118",-0.1052,2.707e-06,2,4.603e-06,5.337,FALSE,"NO"
"MZF1_171",0.1046,0.003002,3,0.004076,2.39,FALSE,"NO"
"NFIX_738",-0.1041,0.0241,2,0.0308,1.511,FALSE,"NO"
"HOXC11_453",-0.1037,0.000164,4,0.0002495,3.603,TRUE,"NO"
"PAX2_606",0.103,0.0001326,4,0.0002036,3.691,TRUE,"NO"
"HOXC10_548",-0.1026,0.002134,3,0.002958,2.529,FALSE,"NO"
"NANOGP1_835",-0.1024,0.0002444,4,0.0003655,3.437,TRUE,"NO"
"ATF5_136",-0.102,0.0002232,4,0.0003345,3.476,TRUE,"NO"
"SOX9_756",0.1019,0.0006101,4,0.0008837,3.054,TRUE,"NO"
"CENPB_289",-0.1017,9.178e-05,3,0.0001427,3.846,FALSE,"NO"
"HOXD13_465",-0.1015,0.0006521,3,0.0009398,3.027,FALSE,"NO"
"CXXC1_303",0.1005,0.000245,2,0.0003658,3.437,FALSE,"NO"
"VENTX_490",-0.1004,0.0002933,4,0.0004335,3.363,TRUE,"NO"
"DBX2_554",-0.1002,0.0004007,4,0.0005882,3.23,TRUE,"NO"
"FOXI1_365",-0.09997,0.001266,4,0.001798,2.745,TRUE,"NO"
"SIX6_552",-0.09984,0.0001515,3,0.0002322,3.634,FALSE,"NO"
"POU2F3_613",-0.09916,0.0003211,3,0.000473,3.325,FALSE,"NO"
"SOX21_755",0.09883,0.0001637,3,0.0002495,3.603,FALSE,"NO"
"OTP_530",-0.0978,0.0008813,4,0.001262,2.899,TRUE,"NO"
"SOX13_761",0.09695,0.002527,3,0.003459,2.461,FALSE,"NO"
"GMEB1_737",0.09613,0.0004872,3,0.000708,3.15,FALSE,"NO"
"HES7_83",-0.09606,0.001667,4,0.002328,2.633,TRUE,"NO"
"GABPA_338",-0.09577,2.689e-05,2,4.303e-05,4.366,FALSE,"NO"
"GLIS1_250",-0.09564,0.0004535,3,0.0006613,3.18,FALSE,"NO"
"CLOCK_53",-0.09525,0.002146,4,0.002969,2.527,TRUE,"NO"
"NANOG_433",-0.09501,0.00151,3,0.002124,2.673,FALSE,"NO"
"IRX1_526",0.09485,0.0009509,4,0.001352,2.869,TRUE,"NO"
"IRX3_542",0.09485,0.0009509,4,0.001352,2.869,TRUE,"NO"
"MEOX2_421",-0.09446,0.004318,4,0.005764,2.239,TRUE,"NO"
"FOXJ2_350",-0.09399,0.0004587,3,0.0006678,3.175,FALSE,"NO"
"FOXJ3_378",0.09372,0.0006304,3,0.00091,3.041,FALSE,"NO"
"SOX30_747",-0.09351,0.0003403,3,0.0005004,3.301,FALSE,"NO"
"TBX15_782",0.09337,0.003685,3,0.004942,2.306,FALSE,"NO"
"TBX18_869",0.09337,0.003685,3,0.004942,2.306,FALSE,"NO"
"TBX22_870",0.09337,0.003685,3,0.004942,2.306,FALSE,"NO"
"ELF5_334",0.09297,0.04995,2,0.06263,1.203,FALSE,"NO"
"FOXM1_352",-0.09233,0.000768,4,0.001105,2.957,TRUE,"NO"
"PAX5_709",-0.09194,0.002864,3,0.003895,2.41,FALSE,"NO"
"GATA4_386",0.09148,0.003768,3,0.005038,2.298,FALSE,"NO"
"PDX1_482",-0.09147,0.002439,4,0.003343,2.476,TRUE,"NO"
"KLF15_223",0.09119,0.0002089,3,0.0003146,3.502,FALSE,"NO"
"NR4A2_686",0.09071,0.001333,4,0.001887,2.724,TRUE,"NO"
"PRRX1_440",-0.09015,0.000619,4,0.000895,3.048,TRUE,"NO"
"ARID5B_7",0.08944,0.001318,4,0.001869,2.728,TRUE,"NO"
"ISL1_398",0.08927,0.003016,4,0.004088,2.388,TRUE,"NO"
"GLI3_182",0.08888,0.006637,4,0.008752,2.058,TRUE,"NO"
"ENSG00000229544_584",0.08845,0.002366,4,0.003248,2.488,TRUE,"NO"
"ETV2_324",0.08806,0.05653,3,0.07058,1.151,FALSE,"NO"
"TCFL5_25",0.08795,0.01616,2,0.02109,1.676,FALSE,"NO"
"BACH2_113",0.08631,0.0441,2,0.05554,1.255,FALSE,"NO"
"POU5F1B_622",-0.0854,0.001438,3,0.002026,2.693,FALSE,"NO"
"MYB_648",0.08527,0.003566,3,0.004812,2.318,FALSE,"NO"
"ZBTB47_188",-0.08499,0.002536,4,0.00346,2.461,TRUE,"NO"
"ZNF652_278",-0.08499,0.002536,4,0.00346,2.461,TRUE,"NO"
"E2F6_317",0.08492,0.006043,3,0.00798,2.098,FALSE,"NO"
"SOX15_757",0.08441,0.003767,4,0.005038,2.298,TRUE,"NO"
"PAX6_604",0.08427,0.001639,4,0.002296,2.639,TRUE,"NO"
"AIRE_736",-0.08425,0.002754,4,0.003751,2.426,TRUE,"NO"
"RAX_472",0.08409,0.0361,3,0.0456,1.341,FALSE,"NO"
"LHX6_423",0.08398,0.003684,4,0.004942,2.306,TRUE,"NO"
"HOXC9_547",-0.08227,0.0009308,3,0.001328,2.877,FALSE,"NO"
"NKX23_443",-0.08208,0.004964,4,0.006616,2.179,TRUE,"NO"
"PRDM16_211",-0.08141,0.008016,4,0.01055,1.977,TRUE,"NO"
"HOXC5_562",0.08036,0.02925,3,0.03716,1.43,FALSE,"NO"
"HHEX_491",0.07921,0.0119,4,0.01558,1.807,TRUE,"NO"
"EVX1_419",0.07889,0.06615,4,0.082,1.086,TRUE,"NO"
"HES2_19",-0.07872,0.01725,4,0.02237,1.65,TRUE,"NO"
"EN1_500",-0.07822,0.02039,3,0.02633,1.58,FALSE,"NO"
"MYPOP_652",-0.07746,0.002237,4,0.003076,2.512,TRUE,"NO"
"GSX2_546",-0.076,0.003478,4,0.004701,2.328,TRUE,"NO"
"HMX3_557",-0.07563,0.009661,3,0.01268,1.897,FALSE,"NO"
"FEZF1_204",-0.07545,0.002153,3,0.002969,2.527,FALSE,"NO"
"FEZF2_214",-0.07545,0.002153,3,0.002969,2.527,FALSE,"NO"
"HESX1_503",0.07517,0.02039,3,0.02633,1.58,FALSE,"NO"
"CDX4_467",0.07478,0.02063,4,0.0266,1.575,TRUE,"NO"
"HOXA11_395",0.07467,0.01586,3,0.02072,1.684,FALSE,"NO"
"NFIB_741",-0.07439,0.05712,2,0.07121,1.147,FALSE,"NO"
"SREBF1_22",-0.07389,0.02553,2,0.03257,1.487,FALSE,"NO"
"MAZ_178",0.07331,0.0004473,4,0.0006533,3.185,TRUE,"NO"
"PAX8_707",0.07257,0.009619,3,0.01265,1.898,FALSE,"NO"
"SMARCC2_650",0.07096,0.04995,2,0.06263,1.203,FALSE,"NO"
"GATA6_387",-0.07094,0.03342,4,0.04227,1.374,TRUE,"NO"
"LBX2_543",0.07044,0.01624,4,0.02116,1.675,TRUE,"NO"
"HOXD10_463",-0.06869,0.005306,4,0.00704,2.152,TRUE,"NO"
"THAP1_798",0.06848,0.02231,2,0.02864,1.543,FALSE,"NO"
"EMX1_474",-0.06837,0.01652,4,0.02146,1.668,TRUE,"NO"
"SPDEF_330",0.06796,0.07549,2,0.09265,1.033,FALSE,"NO"
"ZNF333_217",0.06769,0.01925,3,0.02493,1.603,FALSE,"NO"
"NKX32_432",0.06751,0.02246,3,0.02875,1.541,FALSE,"NO"
"YY2_284",0.06749,0.1764,2,0.2075,0.6831,FALSE,"NO"
"SMAD3_743",0.06646,0.03205,4,0.0406,1.391,TRUE,"NO"
"OSR1_212",0.06596,0.02236,2,0.02865,1.543,FALSE,"NO"
"THRB_684",-0.06522,0.02581,3,0.03289,1.483,FALSE,"NO"
"ISL2_496",-0.06409,0.02113,4,0.02716,1.566,TRUE,"NO"
"PPARG_676",-0.06345,0.1499,2,0.1781,0.7492,FALSE,"NO"
"RFX1_726",-0.0629,0.02693,2,0.03426,1.465,FALSE,"NO"
"PGR_660",0.06264,0.05894,3,0.07338,1.134,FALSE,"NO"
"ARID2_11",-0.06251,0.01652,3,0.02146,1.668,FALSE,"NO"
"PURA_813",-0.062,0.005134,2,0.006832,2.165,FALSE,"NO"
"KDM2B_299",-0.06174,0.01086,3,0.01424,1.847,FALSE,"NO"
"HOXC8_399",-0.05998,0.06839,2,0.08453,1.073,FALSE,"NO"
"EHF_333",-0.05846,0.003052,2,0.004132,2.384,FALSE,"NO"
"TFAP2A_5",-0.05823,0.00555,3,0.007351,2.134,FALSE,"NO"
"DMRTA2_306",0.05776,0.05178,4,0.06483,1.188,TRUE,"NO"
"SMAD2_745",0.05714,0.0703,3,0.08665,1.062,FALSE,"NO"
"HOXB2_532",-0.05492,0.0944,3,0.1149,0.9397,FALSE,"NO"
"HOXB4_549",0.05487,0.0762,2,0.0934,1.03,FALSE,"NO"
"ZNF410_193",-0.05442,0.04298,3,0.05421,1.266,FALSE,"NO"
"NR2C1_670",-0.05431,0.1619,2,0.1916,0.7177,FALSE,"NO"
"SOX3_759",-0.05281,0.05992,3,0.07439,1.128,FALSE,"NO"
"DMRTC2_852",-0.05279,0.07148,4,0.08798,1.056,TRUE,"NO"
"CEBPA_155",0.05246,0.1592,2,0.189,0.7236,FALSE,"NO"
"HOXB1_448",-0.05245,0.1796,2,0.2109,0.6759,FALSE,"NO"
"HOXB13_494",-0.05124,0.04777,3,0.06008,1.221,FALSE,"NO"
"TLX1_425",0.05061,0.2029,3,0.2332,0.6322,FALSE,"NO"
"TLX3_505",0.05061,0.2029,3,0.2332,0.6322,FALSE,"NO"
"PAX4_607",-0.0505,0.03041,3,0.03858,1.414,FALSE,"NO"
"DLX4_429",-0.05023,0.09001,3,0.1097,0.9598,FALSE,"NO"
"SRY_771",-0.04964,0.1092,2,0.1313,0.8817,FALSE,"NO"
"AR_689",0.04716,0.1604,3,0.1902,0.7208,FALSE,"NO"
"HOXA1_413",-0.0468,0.05524,2,0.06908,1.161,FALSE,"NO"
"POU6F2_612",0.04666,0.1884,3,0.2191,0.6593,FALSE,"NO"
"FOXQ1_363",0.04661,0.1011,3,0.1229,0.9105,FALSE,"NO"
"SIM1_31",0.04627,0.1878,3,0.2188,0.66,FALSE,"NO"
"NPAS1_49",0.04627,0.1878,3,0.2188,0.66,FALSE,"NO"
"NPAS3_59",0.04627,0.1878,3,0.2188,0.66,FALSE,"NO"
"SIM2_61",0.04627,0.1878,3,0.2188,0.66,FALSE,"NO"
"ENSG00000250811_102",0.04627,0.1878,3,0.2188,0.66,FALSE,"NO"
"ALX3_493",0.04625,0.2568,3,0.2921,0.5344,FALSE,"NO"
"SHOX2_521",0.04569,0.2577,2,0.2927,0.5335,FALSE,"NO"
"TP53_706",-0.0454,0.1264,4,0.1511,0.8207,TRUE,"NO"
"NPAS4_77",0.04521,0.2407,2,0.2748,0.561,FALSE,"NO"
"CGBP_298",-0.04506,0.1701,4,0.2003,0.6983,TRUE,"NO"
"GSX1_522",-0.04497,0.06705,3,0.083,1.081,FALSE,"NO"
"AC0125311_531",0.04496,0.3472,2,0.3904,0.4085,FALSE,"NO"
"HOXA4_863",0.04496,0.3472,2,0.3904,0.4085,FALSE,"NO"
"GBX1_508",0.04495,0.1886,2,0.2191,0.6593,FALSE,"NO"
"NFE2L2_115",0.04452,0.1622,3,0.1916,0.7177,FALSE,"NO"
"GRHL1_391",-0.04362,0.06861,3,0.08469,1.072,FALSE,"NO"
"NKX25_550",0.04238,0.07493,3,0.0921,1.036,FALSE,"NO"
"NKX63_509",0.04219,0.4609,2,0.5085,0.2937,FALSE,"NO"
"EMX2_525",-0.04188,0.08206,3,0.1003,0.9987,FALSE,"NO"
"SOX10_751",0.04178,0.2919,2,0.3303,0.4811,FALSE,"NO"
"BBX_753",-0.04175,0.08702,2,0.1062,0.9738,FALSE,"NO"
"ZBED1_816",-0.04124,0.1046,3,0.1261,0.8994,FALSE,"NO"
"FOXF1_351",0.04119,0.1355,3,0.1615,0.7918,FALSE,"NO"
"LHX9_485",-0.04045,0.1019,3,0.123,0.9101,FALSE,"NO"
"PRRX2_519",-0.04045,0.1019,3,0.123,0.9101,FALSE,"NO"
"RAX2_533",-0.04045,0.1019,3,0.123,0.9101,FALSE,"NO"
"ISX_536",-0.04045,0.1019,3,0.123,0.9101,FALSE,"NO"
"SHOX_556",-0.04045,0.1019,3,0.123,0.9101,FALSE,"NO"
"TFCP2L1_858",0.04032,0.2638,1,0.2992,0.524,FALSE,"NO"
"GFI1_220",-0.03978,0.1474,3,0.1754,0.7559,FALSE,"NO"
"GBX2_520",-0.03917,0.1628,3,0.192,0.7167,FALSE,"NO"
"SOX11_767",-0.03913,0.1332,1,0.159,0.7987,FALSE,"NO"
"EP300_804",0.03894,0.207,2,0.2373,0.6248,FALSE,"NO"
"VDR_663",0.03818,0.5449,3,0.5926,0.2272,FALSE,"NO"
"FOXD3_377",-0.03689,0.1621,4,0.1916,0.7177,TRUE,"NO"
"MSX2_449",-0.0367,0.1174,2,0.1405,0.8522,FALSE,"NO"
"BSX_559",-0.0367,0.1174,2,0.1405,0.8522,FALSE,"NO"
"SREBF2_99",0.0366,0.4644,3,0.5108,0.2917,FALSE,"NO"
"NR3C2_685",0.03657,0.278,3,0.315,0.5017,FALSE,"NO"
"DMRT1_305",0.03542,0.2486,4,0.2831,0.548,TRUE,"NO"
"BARHL2_484",-0.0348,0.2059,3,0.2363,0.6265,FALSE,"NO"
"GCM1_390",-0.03431,0.3595,3,0.4031,0.3946,FALSE,"NO"
"ZBTB12_280",-0.03374,0.191,3,0.2204,0.6567,FALSE,"NO"
"AL8448538_281",-0.03374,0.191,3,0.2204,0.6567,FALSE,"NO"
"CR7597843_285",-0.03374,0.191,3,0.2204,0.6567,FALSE,"NO"
"CR3882194_286",-0.03374,0.191,3,0.2204,0.6567,FALSE,"NO"
"AL66283413_287",-0.03374,0.191,3,0.2204,0.6567,FALSE,"NO"
"HNF4A_662",-0.03372,0.3429,2,0.3864,0.4129,FALSE,"NO"
"SOX8_746",-0.03273,0.1871,3,0.2188,0.66,FALSE,"NO"
"VSX2_442",-0.03158,0.1077,3,0.1297,0.8872,FALSE,"NO"
"FOXB1_367",0.03152,0.3158,1,0.3568,0.4475,FALSE,"NO"
"LHX2_422",-0.03148,0.1924,3,0.2218,0.6541,FALSE,"NO"
"POU3F2_617",-0.03125,0.1146,2,0.1376,0.8613,FALSE,"NO"
"TFAP2B_1",0.03101,0.7364,3,0.7852,0.105,FALSE,"NO"
"NKX22_458",0.03047,0.2362,3,0.2701,0.5685,FALSE,"NO"
"VSX1_408",0.03026,0.4633,2,0.5103,0.2922,FALSE,"NO"
"ZHX1_510",-0.02756,0.08112,2,0.09928,1.003,FALSE,"NO"
"DLX1_487",0.02723,0.4276,3,0.4746,0.3237,FALSE,"NO"
"BPTF_812",-0.02719,0.248,2,0.2828,0.5486,FALSE,"NO"
"TET1_302",0.02686,0.4611,3,0.5085,0.2937,FALSE,"NO"
"PAX3_608",0.02678,0.5257,2,0.5739,0.2411,FALSE,"NO"
"NR1H3_656",0.02666,0.5391,2,0.5871,0.2313,FALSE,"NO"
"NR1H2_674",0.02666,0.5391,2,0.5871,0.2313,FALSE,"NO"
"NR1H4_655",-0.0266,0.5727,2,0.6182,0.2089,FALSE,"NO"
"MSX1_501",-0.02622,0.3754,2,0.4199,0.3768,FALSE,"NO"
"GATA3_384",0.02603,0.3981,3,0.443,0.3536,FALSE,"NO"
"TBX2_783",-0.02576,0.3973,2,0.4426,0.354,FALSE,"NO"
"MECOM_169",-0.02537,0.4057,3,0.4508,0.346,FALSE,"NO"
"SOX18_772",0.02482,0.5579,3,0.6045,0.2186,FALSE,"NO"
"MBD2_644",0.02449,0.4753,2,0.5222,0.2822,FALSE,"NO"
"TBX3_785",-0.02443,0.3631,3,0.4066,0.3909,FALSE,"NO"
"SMAD4_739",0.02442,0.2294,3,0.2626,0.5806,FALSE,"NO"
"NR1D1_673",-0.02433,0.4561,4,0.5042,0.2974,TRUE,"NO"
"DUXA_564",0.02213,0.3907,2,0.4364,0.3601,FALSE,"NO"
"TBX20_790",0.02148,0.7269,3,0.776,0.1101,FALSE,"NO"
"FOXO6_379",-0.02028,0.5603,2,0.6063,0.2173,FALSE,"NO"
"MEOX1_396",0.01982,0.7065,2,0.758,0.1203,FALSE,"NO"
"RORC_681",-0.01977,0.7734,4,0.8196,0.08641,TRUE,"NO"
"EN2_506",-0.01931,0.3966,3,0.4424,0.3542,FALSE,"NO"
"NKX11_597",0.01922,0.3256,2,0.3675,0.4348,FALSE,"NO"
"ELK4_341",-0.01888,0.05928,2,0.0737,1.133,FALSE,"NO"
"ATF6_116",0.0182,0.7858,2,0.8318,0.08,FALSE,"NO"
"NOBOX_420",0.01801,0.5152,3,0.5632,0.2493,FALSE,"NO"
"ZNF75A_219",0.01753,0.482,2,0.5276,0.2777,FALSE,"NO"
"ZNF75D_272",0.01753,0.482,2,0.5276,0.2777,FALSE,"NO"
"ZNF75C_851",0.01753,0.482,2,0.5276,0.2777,FALSE,"NO"
"POU1F1_610",-0.01725,0.7403,3,0.7884,0.1032,FALSE,"NO"
"PPARA_696",0.01664,0.4525,3,0.5009,0.3002,FALSE,"NO"
"HOXB7_446",-0.01637,0.6035,1,0.6506,0.1867,FALSE,"NO"
"ZBTB49_235",0.01615,0.5642,3,0.6098,0.2148,FALSE,"NO"
"NR1I2_682",0.0161,0.7576,3,0.8048,0.0943,FALSE,"NO"
"NFIA_742",-0.01428,0.7097,2,0.7605,0.1189,FALSE,"NO"
"HOXA7_451",-0.0136,0.3514,2,0.3945,0.404,FALSE,"NO"
"CDX1_435",-0.01296,0.5507,2,0.5974,0.2237,FALSE,"NO"
"HOXB3_447",0.01145,0.6164,2,0.6629,0.1785,FALSE,"NO"
"NR1I3_680",-0.01108,0.9953,2,0.9953,0.002051,FALSE,"NO"
"T_789",0.01087,0.9305,4,0.9649,0.01552,TRUE,"NO"
"GMEB2_735",0.01087,0.8821,2,0.9202,0.0361,FALSE,"NO"
"E2F1_312",0.01059,0.968,3,0.9908,0.003995,FALSE,"NO"
"NR4A1_671",-0.0104,0.7015,2,0.7535,0.1229,FALSE,"NO"
"ESR2_678",0.009558,0.5502,2,0.5974,0.2237,FALSE,"NO"
"SOX7_766",-0.009531,0.7663,2,0.8131,0.08986,FALSE,"NO"
"TCF15_46",-0.008545,0.9049,1,0.9395,0.0271,FALSE,"NO"
"SCXB_93",-0.008545,0.9049,1,0.9395,0.0271,FALSE,"NO"
"SCXA_96",-0.008545,0.9049,1,0.9395,0.0271,FALSE,"NO"
"SOX2_769",0.008259,0.712,2,0.7613,0.1184,FALSE,"NO"
"PBX2_563",0.007639,0.8468,2,0.8856,0.05278,FALSE,"NO"
"AL8454643_566",0.007639,0.8468,2,0.8856,0.05278,FALSE,"NO"
"BX2846861_573",0.007639,0.8468,2,0.8856,0.05278,FALSE,"NO"
"CR8124782_575",0.007639,0.8468,2,0.8856,0.05278,FALSE,"NO"
"BX9272396_589",0.007639,0.8468,2,0.8856,0.05278,FALSE,"NO"
"CR9338788_599",0.007639,0.8468,2,0.8856,0.05278,FALSE,"NO"
"AL6628305_600",0.007639,0.8468,2,0.8856,0.05278,FALSE,"NO"
"FOXI2_375",-0.006317,0.6066,1,0.6532,0.185,FALSE,"NO"
"ENSG00000215754_570",-0.005871,0.9886,3,0.9908,0.003995,FALSE,"NO"
"ENSG00000217642_571",-0.005871,0.9886,3,0.9908,0.003995,FALSE,"NO"
"ENSG00000224558_572",-0.005871,0.9886,3,0.9908,0.003995,FALSE,"NO"
"ENSG00000225958_574",-0.005871,0.9886,3,0.9908,0.003995,FALSE,"NO"
"ENSG00000226866_576",-0.005871,0.9886,3,0.9908,0.003995,FALSE,"NO"
"DUX4L5_578",-0.005871,0.9886,3,0.9908,0.003995,FALSE,"NO"
"ENSG00000227522_579",-0.005871,0.9886,3,0.9908,0.003995,FALSE,"NO"
"DUX4L2_580",-0.005871,0.9886,3,0.9908,0.003995,FALSE,"NO"
"DUX4L3_581",-0.005871,0.9886,3,0.9908,0.003995,FALSE,"NO"
"DUX4L6_582",-0.005871,0.9886,3,0.9908,0.003995,FALSE,"NO"
"ENSG00000228710_583",-0.005871,0.9886,3,0.9908,0.003995,FALSE,"NO"
"CT4768282_585",-0.005871,0.9886,3,0.9908,0.003995,FALSE,"NO"
"ENSG00000230380_586",-0.005871,0.9886,3,0.9908,0.003995,FALSE,"NO"
"ENSG00000230776_587",-0.005871,0.9886,3,0.9908,0.003995,FALSE,"NO"
"AL5921702_588",-0.005871,0.9886,3,0.9908,0.003995,FALSE,"NO"
"ENSG00000232923_590",-0.005871,0.9886,3,0.9908,0.003995,FALSE,"NO"
"ENSG00000233294_591",-0.005871,0.9886,3,0.9908,0.003995,FALSE,"NO"
"ENSG00000233361_592",-0.005871,0.9886,3,0.9908,0.003995,FALSE,"NO"
"ENSG00000233698_593",-0.005871,0.9886,3,0.9908,0.003995,FALSE,"NO"
"ENSG00000233794_594",-0.005871,0.9886,3,0.9908,0.003995,FALSE,"NO"
"ENSG00000234550_596",-0.005871,0.9886,3,0.9908,0.003995,FALSE,"NO"
"ENSG00000236207_598",-0.005871,0.9886,3,0.9908,0.003995,FALSE,"NO"
"ENSG00000237516_601",-0.005871,0.9886,3,0.9908,0.003995,FALSE,"NO"
"ENSG00000250589_602",-0.005871,0.9886,3,0.9908,0.003995,FALSE,"NO"
"DUX4_603",-0.005871,0.9886,3,0.9908,0.003995,FALSE,"NO"
"DUX1_859",-0.005871,0.9886,3,0.9908,0.003995,FALSE,"NO"
"DUX3_860",-0.005871,0.9886,3,0.9908,0.003995,FALSE,"NO"
"PATZ1_172",-0.00506,0.7123,3,0.7613,0.1184,FALSE,"NO"
"IRF5_631",-0.004962,0.8424,3,0.8856,0.05278,FALSE,"NO"
"HOXD3_461",0.004713,0.8324,2,0.8789,0.05604,FALSE,"NO"
"SCRT1_242",0.004418,0.7419,3,0.7891,0.1028,FALSE,"NO"
"CDC5L_646",-0.003993,0.8153,2,0.862,0.06451,FALSE,"NO"
"ZFHX3_483",0.00303,0.8516,1,0.8895,0.05084,FALSE,"NO"
"DMRT3_304",-0.002529,0.8871,2,0.9243,0.03417,FALSE,"NO"
"GATA5_385",-0.00169,0.9424,3,0.9761,0.0105,FALSE,"NO"
"PTF1A_70",-0.001244,0.994,3,0.9951,0.00213,FALSE,"NO"
"ETV6_335",-0.0001382,0.4335,2,0.4805,0.3183,FALSE,"NO"
